repo_full_name,file_path,commit_type,commit_date,commit_sha
ketansomani47/Misc_code,,repo,2024-12-03 12:03:07+00:00,
ketansomani47/Misc_code,docker_prac/nagp-files/flask-autoscaling.yaml,hpa_file,2024-12-03 12:03:07+00:00,
MysticWave/tmp-directory-app,,repo,2025-11-17 10:33:01+00:00,
MysticWave/tmp-directory-app,,repo,2025-11-14 11:24:48+00:00,
MysticWave/tmp-directory-app,,repo,2025-11-14 10:51:26+00:00,
MysticWave/tmp-directory-app,,repo,2025-11-14 10:35:40+00:00,
MysticWave/tmp-directory-app,,repo,2025-11-07 14:44:48+00:00,
MysticWave/tmp-directory-app,,repo,2025-11-07 14:44:16+00:00,
MysticWave/tmp-directory-app,,repo,2025-11-06 10:41:43+00:00,
MysticWave/tmp-directory-app,,repo,2025-11-06 10:34:56+00:00,
MysticWave/tmp-directory-app,,repo,2025-11-05 14:39:16+00:00,
MysticWave/tmp-directory-app,,repo,2025-11-05 14:21:53+00:00,
MysticWave/tmp-directory-app,,repo,2025-11-05 14:16:12+00:00,
MysticWave/tmp-directory-app,,repo,2025-11-05 14:14:55+00:00,
MysticWave/tmp-directory-app,,repo,2025-11-05 11:37:43+00:00,
MysticWave/tmp-directory-app,,repo,2025-11-04 14:54:34+00:00,
MysticWave/tmp-directory-app,,repo,2025-11-03 10:20:27+00:00,
MysticWave/tmp-directory-app,,repo,2025-10-30 14:05:14+00:00,
MysticWave/tmp-directory-app,,repo,2025-10-30 14:03:13+00:00,
MysticWave/tmp-directory-app,,repo,2025-10-17 13:36:42+00:00,
MysticWave/tmp-directory-app,,repo,2025-10-17 13:36:25+00:00,
MysticWave/tmp-directory-app,,repo,2025-10-17 13:31:27+00:00,
MysticWave/tmp-directory-app,,repo,2025-10-17 08:52:44+00:00,
MysticWave/tmp-directory-app,,repo,2025-10-17 08:49:38+00:00,
MysticWave/tmp-directory-app,,repo,2025-10-16 12:38:32+00:00,
MysticWave/tmp-directory-app,,repo,2025-10-16 09:04:41+00:00,
MysticWave/tmp-directory-app,,repo,2025-10-16 09:04:17+00:00,
MysticWave/tmp-directory-app,,repo,2025-10-16 08:27:20+00:00,
MysticWave/tmp-directory-app,,repo,2025-10-16 08:04:55+00:00,
MysticWave/tmp-directory-app,.kubernetes/horizontal-pod-autoscaler.yml,hpa_file,2025-10-16 08:04:55+00:00,
christiaan78/cloudlab,,repo,2026-04-12 07:59:15+00:00,
christiaan78/cloudlab,,repo,2026-04-12 07:56:48+00:00,
christiaan78/cloudlab,,repo,2026-04-12 07:54:30+00:00,
christiaan78/cloudlab,,repo,2026-04-12 07:51:05+00:00,
christiaan78/cloudlab,,repo,2026-03-26 12:07:55+00:00,
christiaan78/cloudlab,,repo,2026-03-16 11:45:32+00:00,
christiaan78/cloudlab,,repo,2026-03-16 11:41:34+00:00,
christiaan78/cloudlab,,repo,2026-03-16 11:34:58+00:00,
christiaan78/cloudlab,,repo,2026-03-16 11:18:41+00:00,
christiaan78/cloudlab,,repo,2026-03-16 11:14:16+00:00,
christiaan78/cloudlab,,repo,2026-03-16 11:12:31+00:00,
christiaan78/cloudlab,,repo,2026-03-16 10:58:04+00:00,
christiaan78/cloudlab,,repo,2026-03-16 10:46:31+00:00,
christiaan78/cloudlab,,repo,2026-03-16 10:40:16+00:00,
christiaan78/cloudlab,,repo,2026-03-16 10:13:31+00:00,
christiaan78/cloudlab,,repo,2026-03-16 10:10:14+00:00,
christiaan78/cloudlab,,repo,2026-03-16 08:55:51+00:00,
christiaan78/cloudlab,,repo,2026-03-15 19:54:25+00:00,
christiaan78/cloudlab,,repo,2026-03-15 19:46:58+00:00,
christiaan78/cloudlab,,repo,2026-03-15 19:43:17+00:00,
christiaan78/cloudlab,,repo,2026-03-15 19:42:12+00:00,
christiaan78/cloudlab,,repo,2026-03-15 19:40:46+00:00,
christiaan78/cloudlab,,repo,2026-03-15 19:33:58+00:00,
christiaan78/cloudlab,,repo,2026-03-15 19:25:28+00:00,
christiaan78/cloudlab,,repo,2026-03-15 19:18:12+00:00,
christiaan78/cloudlab,,repo,2026-03-15 19:15:07+00:00,
christiaan78/cloudlab,,repo,2026-03-15 19:12:56+00:00,
christiaan78/cloudlab,,repo,2026-03-15 19:09:48+00:00,
christiaan78/cloudlab,,repo,2026-03-15 19:07:57+00:00,
christiaan78/cloudlab,,repo,2026-03-15 18:54:01+00:00,
christiaan78/cloudlab,,repo,2026-03-15 18:51:06+00:00,
christiaan78/cloudlab,,repo,2026-03-15 18:48:03+00:00,
christiaan78/cloudlab,,repo,2026-03-15 18:45:48+00:00,
christiaan78/cloudlab,,repo,2026-03-15 18:42:58+00:00,
christiaan78/cloudlab,,repo,2026-03-15 18:38:42+00:00,
christiaan78/cloudlab,,repo,2026-03-15 18:37:09+00:00,
christiaan78/cloudlab,,repo,2026-03-15 18:35:40+00:00,
christiaan78/cloudlab,,repo,2026-03-15 18:32:18+00:00,
christiaan78/cloudlab,,repo,2026-03-15 18:28:56+00:00,
christiaan78/cloudlab,,repo,2026-03-15 14:13:15+00:00,
christiaan78/cloudlab,,repo,2026-03-15 14:02:21+00:00,
christiaan78/cloudlab,,repo,2026-03-15 14:01:44+00:00,
christiaan78/cloudlab,,repo,2026-03-15 13:48:08+00:00,
christiaan78/cloudlab,,repo,2026-03-15 13:39:40+00:00,
christiaan78/cloudlab,,repo,2026-03-15 13:34:08+00:00,
christiaan78/cloudlab,,repo,2026-03-15 13:32:47+00:00,
christiaan78/cloudlab,,repo,2026-03-15 13:16:52+00:00,
christiaan78/cloudlab,,repo,2026-03-15 13:12:35+00:00,
christiaan78/cloudlab,,repo,2026-03-15 13:10:06+00:00,
christiaan78/cloudlab,,repo,2026-03-14 20:04:45+00:00,
christiaan78/cloudlab,,repo,2026-03-06 18:35:35+00:00,
christiaan78/cloudlab,,repo,2026-03-03 13:54:52+00:00,
christiaan78/cloudlab,,repo,2026-03-03 13:51:44+00:00,
christiaan78/cloudlab,,repo,2026-03-03 13:49:52+00:00,
christiaan78/cloudlab,,repo,2026-03-03 13:43:54+00:00,
christiaan78/cloudlab,,repo,2026-02-21 10:14:40+00:00,
christiaan78/cloudlab,,repo,2026-02-01 14:17:49+00:00,
christiaan78/cloudlab,,repo,2026-02-01 14:14:55+00:00,
christiaan78/cloudlab,,repo,2026-02-01 14:06:48+00:00,
christiaan78/cloudlab,,repo,2026-02-01 13:57:13+00:00,
christiaan78/cloudlab,,repo,2026-02-01 13:16:48+00:00,
christiaan78/cloudlab,,repo,2026-02-01 12:41:40+00:00,
christiaan78/cloudlab,,repo,2026-01-31 08:57:31+00:00,
christiaan78/cloudlab,,repo,2026-01-31 08:38:45+00:00,
christiaan78/cloudlab,,repo,2026-01-31 08:36:43+00:00,
christiaan78/cloudlab,,repo,2026-01-30 15:58:27+00:00,
christiaan78/cloudlab,,repo,2026-01-30 15:54:26+00:00,
christiaan78/cloudlab,,repo,2026-01-30 15:53:43+00:00,
christiaan78/cloudlab,,repo,2026-01-30 15:32:44+00:00,
christiaan78/cloudlab,,repo,2026-01-30 14:48:33+00:00,
christiaan78/cloudlab,,repo,2026-01-29 06:51:39+00:00,
christiaan78/cloudlab,,repo,2026-01-29 06:41:46+00:00,
christiaan78/cloudlab,,repo,2026-01-29 06:33:26+00:00,
christiaan78/cloudlab,,repo,2026-01-29 06:28:25+00:00,
christiaan78/cloudlab,,repo,2026-01-29 06:14:08+00:00,
christiaan78/cloudlab,,repo,2026-01-29 06:12:15+00:00,
christiaan78/cloudlab,,repo,2026-01-29 05:55:48+00:00,
christiaan78/cloudlab,,repo,2026-01-27 18:55:25+00:00,
christiaan78/cloudlab,,repo,2026-01-27 18:44:55+00:00,
christiaan78/cloudlab,,repo,2026-01-27 18:27:43+00:00,
christiaan78/cloudlab,,repo,2026-01-26 19:57:40+00:00,
christiaan78/cloudlab,,repo,2026-01-26 19:50:58+00:00,
christiaan78/cloudlab,,repo,2026-01-26 19:43:32+00:00,
christiaan78/cloudlab,,repo,2026-01-26 19:35:11+00:00,
christiaan78/cloudlab,,repo,2026-01-26 19:25:15+00:00,
christiaan78/cloudlab,,repo,2026-01-26 19:23:05+00:00,
christiaan78/cloudlab,,repo,2026-01-26 19:19:09+00:00,
christiaan78/cloudlab,,repo,2026-01-26 19:11:43+00:00,
christiaan78/cloudlab,,repo,2026-01-26 18:38:52+00:00,
christiaan78/cloudlab,,repo,2026-01-26 18:38:29+00:00,
christiaan78/cloudlab,,repo,2026-01-26 18:33:05+00:00,
christiaan78/cloudlab,,repo,2026-01-26 18:27:45+00:00,
christiaan78/cloudlab,,repo,2026-01-26 07:27:35+00:00,
christiaan78/cloudlab,,repo,2026-01-26 07:26:01+00:00,
christiaan78/cloudlab,,repo,2026-01-25 18:48:50+00:00,
christiaan78/cloudlab,,repo,2026-01-25 17:53:16+00:00,
christiaan78/cloudlab,,repo,2026-01-25 13:23:54+00:00,
christiaan78/cloudlab,,repo,2026-01-25 11:05:51+00:00,
christiaan78/cloudlab,,repo,2026-01-24 15:21:10+00:00,
christiaan78/cloudlab,,repo,2026-01-24 15:17:14+00:00,
christiaan78/cloudlab,,repo,2026-01-24 15:07:09+00:00,
christiaan78/cloudlab,,repo,2026-01-24 14:43:55+00:00,
christiaan78/cloudlab,,repo,2026-01-24 14:38:21+00:00,
christiaan78/cloudlab,,repo,2026-01-21 07:07:16+00:00,
christiaan78/cloudlab,,repo,2026-01-20 12:50:28+00:00,
christiaan78/cloudlab,,repo,2026-01-20 12:44:21+00:00,
christiaan78/cloudlab,,repo,2026-01-20 12:40:21+00:00,
christiaan78/cloudlab,,repo,2026-01-20 12:39:21+00:00,
christiaan78/cloudlab,,repo,2026-01-20 12:36:54+00:00,
christiaan78/cloudlab,,repo,2026-01-20 12:36:22+00:00,
christiaan78/cloudlab,,repo,2026-01-20 09:29:48+00:00,
christiaan78/cloudlab,,repo,2026-01-20 06:51:48+00:00,
christiaan78/cloudlab,,repo,2026-01-19 18:53:13+00:00,
christiaan78/cloudlab,,repo,2026-01-19 18:50:32+00:00,
christiaan78/cloudlab,,repo,2026-01-19 18:19:15+00:00,
christiaan78/cloudlab,,repo,2026-01-19 17:44:18+00:00,
christiaan78/cloudlab,,repo,2026-01-19 17:37:56+00:00,
christiaan78/cloudlab,,repo,2026-01-19 17:25:37+00:00,
christiaan78/cloudlab,,repo,2026-01-19 17:20:55+00:00,
christiaan78/cloudlab,,repo,2026-01-19 16:23:24+00:00,
christiaan78/cloudlab,,repo,2026-01-19 16:15:25+00:00,
christiaan78/cloudlab,,repo,2026-01-19 16:01:58+00:00,
christiaan78/cloudlab,,repo,2026-01-19 15:51:22+00:00,
christiaan78/cloudlab,,repo,2026-01-19 15:33:30+00:00,
christiaan78/cloudlab,,repo,2026-01-19 14:44:30+00:00,
christiaan78/cloudlab,,repo,2026-01-19 14:23:15+00:00,
christiaan78/cloudlab,,repo,2026-01-19 14:05:09+00:00,
christiaan78/cloudlab,,repo,2026-01-19 13:51:02+00:00,
christiaan78/cloudlab,,repo,2026-01-19 13:30:18+00:00,
christiaan78/cloudlab,,repo,2026-01-18 18:56:01+00:00,
christiaan78/cloudlab,,repo,2026-01-18 18:27:33+00:00,
christiaan78/cloudlab,,repo,2026-01-18 16:37:09+00:00,
christiaan78/cloudlab,,repo,2026-01-18 16:12:27+00:00,
christiaan78/cloudlab,,repo,2026-01-18 15:52:32+00:00,
christiaan78/cloudlab,,repo,2026-01-18 14:35:10+00:00,
christiaan78/cloudlab,,repo,2026-01-18 14:29:28+00:00,
christiaan78/cloudlab,,repo,2026-01-18 11:22:03+00:00,
christiaan78/cloudlab,,repo,2026-01-18 11:17:59+00:00,
christiaan78/cloudlab,,repo,2026-01-17 17:03:34+00:00,
christiaan78/cloudlab,,repo,2026-01-17 17:01:10+00:00,
christiaan78/cloudlab,,repo,2026-01-17 16:59:57+00:00,
christiaan78/cloudlab,,repo,2026-01-17 16:53:34+00:00,
christiaan78/cloudlab,,repo,2026-01-17 16:51:53+00:00,
christiaan78/cloudlab,,repo,2026-01-17 16:48:06+00:00,
christiaan78/cloudlab,,repo,2026-01-17 16:43:06+00:00,
christiaan78/cloudlab,,repo,2026-01-12 19:20:10+00:00,
christiaan78/cloudlab,,repo,2026-01-12 19:13:35+00:00,
christiaan78/cloudlab,,repo,2026-01-12 19:01:27+00:00,
christiaan78/cloudlab,,repo,2026-01-12 18:48:14+00:00,
christiaan78/cloudlab,,repo,2026-01-11 19:09:54+00:00,
christiaan78/cloudlab,,repo,2026-01-11 19:09:28+00:00,
christiaan78/cloudlab,,repo,2026-01-11 18:23:28+00:00,
christiaan78/cloudlab,,repo,2026-01-11 18:19:49+00:00,
christiaan78/cloudlab,,repo,2026-01-11 18:12:31+00:00,
christiaan78/cloudlab,,repo,2026-01-11 18:11:21+00:00,
christiaan78/cloudlab,,repo,2026-01-11 18:00:35+00:00,
christiaan78/cloudlab,,repo,2026-01-11 17:21:16+00:00,
christiaan78/cloudlab,,repo,2026-01-11 17:11:08+00:00,
christiaan78/cloudlab,,repo,2026-01-11 16:31:05+00:00,
christiaan78/cloudlab,,repo,2026-01-11 16:09:52+00:00,
christiaan78/cloudlab,,repo,2026-01-11 12:36:30+00:00,
christiaan78/cloudlab,,repo,2026-01-11 11:24:45+00:00,
christiaan78/cloudlab,,repo,2026-01-11 11:21:29+00:00,
christiaan78/cloudlab,,repo,2026-01-11 10:56:41+00:00,
christiaan78/cloudlab,,repo,2026-01-11 10:50:50+00:00,
christiaan78/cloudlab,,repo,2026-01-11 10:31:56+00:00,
christiaan78/cloudlab,,repo,2026-01-11 10:24:05+00:00,
christiaan78/cloudlab,,repo,2026-01-11 10:05:21+00:00,
christiaan78/cloudlab,,repo,2026-01-11 10:03:14+00:00,
christiaan78/cloudlab,,repo,2026-01-11 09:56:31+00:00,
christiaan78/cloudlab,,repo,2026-01-03 18:56:31+00:00,
christiaan78/cloudlab,,repo,2026-01-03 16:48:21+00:00,
christiaan78/cloudlab,,repo,2026-01-03 16:19:45+00:00,
christiaan78/cloudlab,,repo,2026-01-03 13:57:47+00:00,
christiaan78/cloudlab,,repo,2026-01-03 13:14:59+00:00,
christiaan78/cloudlab,,repo,2026-01-02 18:40:07+00:00,
christiaan78/cloudlab,,repo,2026-01-02 18:36:05+00:00,
christiaan78/cloudlab,,repo,2026-01-02 16:30:00+00:00,
christiaan78/cloudlab,,repo,2026-01-02 16:27:12+00:00,
christiaan78/cloudlab,,repo,2026-01-02 16:17:23+00:00,
christiaan78/cloudlab,,repo,2026-01-02 16:14:17+00:00,
christiaan78/cloudlab,,repo,2025-12-31 15:20:59+00:00,
christiaan78/cloudlab,,repo,2025-12-31 15:06:00+00:00,
christiaan78/cloudlab,,repo,2025-12-05 18:39:26+00:00,
christiaan78/cloudlab,,repo,2025-12-05 15:42:21+00:00,
christiaan78/cloudlab,,repo,2025-12-05 15:32:52+00:00,
christiaan78/cloudlab,,repo,2025-12-05 15:27:39+00:00,
christiaan78/cloudlab,,repo,2025-12-05 15:19:47+00:00,
christiaan78/cloudlab,,repo,2025-12-05 15:04:41+00:00,
christiaan78/cloudlab,,repo,2025-12-05 13:39:38+00:00,
christiaan78/cloudlab,,repo,2025-12-05 12:54:33+00:00,
christiaan78/cloudlab,,repo,2025-12-05 12:23:36+00:00,
christiaan78/cloudlab,,repo,2025-12-05 11:10:44+00:00,
christiaan78/cloudlab,,repo,2025-12-05 11:10:19+00:00,
christiaan78/cloudlab,,repo,2025-12-05 10:43:16+00:00,
christiaan78/cloudlab,,repo,2025-12-05 10:34:08+00:00,
christiaan78/cloudlab,,repo,2025-12-05 10:33:35+00:00,
christiaan78/cloudlab,,repo,2025-12-05 10:31:51+00:00,
christiaan78/cloudlab,,repo,2025-12-05 09:41:37+00:00,
christiaan78/cloudlab,,repo,2025-12-05 08:51:14+00:00,
christiaan78/cloudlab,gitops/apps/base/podinfo/backend/hpa.yaml,hpa_file,2025-10-10 16:07:21+00:00,
AlexRob2201/dovops,,repo,2024-05-09 11:34:17+00:00,
AlexRob2201/dovops,,repo,2024-05-09 11:21:48+00:00,
AlexRob2201/dovops,,repo,2024-05-07 09:10:40+00:00,
AlexRob2201/dovops,,repo,2024-04-30 18:21:44+00:00,
AlexRob2201/dovops,,repo,2024-04-30 18:19:09+00:00,
AlexRob2201/dovops,,repo,2024-04-30 18:17:40+00:00,
AlexRob2201/dovops,,repo,2024-04-30 18:17:21+00:00,
AlexRob2201/dovops,,repo,2024-04-29 20:16:10+00:00,
AlexRob2201/dovops,,repo,2024-04-29 20:14:31+00:00,
AlexRob2201/dovops,,repo,2024-04-29 20:14:13+00:00,
AlexRob2201/dovops,,repo,2024-04-29 18:59:48+00:00,
AlexRob2201/dovops,,repo,2024-04-29 18:57:46+00:00,
AlexRob2201/dovops,,repo,2024-04-29 16:39:14+00:00,
AlexRob2201/dovops,,repo,2024-04-29 15:53:55+00:00,
AlexRob2201/dovops,,repo,2024-04-29 15:49:52+00:00,
AlexRob2201/dovops,,repo,2024-04-29 11:24:52+00:00,
AlexRob2201/dovops,,repo,2024-04-29 11:23:57+00:00,
AlexRob2201/dovops,,repo,2024-04-29 11:20:55+00:00,
AlexRob2201/dovops,,repo,2024-04-29 11:03:50+00:00,
AlexRob2201/dovops,,repo,2024-04-27 10:11:12+00:00,
AlexRob2201/dovops,,repo,2024-04-27 10:10:14+00:00,
AlexRob2201/dovops,,repo,2024-04-21 14:17:18+00:00,
AlexRob2201/dovops,,repo,2024-04-21 14:09:02+00:00,
AlexRob2201/dovops,,repo,2024-04-21 10:59:52+00:00,
AlexRob2201/dovops,,repo,2024-04-21 09:17:15+00:00,
AlexRob2201/dovops,,repo,2024-04-20 20:08:18+00:00,
AlexRob2201/dovops,,repo,2024-03-27 18:45:23+00:00,
AlexRob2201/dovops,,repo,2024-03-27 18:42:10+00:00,
AlexRob2201/dovops,,repo,2024-03-27 11:12:20+00:00,
AlexRob2201/dovops,,repo,2024-03-24 14:00:24+00:00,
AlexRob2201/dovops,,repo,2024-03-24 13:50:06+00:00,
AlexRob2201/dovops,,repo,2024-03-22 20:20:09+00:00,
AlexRob2201/dovops,,repo,2024-03-22 20:04:07+00:00,
AlexRob2201/dovops,,repo,2024-03-22 20:03:52+00:00,
AlexRob2201/dovops,,repo,2024-03-20 15:10:33+00:00,
AlexRob2201/dovops,,repo,2024-03-20 15:08:30+00:00,
AlexRob2201/dovops,,repo,2024-03-19 21:16:00+00:00,
AlexRob2201/dovops,,repo,2024-03-19 21:09:27+00:00,
AlexRob2201/dovops,,repo,2024-03-10 19:21:49+00:00,
AlexRob2201/dovops,,repo,2024-03-10 19:21:01+00:00,
AlexRob2201/dovops,,repo,2024-03-10 17:19:14+00:00,
AlexRob2201/dovops,,repo,2024-03-10 17:17:37+00:00,
AlexRob2201/dovops,,repo,2024-03-09 13:19:33+00:00,
AlexRob2201/dovops,,repo,2024-03-09 13:18:36+00:00,
AlexRob2201/dovops,,repo,2024-03-09 08:08:54+00:00,
AlexRob2201/dovops,,repo,2024-03-09 07:53:20+00:00,
AlexRob2201/dovops,,repo,2024-03-08 15:39:24+00:00,
AlexRob2201/dovops,,repo,2024-03-08 15:38:56+00:00,
AlexRob2201/dovops,,repo,2024-03-07 20:43:39+00:00,
AlexRob2201/dovops,,repo,2024-03-07 20:33:54+00:00,
AlexRob2201/dovops,,repo,2024-03-01 21:58:48+00:00,
AlexRob2201/dovops,,repo,2024-03-01 21:56:06+00:00,
AlexRob2201/dovops,,repo,2024-03-01 21:55:28+00:00,
AlexRob2201/dovops,,repo,2024-03-01 21:52:07+00:00,
AlexRob2201/dovops,,repo,2024-02-26 14:55:02+00:00,
AlexRob2201/dovops,,repo,2024-02-26 14:49:53+00:00,
AlexRob2201/dovops,,repo,2024-02-26 12:16:28+00:00,
AlexRob2201/dovops,,repo,2024-02-26 12:15:34+00:00,
AlexRob2201/dovops,,repo,2024-02-25 11:15:14+00:00,
AlexRob2201/dovops,,repo,2024-02-25 11:14:05+00:00,
AlexRob2201/dovops,,repo,2024-02-22 07:17:43+00:00,
AlexRob2201/dovops,,repo,2024-02-22 07:16:22+00:00,
AlexRob2201/dovops,,repo,2024-02-21 22:20:45+00:00,
AlexRob2201/dovops,,repo,2024-02-20 20:36:14+00:00,
AlexRob2201/dovops,,repo,2024-02-19 11:41:30+00:00,
AlexRob2201/dovops,,repo,2024-02-19 11:34:39+00:00,
AlexRob2201/dovops,,repo,2024-02-19 11:33:41+00:00,
AlexRob2201/dovops,,repo,2024-02-19 11:30:21+00:00,
AlexRob2201/dovops,,repo,2024-02-18 16:07:47+00:00,
AlexRob2201/dovops,,repo,2024-02-18 15:55:11+00:00,
AlexRob2201/dovops,,repo,2024-02-18 15:16:00+00:00,
AlexRob2201/dovops,,repo,2024-02-09 22:42:37+00:00,
AlexRob2201/dovops,,repo,2024-02-09 21:19:10+00:00,
AlexRob2201/dovops,,repo,2024-02-07 17:22:49+00:00,
AlexRob2201/dovops,,repo,2024-02-07 17:21:24+00:00,
AlexRob2201/dovops,,repo,2024-02-07 13:05:07+00:00,
AlexRob2201/dovops,,repo,2024-02-07 13:02:16+00:00,
AlexRob2201/dovops,,repo,2024-02-07 12:59:46+00:00,
AlexRob2201/dovops,,repo,2024-02-06 17:49:11+00:00,
AlexRob2201/dovops,,repo,2024-02-06 17:48:40+00:00,
AlexRob2201/dovops,,repo,2024-02-06 17:42:28+00:00,
AlexRob2201/dovops,,repo,2024-02-06 13:07:45+00:00,
AlexRob2201/dovops,,repo,2024-01-29 20:47:15+00:00,
AlexRob2201/dovops,,repo,2024-01-29 20:44:10+00:00,
AlexRob2201/dovops,,repo,2024-01-28 09:58:09+00:00,
AlexRob2201/dovops,,repo,2024-01-27 16:54:03+00:00,
AlexRob2201/dovops,,repo,2024-01-24 16:25:20+00:00,
AlexRob2201/dovops,,repo,2024-01-22 15:59:46+00:00,
AlexRob2201/dovops,,repo,2024-01-22 13:55:34+00:00,
AlexRob2201/dovops,,repo,2024-01-16 10:54:48+00:00,
AlexRob2201/dovops,,repo,2023-12-03 20:09:46+00:00,
AlexRob2201/dovops,,repo,2023-12-03 20:09:28+00:00,
AlexRob2201/dovops,,repo,2023-12-03 20:09:00+00:00,
AlexRob2201/dovops,,repo,2023-12-03 19:54:05+00:00,
AlexRob2201/dovops,,repo,2023-12-03 19:33:37+00:00,
AlexRob2201/dovops,,repo,2023-12-03 19:08:21+00:00,
AlexRob2201/dovops,,repo,2023-12-03 18:45:53+00:00,
AlexRob2201/dovops,,repo,2023-12-03 18:44:56+00:00,
AlexRob2201/dovops,,repo,2023-12-03 18:42:44+00:00,
AlexRob2201/dovops,,repo,2023-12-03 18:32:45+00:00,
AlexRob2201/dovops,,repo,2023-12-03 18:31:27+00:00,
AlexRob2201/dovops,,repo,2023-12-03 18:30:05+00:00,
AlexRob2201/dovops,,repo,2023-12-03 18:28:07+00:00,
AlexRob2201/dovops,,repo,2023-12-03 18:20:17+00:00,
AlexRob2201/dovops,,repo,2023-12-03 18:16:54+00:00,
AlexRob2201/dovops,,repo,2023-12-03 18:16:23+00:00,
AlexRob2201/dovops,,repo,2023-12-03 18:15:36+00:00,
AlexRob2201/dovops,,repo,2023-12-03 18:13:37+00:00,
AlexRob2201/dovops,,repo,2023-12-03 18:09:09+00:00,
AlexRob2201/dovops,,repo,2023-11-25 12:14:32+00:00,
AlexRob2201/dovops,,repo,2023-11-24 21:46:42+00:00,
AlexRob2201/dovops,,repo,2023-11-24 16:56:59+00:00,
AlexRob2201/dovops,,repo,2023-11-24 16:55:48+00:00,
AlexRob2201/dovops,,repo,2023-11-24 15:33:31+00:00,
AlexRob2201/dovops,,repo,2023-11-24 15:24:04+00:00,
AlexRob2201/dovops,,repo,2023-11-24 15:22:39+00:00,
AlexRob2201/dovops,,repo,2023-11-24 15:21:02+00:00,
AlexRob2201/dovops,,repo,2023-11-20 17:05:41+00:00,
AlexRob2201/dovops,,repo,2023-11-15 15:53:31+00:00,
AlexRob2201/dovops,,repo,2023-11-13 12:27:23+00:00,
AlexRob2201/dovops,,repo,2023-11-13 12:23:24+00:00,
AlexRob2201/dovops,,repo,2023-10-31 11:46:00+00:00,
AlexRob2201/dovops,,repo,2023-10-13 20:56:39+00:00,
AlexRob2201/dovops,,repo,2023-10-11 16:56:52+00:00,
AlexRob2201/dovops,,repo,2023-10-11 16:23:19+00:00,
AlexRob2201/dovops,,repo,2023-10-11 16:18:12+00:00,
AlexRob2201/dovops,,repo,2023-10-04 16:03:53+00:00,
AlexRob2201/dovops,HT/HT-61/hpa.yml,hpa_file,2024-04-29 20:14:13+00:00,
binyaminsemerci-ops/quantum_trader,,repo,2026-04-23 21:33:09+00:00,
binyaminsemerci-ops/quantum_trader,,repo,2026-04-23 11:46:04+00:00,
binyaminsemerci-ops/quantum_trader,,repo,2026-04-23 11:02:59+00:00,
binyaminsemerci-ops/quantum_trader,,repo,2026-04-22 22:03:19+00:00,
binyaminsemerci-ops/quantum_trader,,repo,2026-04-22 22:01:16+00:00,
binyaminsemerci-ops/quantum_trader,,repo,2026-04-22 21:46:34+00:00,
binyaminsemerci-ops/quantum_trader,,repo,2026-04-22 21:45:40+00:00,
binyaminsemerci-ops/quantum_trader,,repo,2026-04-22 21:35:39+00:00,
binyaminsemerci-ops/quantum_trader,,repo,2026-04-22 21:29:51+00:00,
binyaminsemerci-ops/quantum_trader,,repo,2026-04-22 21:29:08+00:00,
binyaminsemerci-ops/quantum_trader,,repo,2026-04-21 22:39:56+00:00,
binyaminsemerci-ops/quantum_trader,,repo,2026-04-21 22:26:09+00:00,
binyaminsemerci-ops/quantum_trader,,repo,2026-04-21 22:24:02+00:00,
binyaminsemerci-ops/quantum_trader,,repo,2026-04-21 03:52:55+00:00,
binyaminsemerci-ops/quantum_trader,,repo,2026-04-20 22:11:10+00:00,
binyaminsemerci-ops/quantum_trader,,repo,2026-04-20 22:10:56+00:00,
binyaminsemerci-ops/quantum_trader,,repo,2026-04-20 22:09:45+00:00,
binyaminsemerci-ops/quantum_trader,,repo,2026-04-20 01:17:49+00:00,
binyaminsemerci-ops/quantum_trader,,repo,2026-04-20 00:15:37+00:00,
binyaminsemerci-ops/quantum_trader,,repo,2026-04-19 21:23:25+00:00,
binyaminsemerci-ops/quantum_trader,,repo,2026-04-19 20:18:27+00:00,
binyaminsemerci-ops/quantum_trader,,repo,2026-04-19 20:04:22+00:00,
binyaminsemerci-ops/quantum_trader,,repo,2026-04-19 20:02:31+00:00,
binyaminsemerci-ops/quantum_trader,,repo,2026-04-19 20:01:21+00:00,
binyaminsemerci-ops/quantum_trader,,repo,2026-04-19 05:22:45+00:00,
binyaminsemerci-ops/quantum_trader,,repo,2026-04-19 05:19:03+00:00,
binyaminsemerci-ops/quantum_trader,,repo,2026-04-19 02:06:31+00:00,
binyaminsemerci-ops/quantum_trader,,repo,2026-04-18 22:06:11+00:00,
binyaminsemerci-ops/quantum_trader,,repo,2026-04-18 21:36:17+00:00,
binyaminsemerci-ops/quantum_trader,,repo,2026-04-18 21:01:30+00:00,
binyaminsemerci-ops/quantum_trader,,repo,2026-04-18 03:16:09+00:00,
binyaminsemerci-ops/quantum_trader,,repo,2026-04-18 02:55:41+00:00,
binyaminsemerci-ops/quantum_trader,,repo,2026-04-17 23:45:02+00:00,
binyaminsemerci-ops/quantum_trader,,repo,2026-04-17 23:04:02+00:00,
binyaminsemerci-ops/quantum_trader,,repo,2026-04-17 22:28:00+00:00,
binyaminsemerci-ops/quantum_trader,,repo,2026-04-17 22:07:31+00:00,
binyaminsemerci-ops/quantum_trader,,repo,2026-04-17 22:05:24+00:00,
binyaminsemerci-ops/quantum_trader,,repo,2026-04-17 22:02:57+00:00,
binyaminsemerci-ops/quantum_trader,,repo,2026-04-17 21:57:57+00:00,
binyaminsemerci-ops/quantum_trader,,repo,2026-04-17 21:54:28+00:00,
binyaminsemerci-ops/quantum_trader,,repo,2026-04-17 10:37:49+00:00,
binyaminsemerci-ops/quantum_trader,,repo,2026-04-17 08:54:59+00:00,
binyaminsemerci-ops/quantum_trader,,repo,2026-04-17 08:41:43+00:00,
binyaminsemerci-ops/quantum_trader,,repo,2026-04-17 08:27:57+00:00,
binyaminsemerci-ops/quantum_trader,,repo,2026-04-17 01:16:58+00:00,
binyaminsemerci-ops/quantum_trader,,repo,2026-04-16 23:13:35+00:00,
binyaminsemerci-ops/quantum_trader,,repo,2026-04-16 23:01:17+00:00,
binyaminsemerci-ops/quantum_trader,,repo,2026-04-15 23:22:32+00:00,
binyaminsemerci-ops/quantum_trader,,repo,2026-04-15 21:50:54+00:00,
binyaminsemerci-ops/quantum_trader,,repo,2026-04-15 21:40:19+00:00,
binyaminsemerci-ops/quantum_trader,,repo,2026-04-15 05:31:37+00:00,
binyaminsemerci-ops/quantum_trader,,repo,2026-04-15 04:46:46+00:00,
binyaminsemerci-ops/quantum_trader,,repo,2026-04-15 04:26:50+00:00,
binyaminsemerci-ops/quantum_trader,,repo,2026-04-15 03:57:59+00:00,
binyaminsemerci-ops/quantum_trader,,repo,2026-04-15 02:29:16+00:00,
binyaminsemerci-ops/quantum_trader,,repo,2026-04-15 02:19:19+00:00,
binyaminsemerci-ops/quantum_trader,,repo,2026-04-15 02:15:04+00:00,
binyaminsemerci-ops/quantum_trader,,repo,2026-04-15 01:43:35+00:00,
binyaminsemerci-ops/quantum_trader,,repo,2026-04-15 01:01:57+00:00,
binyaminsemerci-ops/quantum_trader,,repo,2026-04-14 23:30:50+00:00,
binyaminsemerci-ops/quantum_trader,,repo,2026-04-14 22:56:08+00:00,
binyaminsemerci-ops/quantum_trader,,repo,2026-04-14 22:41:26+00:00,
binyaminsemerci-ops/quantum_trader,,repo,2026-04-14 22:14:06+00:00,
binyaminsemerci-ops/quantum_trader,,repo,2026-04-14 22:11:13+00:00,
binyaminsemerci-ops/quantum_trader,,repo,2026-04-14 14:02:46+00:00,
binyaminsemerci-ops/quantum_trader,,repo,2026-04-14 13:58:18+00:00,
binyaminsemerci-ops/quantum_trader,,repo,2026-04-14 13:32:02+00:00,
binyaminsemerci-ops/quantum_trader,,repo,2026-04-14 12:06:23+00:00,
binyaminsemerci-ops/quantum_trader,,repo,2026-04-14 11:51:14+00:00,
binyaminsemerci-ops/quantum_trader,,repo,2026-04-14 04:24:24+00:00,
binyaminsemerci-ops/quantum_trader,,repo,2026-04-14 03:32:18+00:00,
binyaminsemerci-ops/quantum_trader,,repo,2026-04-14 03:21:23+00:00,
binyaminsemerci-ops/quantum_trader,,repo,2026-04-14 03:00:45+00:00,
binyaminsemerci-ops/quantum_trader,,repo,2026-04-14 02:52:58+00:00,
binyaminsemerci-ops/quantum_trader,,repo,2026-04-14 02:35:06+00:00,
binyaminsemerci-ops/quantum_trader,,repo,2026-04-14 02:27:11+00:00,
binyaminsemerci-ops/quantum_trader,,repo,2026-04-13 19:49:37+00:00,
binyaminsemerci-ops/quantum_trader,,repo,2026-04-13 19:40:41+00:00,
binyaminsemerci-ops/quantum_trader,,repo,2026-04-13 19:13:25+00:00,
binyaminsemerci-ops/quantum_trader,,repo,2026-04-13 18:54:29+00:00,
binyaminsemerci-ops/quantum_trader,,repo,2026-04-13 16:30:36+00:00,
binyaminsemerci-ops/quantum_trader,,repo,2026-04-13 07:50:24+00:00,
binyaminsemerci-ops/quantum_trader,,repo,2026-04-13 07:02:17+00:00,
binyaminsemerci-ops/quantum_trader,,repo,2026-04-13 06:48:26+00:00,
binyaminsemerci-ops/quantum_trader,,repo,2026-04-13 06:14:14+00:00,
binyaminsemerci-ops/quantum_trader,,repo,2026-04-13 00:09:23+00:00,
binyaminsemerci-ops/quantum_trader,,repo,2026-04-12 23:49:31+00:00,
binyaminsemerci-ops/quantum_trader,,repo,2026-04-12 23:42:09+00:00,
binyaminsemerci-ops/quantum_trader,,repo,2026-04-12 23:33:56+00:00,
binyaminsemerci-ops/quantum_trader,,repo,2026-04-12 23:13:47+00:00,
binyaminsemerci-ops/quantum_trader,,repo,2026-04-12 22:43:45+00:00,
binyaminsemerci-ops/quantum_trader,,repo,2026-04-12 22:14:44+00:00,
binyaminsemerci-ops/quantum_trader,,repo,2026-04-12 22:12:07+00:00,
binyaminsemerci-ops/quantum_trader,,repo,2026-04-12 21:56:52+00:00,
binyaminsemerci-ops/quantum_trader,,repo,2026-04-12 21:49:14+00:00,
binyaminsemerci-ops/quantum_trader,,repo,2026-04-12 12:43:06+00:00,
binyaminsemerci-ops/quantum_trader,,repo,2026-04-12 12:29:07+00:00,
binyaminsemerci-ops/quantum_trader,,repo,2026-04-12 12:10:31+00:00,
binyaminsemerci-ops/quantum_trader,,repo,2026-04-11 23:25:13+00:00,
binyaminsemerci-ops/quantum_trader,,repo,2026-04-11 22:42:18+00:00,
binyaminsemerci-ops/quantum_trader,,repo,2026-04-11 22:22:53+00:00,
binyaminsemerci-ops/quantum_trader,,repo,2026-04-11 22:16:00+00:00,
binyaminsemerci-ops/quantum_trader,,repo,2026-04-11 22:00:06+00:00,
binyaminsemerci-ops/quantum_trader,,repo,2026-04-11 21:56:42+00:00,
binyaminsemerci-ops/quantum_trader,,repo,2026-04-11 12:31:41+00:00,
binyaminsemerci-ops/quantum_trader,,repo,2026-04-11 12:20:55+00:00,
binyaminsemerci-ops/quantum_trader,,repo,2026-04-11 12:16:48+00:00,
binyaminsemerci-ops/quantum_trader,,repo,2026-04-11 11:51:12+00:00,
binyaminsemerci-ops/quantum_trader,,repo,2026-04-11 11:41:54+00:00,
binyaminsemerci-ops/quantum_trader,,repo,2026-04-10 22:29:09+00:00,
binyaminsemerci-ops/quantum_trader,,repo,2026-04-10 07:38:25+00:00,
binyaminsemerci-ops/quantum_trader,,repo,2026-04-10 07:34:15+00:00,
binyaminsemerci-ops/quantum_trader,,repo,2026-04-10 07:26:18+00:00,
binyaminsemerci-ops/quantum_trader,,repo,2026-04-10 06:57:41+00:00,
binyaminsemerci-ops/quantum_trader,,repo,2026-04-10 06:38:40+00:00,
binyaminsemerci-ops/quantum_trader,,repo,2026-04-10 04:46:54+00:00,
binyaminsemerci-ops/quantum_trader,,repo,2026-04-10 04:42:16+00:00,
binyaminsemerci-ops/quantum_trader,,repo,2026-04-10 04:22:35+00:00,
binyaminsemerci-ops/quantum_trader,,repo,2026-04-10 03:56:34+00:00,
binyaminsemerci-ops/quantum_trader,,repo,2026-04-10 03:51:48+00:00,
binyaminsemerci-ops/quantum_trader,,repo,2026-04-10 03:49:24+00:00,
binyaminsemerci-ops/quantum_trader,,repo,2026-04-10 03:45:15+00:00,
binyaminsemerci-ops/quantum_trader,,repo,2026-04-10 03:38:06+00:00,
binyaminsemerci-ops/quantum_trader,,repo,2026-04-10 02:59:31+00:00,
binyaminsemerci-ops/quantum_trader,,repo,2026-04-10 02:39:30+00:00,
binyaminsemerci-ops/quantum_trader,,repo,2026-04-10 02:37:54+00:00,
binyaminsemerci-ops/quantum_trader,,repo,2026-04-10 02:36:46+00:00,
binyaminsemerci-ops/quantum_trader,,repo,2026-04-10 02:32:46+00:00,
binyaminsemerci-ops/quantum_trader,,repo,2026-04-09 23:04:55+00:00,
binyaminsemerci-ops/quantum_trader,,repo,2026-04-09 22:55:16+00:00,
binyaminsemerci-ops/quantum_trader,,repo,2026-04-09 22:33:15+00:00,
binyaminsemerci-ops/quantum_trader,,repo,2026-04-09 22:28:30+00:00,
binyaminsemerci-ops/quantum_trader,,repo,2026-04-09 04:06:00+00:00,
binyaminsemerci-ops/quantum_trader,,repo,2026-04-09 03:40:04+00:00,
binyaminsemerci-ops/quantum_trader,,repo,2026-04-09 03:26:01+00:00,
binyaminsemerci-ops/quantum_trader,,repo,2026-04-09 02:59:03+00:00,
binyaminsemerci-ops/quantum_trader,,repo,2026-04-09 02:31:36+00:00,
binyaminsemerci-ops/quantum_trader,,repo,2026-04-09 02:18:03+00:00,
binyaminsemerci-ops/quantum_trader,,repo,2026-04-09 02:01:36+00:00,
binyaminsemerci-ops/quantum_trader,,repo,2026-04-09 01:56:06+00:00,
binyaminsemerci-ops/quantum_trader,,repo,2026-04-09 01:35:04+00:00,
binyaminsemerci-ops/quantum_trader,,repo,2026-04-09 01:21:23+00:00,
binyaminsemerci-ops/quantum_trader,,repo,2026-04-09 01:06:14+00:00,
binyaminsemerci-ops/quantum_trader,,repo,2026-04-09 01:04:08+00:00,
binyaminsemerci-ops/quantum_trader,,repo,2026-04-09 00:45:07+00:00,
binyaminsemerci-ops/quantum_trader,,repo,2026-04-09 00:40:45+00:00,
binyaminsemerci-ops/quantum_trader,,repo,2026-04-09 00:26:41+00:00,
binyaminsemerci-ops/quantum_trader,,repo,2026-04-08 23:52:20+00:00,
binyaminsemerci-ops/quantum_trader,,repo,2026-04-08 23:37:54+00:00,
binyaminsemerci-ops/quantum_trader,,repo,2026-04-08 23:25:58+00:00,
binyaminsemerci-ops/quantum_trader,,repo,2026-04-08 22:58:50+00:00,
binyaminsemerci-ops/quantum_trader,,repo,2026-04-08 22:49:07+00:00,
binyaminsemerci-ops/quantum_trader,,repo,2026-04-08 22:17:03+00:00,
binyaminsemerci-ops/quantum_trader,,repo,2026-04-08 22:11:24+00:00,
binyaminsemerci-ops/quantum_trader,,repo,2026-04-08 22:03:49+00:00,
binyaminsemerci-ops/quantum_trader,,repo,2026-04-08 21:46:28+00:00,
binyaminsemerci-ops/quantum_trader,,repo,2026-04-08 21:07:55+00:00,
binyaminsemerci-ops/quantum_trader,,repo,2026-04-08 21:05:41+00:00,
binyaminsemerci-ops/quantum_trader,,repo,2026-04-08 20:33:05+00:00,
binyaminsemerci-ops/quantum_trader,,repo,2026-04-08 05:30:08+00:00,
binyaminsemerci-ops/quantum_trader,,repo,2026-04-08 04:20:43+00:00,
binyaminsemerci-ops/quantum_trader,,repo,2026-04-08 03:13:49+00:00,
binyaminsemerci-ops/quantum_trader,,repo,2026-04-08 03:03:07+00:00,
binyaminsemerci-ops/quantum_trader,,repo,2026-04-08 02:57:25+00:00,
binyaminsemerci-ops/quantum_trader,,repo,2026-04-08 02:31:25+00:00,
binyaminsemerci-ops/quantum_trader,,repo,2026-04-08 02:23:28+00:00,
binyaminsemerci-ops/quantum_trader,,repo,2026-04-08 02:19:22+00:00,
binyaminsemerci-ops/quantum_trader,,repo,2026-04-08 02:16:44+00:00,
binyaminsemerci-ops/quantum_trader,,repo,2026-04-08 02:08:09+00:00,
binyaminsemerci-ops/quantum_trader,,repo,2026-04-08 01:57:04+00:00,
binyaminsemerci-ops/quantum_trader,,repo,2026-04-08 00:43:39+00:00,
binyaminsemerci-ops/quantum_trader,,repo,2026-04-08 00:42:06+00:00,
binyaminsemerci-ops/quantum_trader,,repo,2026-04-08 00:40:16+00:00,
binyaminsemerci-ops/quantum_trader,,repo,2026-04-08 00:30:31+00:00,
binyaminsemerci-ops/quantum_trader,,repo,2026-04-08 00:27:49+00:00,
binyaminsemerci-ops/quantum_trader,,repo,2026-04-08 00:10:27+00:00,
binyaminsemerci-ops/quantum_trader,,repo,2026-04-07 16:25:35+00:00,
binyaminsemerci-ops/quantum_trader,,repo,2026-04-07 14:54:33+00:00,
binyaminsemerci-ops/quantum_trader,,repo,2026-04-07 14:14:59+00:00,
binyaminsemerci-ops/quantum_trader,,repo,2026-04-07 01:21:49+00:00,
binyaminsemerci-ops/quantum_trader,,repo,2026-04-07 00:54:34+00:00,
binyaminsemerci-ops/quantum_trader,,repo,2026-04-06 23:45:27+00:00,
binyaminsemerci-ops/quantum_trader,,repo,2026-04-06 23:26:26+00:00,
binyaminsemerci-ops/quantum_trader,,repo,2026-04-06 23:13:33+00:00,
binyaminsemerci-ops/quantum_trader,,repo,2026-04-06 22:58:36+00:00,
binyaminsemerci-ops/quantum_trader,,repo,2026-04-06 22:33:40+00:00,
binyaminsemerci-ops/quantum_trader,,repo,2026-04-06 22:22:06+00:00,
binyaminsemerci-ops/quantum_trader,,repo,2026-04-06 22:08:10+00:00,
binyaminsemerci-ops/quantum_trader,,repo,2026-04-06 21:55:30+00:00,
binyaminsemerci-ops/quantum_trader,,repo,2026-04-06 21:43:37+00:00,
binyaminsemerci-ops/quantum_trader,,repo,2026-04-06 21:34:37+00:00,
binyaminsemerci-ops/quantum_trader,,repo,2026-04-06 20:49:56+00:00,
binyaminsemerci-ops/quantum_trader,,repo,2026-04-06 04:22:02+00:00,
binyaminsemerci-ops/quantum_trader,,repo,2026-04-06 03:49:43+00:00,
binyaminsemerci-ops/quantum_trader,,repo,2026-04-06 03:25:08+00:00,
binyaminsemerci-ops/quantum_trader,,repo,2026-04-06 02:45:48+00:00,
binyaminsemerci-ops/quantum_trader,,repo,2026-04-06 02:44:02+00:00,
binyaminsemerci-ops/quantum_trader,,repo,2026-04-06 02:37:31+00:00,
binyaminsemerci-ops/quantum_trader,,repo,2026-04-06 02:15:00+00:00,
binyaminsemerci-ops/quantum_trader,,repo,2026-04-06 02:13:07+00:00,
binyaminsemerci-ops/quantum_trader,deploy/k8s/autoscaling/ai-engine-hpa.yaml,hpa_file,2025-12-27 02:35:35+00:00,
binyaminsemerci-ops/quantum_trader,deploy/k8s/autoscaling/ai-engine-hpa.yaml,hpa_file,2025-12-16 03:32:45+00:00,
jferjfer/E-comerce,,repo,2026-04-19 04:15:22+00:00,
jferjfer/E-comerce,,repo,2026-04-19 03:24:00+00:00,
jferjfer/E-comerce,,repo,2026-04-19 03:16:59+00:00,
jferjfer/E-comerce,,repo,2026-04-19 03:10:56+00:00,
jferjfer/E-comerce,,repo,2026-04-19 03:06:50+00:00,
jferjfer/E-comerce,,repo,2026-04-19 03:00:15+00:00,
jferjfer/E-comerce,,repo,2026-04-19 02:51:24+00:00,
jferjfer/E-comerce,,repo,2026-04-19 02:42:04+00:00,
jferjfer/E-comerce,,repo,2026-04-19 02:19:54+00:00,
jferjfer/E-comerce,,repo,2026-04-19 02:04:01+00:00,
jferjfer/E-comerce,,repo,2026-04-19 01:43:56+00:00,
jferjfer/E-comerce,,repo,2026-04-18 21:47:10+00:00,
jferjfer/E-comerce,,repo,2026-04-18 21:29:40+00:00,
jferjfer/E-comerce,,repo,2026-04-18 21:07:01+00:00,
jferjfer/E-comerce,,repo,2026-04-18 21:01:44+00:00,
jferjfer/E-comerce,,repo,2026-04-18 20:57:03+00:00,
jferjfer/E-comerce,,repo,2026-04-18 20:35:31+00:00,
jferjfer/E-comerce,,repo,2026-04-18 19:55:46+00:00,
jferjfer/E-comerce,,repo,2026-04-18 19:42:24+00:00,
jferjfer/E-comerce,,repo,2026-04-18 19:34:05+00:00,
jferjfer/E-comerce,,repo,2026-04-18 19:28:22+00:00,
jferjfer/E-comerce,,repo,2026-04-18 19:16:15+00:00,
jferjfer/E-comerce,,repo,2026-04-18 19:02:24+00:00,
jferjfer/E-comerce,,repo,2026-04-18 18:56:40+00:00,
jferjfer/E-comerce,,repo,2026-04-18 18:50:54+00:00,
jferjfer/E-comerce,,repo,2026-04-18 18:34:21+00:00,
jferjfer/E-comerce,,repo,2026-04-18 17:38:38+00:00,
jferjfer/E-comerce,,repo,2026-04-17 22:53:10+00:00,
jferjfer/E-comerce,,repo,2026-04-17 22:48:45+00:00,
jferjfer/E-comerce,,repo,2026-04-17 22:41:38+00:00,
jferjfer/E-comerce,,repo,2026-04-17 22:38:45+00:00,
jferjfer/E-comerce,,repo,2026-04-17 21:58:03+00:00,
jferjfer/E-comerce,,repo,2026-04-17 21:52:02+00:00,
jferjfer/E-comerce,,repo,2026-04-17 21:46:17+00:00,
jferjfer/E-comerce,,repo,2026-04-17 21:40:00+00:00,
jferjfer/E-comerce,,repo,2026-04-17 20:21:41+00:00,
jferjfer/E-comerce,,repo,2026-04-17 03:47:17+00:00,
jferjfer/E-comerce,,repo,2026-04-17 02:36:16+00:00,
jferjfer/E-comerce,,repo,2026-04-16 20:36:05+00:00,
jferjfer/E-comerce,,repo,2026-04-16 20:01:32+00:00,
jferjfer/E-comerce,,repo,2026-04-16 19:07:11+00:00,
jferjfer/E-comerce,,repo,2026-04-16 18:42:59+00:00,
jferjfer/E-comerce,,repo,2026-04-16 18:06:17+00:00,
jferjfer/E-comerce,,repo,2026-04-15 16:52:13+00:00,
jferjfer/E-comerce,,repo,2026-04-14 16:28:15+00:00,
jferjfer/E-comerce,,repo,2026-04-14 15:47:59+00:00,
jferjfer/E-comerce,,repo,2026-04-14 02:43:18+00:00,
jferjfer/E-comerce,,repo,2026-04-14 02:27:06+00:00,
jferjfer/E-comerce,,repo,2026-04-14 02:05:38+00:00,
jferjfer/E-comerce,,repo,2026-04-13 21:18:35+00:00,
jferjfer/E-comerce,,repo,2026-04-13 20:39:35+00:00,
jferjfer/E-comerce,,repo,2026-04-13 20:28:28+00:00,
jferjfer/E-comerce,,repo,2026-04-13 20:18:13+00:00,
jferjfer/E-comerce,,repo,2026-04-13 20:11:53+00:00,
jferjfer/E-comerce,,repo,2026-04-13 20:10:03+00:00,
jferjfer/E-comerce,,repo,2026-04-13 20:03:49+00:00,
jferjfer/E-comerce,,repo,2026-04-13 19:58:02+00:00,
jferjfer/E-comerce,,repo,2026-04-13 19:51:33+00:00,
jferjfer/E-comerce,,repo,2026-04-13 19:36:52+00:00,
jferjfer/E-comerce,,repo,2026-04-13 19:35:37+00:00,
jferjfer/E-comerce,,repo,2026-04-13 19:24:53+00:00,
jferjfer/E-comerce,,repo,2026-04-13 19:09:20+00:00,
jferjfer/E-comerce,,repo,2026-04-13 18:59:00+00:00,
jferjfer/E-comerce,,repo,2026-04-13 18:51:00+00:00,
jferjfer/E-comerce,,repo,2026-04-13 18:45:41+00:00,
jferjfer/E-comerce,,repo,2026-04-13 18:43:52+00:00,
jferjfer/E-comerce,,repo,2026-04-13 18:15:16+00:00,
jferjfer/E-comerce,,repo,2026-04-13 17:58:17+00:00,
jferjfer/E-comerce,,repo,2026-04-13 17:43:45+00:00,
jferjfer/E-comerce,,repo,2026-04-13 17:34:48+00:00,
jferjfer/E-comerce,,repo,2026-04-13 17:29:25+00:00,
jferjfer/E-comerce,,repo,2026-04-13 17:24:22+00:00,
jferjfer/E-comerce,,repo,2026-04-13 17:18:55+00:00,
jferjfer/E-comerce,,repo,2026-04-13 17:04:24+00:00,
jferjfer/E-comerce,,repo,2026-04-13 17:00:11+00:00,
jferjfer/E-comerce,,repo,2026-04-13 16:29:23+00:00,
jferjfer/E-comerce,,repo,2026-04-13 16:12:16+00:00,
jferjfer/E-comerce,,repo,2026-04-13 16:05:07+00:00,
jferjfer/E-comerce,,repo,2026-04-13 15:31:29+00:00,
jferjfer/E-comerce,,repo,2026-04-13 15:15:20+00:00,
jferjfer/E-comerce,,repo,2026-04-13 14:58:26+00:00,
jferjfer/E-comerce,,repo,2026-04-13 14:50:39+00:00,
jferjfer/E-comerce,,repo,2026-04-11 02:33:09+00:00,
jferjfer/E-comerce,,repo,2026-04-11 01:44:13+00:00,
jferjfer/E-comerce,,repo,2026-04-11 01:40:23+00:00,
jferjfer/E-comerce,,repo,2026-04-11 01:30:43+00:00,
jferjfer/E-comerce,,repo,2026-04-10 01:40:21+00:00,
jferjfer/E-comerce,,repo,2026-04-09 22:53:19+00:00,
jferjfer/E-comerce,,repo,2026-04-09 22:08:30+00:00,
jferjfer/E-comerce,,repo,2026-04-09 22:05:13+00:00,
jferjfer/E-comerce,,repo,2026-04-09 22:00:44+00:00,
jferjfer/E-comerce,,repo,2026-04-09 20:23:00+00:00,
jferjfer/E-comerce,,repo,2026-04-09 18:33:58+00:00,
jferjfer/E-comerce,,repo,2026-04-09 18:32:43+00:00,
jferjfer/E-comerce,,repo,2026-04-09 18:28:53+00:00,
jferjfer/E-comerce,,repo,2026-04-09 18:19:06+00:00,
jferjfer/E-comerce,,repo,2026-04-09 16:44:41+00:00,
jferjfer/E-comerce,,repo,2026-04-09 16:36:09+00:00,
jferjfer/E-comerce,,repo,2026-04-09 16:16:34+00:00,
jferjfer/E-comerce,,repo,2026-04-09 16:07:42+00:00,
jferjfer/E-comerce,,repo,2026-04-09 16:01:13+00:00,
jferjfer/E-comerce,,repo,2026-04-09 15:48:57+00:00,
jferjfer/E-comerce,,repo,2026-04-09 15:06:50+00:00,
jferjfer/E-comerce,,repo,2026-04-09 01:03:33+00:00,
jferjfer/E-comerce,,repo,2026-04-08 15:53:22+00:00,
jferjfer/E-comerce,,repo,2026-04-08 15:21:26+00:00,
jferjfer/E-comerce,,repo,2026-04-08 04:41:39+00:00,
jferjfer/E-comerce,,repo,2026-04-08 04:20:44+00:00,
jferjfer/E-comerce,,repo,2026-04-08 04:03:29+00:00,
jferjfer/E-comerce,,repo,2026-04-08 03:57:40+00:00,
jferjfer/E-comerce,,repo,2026-04-08 03:47:00+00:00,
jferjfer/E-comerce,,repo,2026-04-08 03:31:41+00:00,
jferjfer/E-comerce,,repo,2026-04-08 03:29:22+00:00,
jferjfer/E-comerce,,repo,2026-04-08 03:25:26+00:00,
jferjfer/E-comerce,,repo,2026-04-08 02:52:35+00:00,
jferjfer/E-comerce,,repo,2026-04-08 02:49:26+00:00,
jferjfer/E-comerce,,repo,2026-04-08 02:43:30+00:00,
jferjfer/E-comerce,,repo,2026-04-08 02:28:00+00:00,
jferjfer/E-comerce,,repo,2026-04-08 01:44:29+00:00,
jferjfer/E-comerce,,repo,2026-04-08 01:35:20+00:00,
jferjfer/E-comerce,,repo,2026-04-07 11:39:07+00:00,
jferjfer/E-comerce,,repo,2026-04-07 04:43:55+00:00,
jferjfer/E-comerce,,repo,2026-04-07 04:40:03+00:00,
jferjfer/E-comerce,,repo,2026-04-07 04:23:38+00:00,
jferjfer/E-comerce,,repo,2026-04-07 04:18:42+00:00,
jferjfer/E-comerce,,repo,2026-04-07 03:58:48+00:00,
jferjfer/E-comerce,,repo,2026-04-07 03:54:52+00:00,
jferjfer/E-comerce,,repo,2026-04-07 03:53:04+00:00,
jferjfer/E-comerce,,repo,2026-04-07 03:49:13+00:00,
jferjfer/E-comerce,,repo,2026-04-07 03:03:28+00:00,
jferjfer/E-comerce,,repo,2026-04-07 02:48:26+00:00,
jferjfer/E-comerce,,repo,2026-04-07 01:14:55+00:00,
jferjfer/E-comerce,,repo,2026-04-07 01:08:56+00:00,
jferjfer/E-comerce,,repo,2026-04-07 00:41:43+00:00,
jferjfer/E-comerce,,repo,2026-04-07 00:20:51+00:00,
jferjfer/E-comerce,,repo,2026-04-07 00:18:25+00:00,
jferjfer/E-comerce,,repo,2026-04-06 01:00:59+00:00,
jferjfer/E-comerce,,repo,2026-04-06 00:51:53+00:00,
jferjfer/E-comerce,,repo,2026-04-06 00:40:00+00:00,
jferjfer/E-comerce,,repo,2026-04-06 00:22:20+00:00,
jferjfer/E-comerce,,repo,2026-04-06 00:17:17+00:00,
jferjfer/E-comerce,,repo,2026-04-05 23:57:14+00:00,
jferjfer/E-comerce,,repo,2026-04-05 23:05:41+00:00,
jferjfer/E-comerce,,repo,2026-04-05 22:40:14+00:00,
jferjfer/E-comerce,,repo,2026-04-05 22:24:28+00:00,
jferjfer/E-comerce,,repo,2026-04-05 18:20:00+00:00,
jferjfer/E-comerce,,repo,2026-04-05 18:12:59+00:00,
jferjfer/E-comerce,,repo,2026-04-05 17:59:36+00:00,
jferjfer/E-comerce,,repo,2026-04-05 08:32:00+00:00,
jferjfer/E-comerce,,repo,2026-04-05 08:15:05+00:00,
jferjfer/E-comerce,,repo,2026-04-05 08:09:15+00:00,
jferjfer/E-comerce,,repo,2026-04-05 08:02:08+00:00,
jferjfer/E-comerce,,repo,2026-04-05 07:50:14+00:00,
jferjfer/E-comerce,,repo,2026-04-05 07:27:05+00:00,
jferjfer/E-comerce,,repo,2026-04-05 07:20:47+00:00,
jferjfer/E-comerce,,repo,2026-04-05 07:16:43+00:00,
jferjfer/E-comerce,,repo,2026-04-05 07:12:32+00:00,
jferjfer/E-comerce,,repo,2026-04-05 06:38:17+00:00,
jferjfer/E-comerce,,repo,2026-04-05 06:26:26+00:00,
jferjfer/E-comerce,,repo,2026-04-05 06:14:47+00:00,
jferjfer/E-comerce,,repo,2026-04-04 01:38:07+00:00,
jferjfer/E-comerce,,repo,2026-04-04 01:29:41+00:00,
jferjfer/E-comerce,,repo,2026-04-04 01:12:09+00:00,
jferjfer/E-comerce,,repo,2026-04-04 00:55:45+00:00,
jferjfer/E-comerce,,repo,2026-04-04 00:40:32+00:00,
jferjfer/E-comerce,,repo,2026-04-03 23:22:08+00:00,
jferjfer/E-comerce,,repo,2026-04-03 23:14:24+00:00,
jferjfer/E-comerce,,repo,2026-04-03 22:57:27+00:00,
jferjfer/E-comerce,,repo,2026-04-03 22:43:38+00:00,
jferjfer/E-comerce,,repo,2026-04-03 21:20:53+00:00,
jferjfer/E-comerce,,repo,2026-04-03 21:01:02+00:00,
jferjfer/E-comerce,,repo,2026-04-03 20:53:25+00:00,
jferjfer/E-comerce,,repo,2026-04-03 20:33:58+00:00,
jferjfer/E-comerce,,repo,2026-04-03 19:16:21+00:00,
jferjfer/E-comerce,,repo,2026-04-03 19:10:02+00:00,
jferjfer/E-comerce,,repo,2026-04-03 17:47:24+00:00,
jferjfer/E-comerce,,repo,2026-04-03 17:23:25+00:00,
jferjfer/E-comerce,,repo,2026-04-03 07:36:59+00:00,
jferjfer/E-comerce,,repo,2026-04-03 06:15:01+00:00,
jferjfer/E-comerce,,repo,2026-04-03 06:12:52+00:00,
jferjfer/E-comerce,,repo,2026-04-03 05:59:41+00:00,
jferjfer/E-comerce,,repo,2026-04-03 05:22:14+00:00,
jferjfer/E-comerce,,repo,2026-04-03 05:08:20+00:00,
jferjfer/E-comerce,,repo,2026-04-03 04:55:02+00:00,
jferjfer/E-comerce,,repo,2026-04-03 04:47:53+00:00,
jferjfer/E-comerce,,repo,2026-04-03 04:41:04+00:00,
jferjfer/E-comerce,,repo,2026-04-03 04:17:11+00:00,
jferjfer/E-comerce,,repo,2026-04-03 04:12:37+00:00,
jferjfer/E-comerce,,repo,2026-04-01 18:24:40+00:00,
jferjfer/E-comerce,,repo,2026-03-28 05:33:50+00:00,
jferjfer/E-comerce,,repo,2026-03-28 05:15:53+00:00,
jferjfer/E-comerce,,repo,2026-03-28 05:10:29+00:00,
jferjfer/E-comerce,,repo,2026-03-28 05:01:46+00:00,
jferjfer/E-comerce,,repo,2026-03-28 04:44:29+00:00,
jferjfer/E-comerce,,repo,2026-03-28 04:07:04+00:00,
jferjfer/E-comerce,,repo,2026-03-28 03:02:33+00:00,
jferjfer/E-comerce,,repo,2026-03-28 03:00:14+00:00,
jferjfer/E-comerce,,repo,2026-03-27 21:07:43+00:00,
jferjfer/E-comerce,,repo,2026-03-27 20:56:52+00:00,
jferjfer/E-comerce,,repo,2026-03-27 19:41:05+00:00,
jferjfer/E-comerce,k8s/autoscaling/hpa.yaml,hpa_file,2026-04-11 01:40:23+00:00,
jferjfer/E-comerce,k8s/autoscaling/hpa.yaml,hpa_file,2026-04-03 04:12:37+00:00,
g0t4/course-rancher-gitops,,repo,2025-04-19 08:33:52+00:00,
g0t4/course-rancher-gitops,,repo,2025-04-19 07:39:19+00:00,
g0t4/course-rancher-gitops,,repo,2025-04-19 07:07:21+00:00,
g0t4/course-rancher-gitops,,repo,2025-04-19 06:48:30+00:00,
g0t4/course-rancher-gitops,,repo,2025-04-19 06:36:11+00:00,
g0t4/course-rancher-gitops,,repo,2025-04-19 06:22:44+00:00,
g0t4/course-rancher-gitops,,repo,2025-04-19 05:01:14+00:00,
g0t4/course-rancher-gitops,hpa.yaml,hpa_file,2025-04-19 08:33:52+00:00,
g0t4/course-rancher-gitops,hpa.yaml,hpa_file,2025-04-19 07:07:21+00:00,
ManoelaCunha/payment-service,,repo,2026-01-27 14:26:56+00:00,
ManoelaCunha/payment-service,,repo,2026-01-27 14:23:57+00:00,
ManoelaCunha/payment-service,,repo,2026-01-27 14:00:57+00:00,
ManoelaCunha/payment-service,,repo,2026-01-27 13:57:14+00:00,
ManoelaCunha/payment-service,,repo,2026-01-27 13:55:17+00:00,
ManoelaCunha/payment-service,,repo,2026-01-27 13:37:47+00:00,
ManoelaCunha/payment-service,,repo,2026-01-27 13:01:33+00:00,
ManoelaCunha/payment-service,,repo,2026-01-25 00:15:43+00:00,
ManoelaCunha/payment-service,,repo,2026-01-24 19:33:14+00:00,
ManoelaCunha/payment-service,k8s/production/app/api-hpa.yaml,hpa_file,2026-01-24 19:33:14+00:00,
saksham-002/kotak-cherry,,repo,2024-08-30 15:22:12+00:00,
saksham-002/kotak-cherry,,repo,2024-08-30 15:21:36+00:00,
saksham-002/kotak-cherry,,repo,2024-08-30 15:18:24+00:00,
saksham-002/kotak-cherry,,repo,2024-08-30 14:59:17+00:00,
saksham-002/kotak-cherry,,repo,2024-08-30 14:33:05+00:00,
saksham-002/kotak-cherry,,repo,2024-08-30 13:34:23+00:00,
saksham-002/kotak-cherry,,repo,2024-08-30 13:16:28+00:00,
saksham-002/kotak-cherry,,repo,2024-08-30 12:00:40+00:00,
saksham-002/kotak-cherry,,repo,2024-08-30 10:31:50+00:00,
saksham-002/kotak-cherry,,repo,2024-08-30 10:11:13+00:00,
saksham-002/kotak-cherry,,repo,2024-08-30 10:09:06+00:00,
saksham-002/kotak-cherry,,repo,2024-08-30 10:00:17+00:00,
saksham-002/kotak-cherry,,repo,2024-08-30 09:57:21+00:00,
saksham-002/kotak-cherry,,repo,2024-08-30 09:56:35+00:00,
saksham-002/kotak-cherry,,repo,2024-08-30 09:55:28+00:00,
saksham-002/kotak-cherry,,repo,2024-08-30 09:51:53+00:00,
saksham-002/kotak-cherry,,repo,2024-08-30 09:50:53+00:00,
saksham-002/kotak-cherry,,repo,2024-08-30 09:47:53+00:00,
saksham-002/kotak-cherry,,repo,2024-08-30 09:18:40+00:00,
saksham-002/kotak-cherry,,repo,2024-08-30 08:41:54+00:00,
saksham-002/kotak-cherry,,repo,2024-08-30 08:40:01+00:00,
saksham-002/kotak-cherry,k8s-manifest/express-api-manifest.yaml,hpa_file,2024-08-30 14:59:17+00:00,
sadmanHT/HopNGo-Implementation,,repo,2025-09-20 08:51:18+00:00,
sadmanHT/HopNGo-Implementation,,repo,2025-09-19 19:23:42+00:00,
sadmanHT/HopNGo-Implementation,,repo,2025-09-19 16:38:29+00:00,
sadmanHT/HopNGo-Implementation,,repo,2025-09-14 15:40:56+00:00,
sadmanHT/HopNGo-Implementation,,repo,2025-09-14 07:51:24+00:00,
sadmanHT/HopNGo-Implementation,,repo,2025-09-11 19:28:08+00:00,
sadmanHT/HopNGo-Implementation,,repo,2025-09-11 06:11:15+00:00,
sadmanHT/HopNGo-Implementation,,repo,2025-09-07 07:07:57+00:00,
sadmanHT/HopNGo-Implementation,,repo,2025-09-06 19:06:08+00:00,
sadmanHT/HopNGo-Implementation,,repo,2025-09-06 17:23:16+00:00,
sadmanHT/HopNGo-Implementation,,repo,2025-09-06 09:23:48+00:00,
sadmanHT/HopNGo-Implementation,,repo,2025-09-06 09:21:03+00:00,
sadmanHT/HopNGo-Implementation,,repo,2025-09-06 08:47:40+00:00,
sadmanHT/HopNGo-Implementation,,repo,2025-09-06 08:32:24+00:00,
sadmanHT/HopNGo-Implementation,,repo,2025-09-05 05:58:12+00:00,
sadmanHT/HopNGo-Implementation,,repo,2025-09-04 20:54:52+00:00,
sadmanHT/HopNGo-Implementation,,repo,2025-09-04 18:58:22+00:00,
sadmanHT/HopNGo-Implementation,,repo,2025-09-04 17:36:49+00:00,
sadmanHT/HopNGo-Implementation,,repo,2025-09-04 16:24:35+00:00,
sadmanHT/HopNGo-Implementation,infra/k8s/base/chat-service/hpa.yaml,hpa_file,2025-09-06 09:21:03+00:00,
AlmogMaman/SnapKube,,repo,2024-11-07 06:52:50+00:00,
AlmogMaman/SnapKube,,repo,2024-11-07 06:52:23+00:00,
AlmogMaman/SnapKube,,repo,2024-11-07 06:49:46+00:00,
AlmogMaman/SnapKube,,repo,2024-11-07 06:48:42+00:00,
AlmogMaman/SnapKube,,repo,2024-11-07 06:15:27+00:00,
AlmogMaman/SnapKube,,repo,2024-11-07 06:12:58+00:00,
AlmogMaman/SnapKube,,repo,2024-11-07 06:11:37+00:00,
AlmogMaman/SnapKube,,repo,2024-11-07 05:57:02+00:00,
AlmogMaman/SnapKube,,repo,2024-11-07 05:43:00+00:00,
AlmogMaman/SnapKube,,repo,2024-11-07 05:34:46+00:00,
AlmogMaman/SnapKube,,repo,2024-11-07 05:13:47+00:00,
AlmogMaman/SnapKube,,repo,2024-11-07 05:10:37+00:00,
AlmogMaman/SnapKube,,repo,2024-11-07 05:05:45+00:00,
AlmogMaman/SnapKube,,repo,2024-11-07 05:03:38+00:00,
AlmogMaman/SnapKube,,repo,2024-11-07 03:53:09+00:00,
AlmogMaman/SnapKube,,repo,2024-11-07 03:46:17+00:00,
AlmogMaman/SnapKube,,repo,2024-11-07 02:02:45+00:00,
AlmogMaman/SnapKube,,repo,2024-11-07 01:54:47+00:00,
AlmogMaman/SnapKube,,repo,2024-11-07 00:38:53+00:00,
AlmogMaman/SnapKube,,repo,2024-11-06 23:40:11+00:00,
AlmogMaman/SnapKube,,repo,2024-11-06 21:13:04+00:00,
AlmogMaman/SnapKube,,repo,2024-11-05 22:43:03+00:00,
AlmogMaman/SnapKube,,repo,2024-11-05 11:59:33+00:00,
AlmogMaman/SnapKube,,repo,2024-11-05 01:12:42+00:00,
AlmogMaman/SnapKube,,repo,2024-11-04 14:08:31+00:00,
AlmogMaman/SnapKube,,repo,2024-11-03 08:49:44+00:00,
AlmogMaman/SnapKube,k8s/application/hpa.yaml,hpa_file,2024-11-06 23:40:11+00:00,
AlmogMaman/SnapKube,k8s/application/hpa.yaml,hpa_file,2024-11-05 22:43:03+00:00,
AlmogMaman/SnapKube,k8s/application/hpa.yaml,hpa_file,2024-11-05 11:59:33+00:00,
AlmogMaman/SnapKube,k8s/application/hpa.yaml,hpa_file,2024-11-05 01:12:42+00:00,
AlmogMaman/SnapKube,k8s/application/hpa.yaml,hpa_file,2024-11-04 14:08:31+00:00,
sunflower-class/customer-service,,repo,2025-09-12 03:33:55+00:00,
sunflower-class/customer-service,,repo,2025-09-03 00:46:46+00:00,
sunflower-class/customer-service,,repo,2025-08-28 07:11:13+00:00,
sunflower-class/customer-service,,repo,2025-08-27 02:37:05+00:00,
sunflower-class/customer-service,,repo,2025-08-27 02:12:02+00:00,
sunflower-class/customer-service,,repo,2025-08-27 02:10:49+00:00,
sunflower-class/customer-service,,repo,2025-08-27 02:07:09+00:00,
sunflower-class/customer-service,,repo,2025-08-27 01:52:23+00:00,
sunflower-class/customer-service,,repo,2025-08-27 01:36:38+00:00,
sunflower-class/customer-service,,repo,2025-08-27 00:29:45+00:00,
sunflower-class/customer-service,,repo,2025-08-26 13:13:45+00:00,
sunflower-class/customer-service,,repo,2025-08-25 06:30:26+00:00,
sunflower-class/customer-service,,repo,2025-08-25 05:37:50+00:00,
sunflower-class/customer-service,,repo,2025-08-24 13:34:52+00:00,
sunflower-class/customer-service,,repo,2025-08-24 13:07:54+00:00,
sunflower-class/customer-service,,repo,2025-08-24 09:36:04+00:00,
sunflower-class/customer-service,,repo,2025-08-24 09:21:59+00:00,
sunflower-class/customer-service,,repo,2025-08-24 08:32:05+00:00,
sunflower-class/customer-service,,repo,2025-08-23 12:59:44+00:00,
sunflower-class/customer-service,,repo,2025-08-23 12:21:17+00:00,
sunflower-class/customer-service,,repo,2025-08-23 12:18:00+00:00,
sunflower-class/customer-service,,repo,2025-08-23 11:23:08+00:00,
sunflower-class/customer-service,,repo,2025-08-23 11:02:49+00:00,
sunflower-class/customer-service,,repo,2025-08-23 10:54:59+00:00,
sunflower-class/customer-service,,repo,2025-08-23 10:49:48+00:00,
sunflower-class/customer-service,,repo,2025-08-23 09:40:25+00:00,
sunflower-class/customer-service,,repo,2025-08-22 15:32:31+00:00,
sunflower-class/customer-service,,repo,2025-08-22 15:28:34+00:00,
sunflower-class/customer-service,,repo,2025-08-22 15:22:59+00:00,
sunflower-class/customer-service,,repo,2025-08-22 14:58:32+00:00,
sunflower-class/customer-service,,repo,2025-08-22 08:56:22+00:00,
sunflower-class/customer-service,,repo,2025-08-22 07:57:37+00:00,
sunflower-class/customer-service,,repo,2025-08-22 07:06:40+00:00,
sunflower-class/customer-service,,repo,2025-08-22 06:58:33+00:00,
sunflower-class/customer-service,,repo,2025-08-22 06:58:09+00:00,
sunflower-class/customer-service,,repo,2025-08-22 06:37:52+00:00,
sunflower-class/customer-service,,repo,2025-08-22 06:29:22+00:00,
sunflower-class/customer-service,,repo,2025-08-22 06:15:01+00:00,
sunflower-class/customer-service,,repo,2025-08-22 05:58:40+00:00,
sunflower-class/customer-service,,repo,2025-08-22 05:41:50+00:00,
sunflower-class/customer-service,,repo,2025-08-22 05:23:34+00:00,
sunflower-class/customer-service,,repo,2025-08-22 05:13:20+00:00,
sunflower-class/customer-service,,repo,2025-08-22 05:03:32+00:00,
sunflower-class/customer-service,,repo,2025-08-22 04:55:20+00:00,
sunflower-class/customer-service,,repo,2025-08-22 04:49:28+00:00,
sunflower-class/customer-service,,repo,2025-08-22 04:33:43+00:00,
sunflower-class/customer-service,,repo,2025-08-22 03:56:01+00:00,
sunflower-class/customer-service,,repo,2025-08-22 02:42:19+00:00,
sunflower-class/customer-service,,repo,2025-08-22 02:33:47+00:00,
sunflower-class/customer-service,,repo,2025-08-22 02:23:32+00:00,
sunflower-class/customer-service,,repo,2025-08-22 01:57:35+00:00,
sunflower-class/customer-service,,repo,2025-08-22 01:49:56+00:00,
sunflower-class/customer-service,,repo,2025-08-21 06:53:23+00:00,
sunflower-class/customer-service,,repo,2025-08-21 04:36:22+00:00,
sunflower-class/customer-service,,repo,2025-08-21 04:05:21+00:00,
sunflower-class/customer-service,,repo,2025-08-21 02:53:43+00:00,
sunflower-class/customer-service,,repo,2025-08-21 02:21:22+00:00,
sunflower-class/customer-service,,repo,2025-08-21 01:57:21+00:00,
sunflower-class/customer-service,,repo,2025-08-21 01:56:05+00:00,
sunflower-class/customer-service,,repo,2025-08-19 05:34:04+00:00,
sunflower-class/customer-service,,repo,2025-08-18 11:02:18+00:00,
sunflower-class/customer-service,,repo,2025-08-18 11:00:57+00:00,
sunflower-class/customer-service,,repo,2025-08-18 09:08:26+00:00,
sunflower-class/customer-service,,repo,2025-08-14 13:30:22+00:00,
sunflower-class/customer-service,,repo,2025-08-14 13:29:17+00:00,
sunflower-class/customer-service,,repo,2025-08-14 05:37:23+00:00,
sunflower-class/customer-service,,repo,2025-08-13 06:46:03+00:00,
sunflower-class/customer-service,,repo,2025-08-13 06:44:56+00:00,
sunflower-class/customer-service,,repo,2025-08-13 05:49:15+00:00,
sunflower-class/customer-service,,repo,2025-08-13 05:39:30+00:00,
sunflower-class/customer-service,,repo,2025-08-13 03:05:33+00:00,
sunflower-class/customer-service,,repo,2025-08-13 02:51:21+00:00,
sunflower-class/customer-service,,repo,2025-08-13 01:39:31+00:00,
sunflower-class/customer-service,,repo,2025-08-12 08:06:39+00:00,
sunflower-class/customer-service,,repo,2025-08-12 06:47:46+00:00,
sunflower-class/customer-service,,repo,2025-08-12 02:45:43+00:00,
sunflower-class/customer-service,,repo,2025-08-11 08:43:09+00:00,
sunflower-class/customer-service,,repo,2025-08-11 07:59:31+00:00,
sunflower-class/customer-service,,repo,2025-08-11 07:50:17+00:00,
sunflower-class/customer-service,,repo,2025-08-11 07:48:17+00:00,
sunflower-class/customer-service,,repo,2025-08-11 02:23:12+00:00,
sunflower-class/customer-service,,repo,2025-08-11 01:19:50+00:00,
sunflower-class/customer-service,,repo,2025-08-11 01:04:23+00:00,
sunflower-class/customer-service,,repo,2025-08-10 12:33:38+00:00,
sunflower-class/customer-service,,repo,2025-08-10 09:24:44+00:00,
sunflower-class/customer-service,,repo,2025-08-10 04:04:27+00:00,
sunflower-class/customer-service,,repo,2025-08-09 14:08:23+00:00,
sunflower-class/customer-service,,repo,2025-08-09 10:07:52+00:00,
sunflower-class/customer-service,,repo,2025-08-08 06:21:37+00:00,
sunflower-class/customer-service,,repo,2025-08-08 06:16:40+00:00,
sunflower-class/customer-service,,repo,2025-08-08 06:13:51+00:00,
sunflower-class/customer-service,,repo,2025-08-08 02:23:22+00:00,
sunflower-class/customer-service,,repo,2025-08-08 02:08:59+00:00,
sunflower-class/customer-service,,repo,2025-08-08 02:00:47+00:00,
sunflower-class/customer-service,,repo,2025-08-08 01:44:25+00:00,
sunflower-class/customer-service,,repo,2025-08-07 12:46:00+00:00,
sunflower-class/customer-service,,repo,2025-08-07 12:28:40+00:00,
sunflower-class/customer-service,,repo,2025-08-07 12:20:41+00:00,
sunflower-class/customer-service,,repo,2025-08-07 08:58:20+00:00,
sunflower-class/customer-service,,repo,2025-08-07 08:57:37+00:00,
sunflower-class/customer-service,,repo,2025-08-07 08:53:53+00:00,
sunflower-class/customer-service,,repo,2025-08-07 08:47:51+00:00,
sunflower-class/customer-service,,repo,2025-08-07 08:41:27+00:00,
sunflower-class/customer-service,,repo,2025-08-07 07:16:20+00:00,
sunflower-class/customer-service,,repo,2025-08-07 07:13:16+00:00,
sunflower-class/customer-service,,repo,2025-08-07 06:19:58+00:00,
sunflower-class/customer-service,,repo,2025-08-07 01:27:12+00:00,
sunflower-class/customer-service,,repo,2025-08-07 01:22:30+00:00,
sunflower-class/customer-service,,repo,2025-08-07 01:03:37+00:00,
sunflower-class/customer-service,,repo,2025-08-07 01:00:41+00:00,
sunflower-class/customer-service,,repo,2025-08-07 00:48:58+00:00,
sunflower-class/customer-service,,repo,2025-08-06 09:35:19+00:00,
sunflower-class/customer-service,,repo,2025-08-06 09:29:50+00:00,
sunflower-class/customer-service,,repo,2025-08-06 07:45:10+00:00,
sunflower-class/customer-service,,repo,2025-08-05 08:18:53+00:00,
sunflower-class/customer-service,,repo,2025-08-05 02:16:06+00:00,
sunflower-class/customer-service,,repo,2025-08-05 01:44:11+00:00,
sunflower-class/customer-service,,repo,2025-08-05 01:43:08+00:00,
sunflower-class/customer-service,,repo,2025-08-04 09:21:51+00:00,
sunflower-class/customer-service,,repo,2025-08-04 08:58:09+00:00,
sunflower-class/customer-service,,repo,2025-08-04 06:37:36+00:00,
sunflower-class/customer-service,,repo,2025-08-04 05:01:59+00:00,
sunflower-class/customer-service,,repo,2025-08-04 05:00:05+00:00,
sunflower-class/customer-service,,repo,2025-08-04 02:15:04+00:00,
sunflower-class/customer-service,,repo,2025-08-04 02:15:04+00:00,
sunflower-class/customer-service,,repo,2025-08-01 05:53:24+00:00,
sunflower-class/customer-service,,repo,2025-07-31 06:15:38+00:00,
sunflower-class/customer-service,,repo,2025-07-31 05:51:43+00:00,
sunflower-class/customer-service,,repo,2025-07-31 02:43:19+00:00,
sunflower-class/customer-service,,repo,2025-07-30 02:01:44+00:00,
sunflower-class/customer-service,,repo,2025-07-30 01:30:14+00:00,
sunflower-class/customer-service,,repo,2025-07-31 02:43:19+00:00,
sunflower-class/customer-service,,repo,2025-07-30 02:01:44+00:00,
sunflower-class/customer-service,,repo,2025-07-30 01:30:14+00:00,
sunflower-class/customer-service,,repo,2025-07-29 14:46:54+00:00,
sunflower-class/customer-service,,repo,2025-07-29 14:17:13+00:00,
sunflower-class/customer-service,,repo,2025-07-29 14:16:37+00:00,
sunflower-class/customer-service,,repo,2025-07-29 14:05:48+00:00,
sunflower-class/customer-service,,repo,2025-07-29 07:20:40+00:00,
sunflower-class/customer-service,,repo,2025-07-28 08:54:42+00:00,
sunflower-class/customer-service,,repo,2025-07-28 07:45:05+00:00,
sunflower-class/customer-service,,repo,2025-07-28 07:12:14+00:00,
sunflower-class/customer-service,,repo,2025-07-28 05:10:25+00:00,
sunflower-class/customer-service,,repo,2025-07-25 08:16:29+00:00,
sunflower-class/customer-service,,repo,2025-07-24 12:45:52+00:00,
sunflower-class/customer-service,,repo,2025-07-24 05:38:43+00:00,
sunflower-class/customer-service,,repo,2025-07-24 05:03:16+00:00,
sunflower-class/customer-service,,repo,2025-07-23 05:56:41+00:00,
sunflower-class/customer-service,,repo,2025-07-22 17:04:10+00:00,
sunflower-class/customer-service,,repo,2025-07-21 15:23:48+00:00,
sunflower-class/customer-service,,repo,2025-07-21 15:17:32+00:00,
sunflower-class/customer-service,,repo,2025-07-21 15:17:07+00:00,
sunflower-class/customer-service,,repo,2025-07-21 02:40:43+00:00,
sunflower-class/customer-service,,repo,2025-07-18 00:56:47+00:00,
sunflower-class/customer-service,kubernetes/embedding-worker/deployment.yml,hpa_file,2025-08-21 02:21:22+00:00,
sunflower-class/customer-service,kubernetes/embedding-worker/deployment.yml,hpa_file,2025-08-18 11:02:18+00:00,
sunflower-class/customer-service,kubernetes/embedding-worker/deployment.yml,hpa_file,2025-08-18 09:08:26+00:00,
sunflower-class/customer-service,kubernetes/embedding-worker/deployment.yml,hpa_file,2025-08-14 13:30:22+00:00,
tachyonrajput/financial_app-aws-architecture,,repo,2025-04-06 11:29:47+00:00,
tachyonrajput/financial_app-aws-architecture,,repo,2025-04-05 07:42:05+00:00,
tachyonrajput/financial_app-aws-architecture,,repo,2025-04-05 03:48:36+00:00,
tachyonrajput/financial_app-aws-architecture,,repo,2025-04-05 03:26:43+00:00,
tachyonrajput/financial_app-aws-architecture,,repo,2025-04-05 03:02:33+00:00,
tachyonrajput/financial_app-aws-architecture,,repo,2025-04-05 02:43:19+00:00,
tachyonrajput/financial_app-aws-architecture,,repo,2025-04-05 02:16:32+00:00,
tachyonrajput/financial_app-aws-architecture,kubernetes/manifests/backend/hpa.yaml,hpa_file,2025-04-05 03:26:43+00:00,
robby1012/springboot4-native,,repo,2025-12-14 17:34:27+00:00,
robby1012/springboot4-native,k8s/autoscaling.yaml,hpa_file,2025-12-14 17:34:27+00:00,
AMINE7119/microservices-deployment-pipeline,,repo,2026-04-13 19:21:44+00:00,
AMINE7119/microservices-deployment-pipeline,,repo,2026-04-13 18:51:40+00:00,
AMINE7119/microservices-deployment-pipeline,,repo,2026-04-13 18:41:05+00:00,
AMINE7119/microservices-deployment-pipeline,,repo,2025-08-23 09:45:55+00:00,
AMINE7119/microservices-deployment-pipeline,,repo,2025-08-23 09:41:32+00:00,
AMINE7119/microservices-deployment-pipeline,,repo,2025-08-23 09:31:25+00:00,
AMINE7119/microservices-deployment-pipeline,,repo,2025-08-22 15:44:06+00:00,
AMINE7119/microservices-deployment-pipeline,,repo,2025-08-22 15:38:18+00:00,
AMINE7119/microservices-deployment-pipeline,,repo,2025-08-22 15:27:17+00:00,
AMINE7119/microservices-deployment-pipeline,,repo,2025-08-22 15:03:08+00:00,
AMINE7119/microservices-deployment-pipeline,,repo,2025-08-22 14:59:31+00:00,
AMINE7119/microservices-deployment-pipeline,,repo,2025-08-22 14:54:42+00:00,
AMINE7119/microservices-deployment-pipeline,,repo,2025-08-22 14:44:10+00:00,
AMINE7119/microservices-deployment-pipeline,,repo,2025-08-11 16:35:57+00:00,
AMINE7119/microservices-deployment-pipeline,,repo,2025-08-11 16:28:00+00:00,
AMINE7119/microservices-deployment-pipeline,,repo,2025-08-11 16:23:50+00:00,
AMINE7119/microservices-deployment-pipeline,,repo,2025-08-11 15:38:45+00:00,
AMINE7119/microservices-deployment-pipeline,,repo,2025-08-11 15:32:13+00:00,
AMINE7119/microservices-deployment-pipeline,,repo,2025-08-10 09:16:44+00:00,
AMINE7119/microservices-deployment-pipeline,,repo,2025-08-10 09:09:19+00:00,
AMINE7119/microservices-deployment-pipeline,,repo,2025-08-10 08:58:35+00:00,
AMINE7119/microservices-deployment-pipeline,,repo,2025-08-10 08:52:34+00:00,
AMINE7119/microservices-deployment-pipeline,,repo,2025-08-10 08:24:19+00:00,
AMINE7119/microservices-deployment-pipeline,,repo,2025-08-10 08:23:31+00:00,
AMINE7119/microservices-deployment-pipeline,,repo,2025-08-10 08:22:41+00:00,
AMINE7119/microservices-deployment-pipeline,,repo,2025-08-10 08:09:49+00:00,
AMINE7119/microservices-deployment-pipeline,,repo,2025-08-10 08:02:58+00:00,
AMINE7119/microservices-deployment-pipeline,,repo,2025-08-10 03:10:06+00:00,
AMINE7119/microservices-deployment-pipeline,,repo,2025-08-10 03:02:43+00:00,
AMINE7119/microservices-deployment-pipeline,,repo,2025-08-09 16:33:44+00:00,
AMINE7119/microservices-deployment-pipeline,,repo,2025-08-09 16:29:52+00:00,
AMINE7119/microservices-deployment-pipeline,,repo,2025-08-09 15:28:27+00:00,
AMINE7119/microservices-deployment-pipeline,optimization/performance/scaling/advanced-hpa-vpa.yaml,hpa_file,2025-08-22 15:27:17+00:00,
Apoorva0702/MLOps,,repo,2026-04-23 18:51:13+00:00,
Apoorva0702/MLOps,,repo,2026-04-23 18:48:08+00:00,
Apoorva0702/MLOps,,repo,2026-04-23 18:45:29+00:00,
Apoorva0702/MLOps,,repo,2026-04-23 18:23:13+00:00,
Apoorva0702/MLOps,,repo,2026-04-23 18:21:46+00:00,
Apoorva0702/MLOps,,repo,2026-04-23 18:19:36+00:00,
Apoorva0702/MLOps,,repo,2026-04-23 18:18:03+00:00,
Apoorva0702/MLOps,,repo,2026-04-23 18:15:02+00:00,
Apoorva0702/MLOps,,repo,2026-04-23 17:42:49+00:00,
Apoorva0702/MLOps,k8s/hpa.yaml,hpa_file,2026-04-23 17:42:49+00:00,
deamaya44/k8s-demo-pods-creator,,repo,2025-08-23 01:15:21+00:00,
deamaya44/k8s-demo-pods-creator,,repo,2025-08-23 01:10:32+00:00,
deamaya44/k8s-demo-pods-creator,nginx.yaml,hpa_file,2025-08-23 01:10:32+00:00,
okobiajoshua/email-service,,repo,2025-07-30 14:20:15+00:00,
okobiajoshua/email-service,deployments/k8s/hpa.yaml,hpa_file,2025-07-30 14:20:15+00:00,
luisbianconi/PICK2024,,repo,2025-06-28 14:53:05+00:00,
luisbianconi/PICK2024,,repo,2025-06-26 22:38:21+00:00,
luisbianconi/PICK2024,,repo,2025-02-23 20:37:53+00:00,
luisbianconi/PICK2024,,repo,2025-02-23 20:34:13+00:00,
luisbianconi/PICK2024,,repo,2025-02-10 18:55:01+00:00,
luisbianconi/PICK2024,,repo,2025-02-10 18:40:15+00:00,
luisbianconi/PICK2024,,repo,2025-01-31 14:11:03+00:00,
luisbianconi/PICK2024,,repo,2025-01-18 15:30:34+00:00,
luisbianconi/PICK2024,,repo,2025-01-08 12:41:27+00:00,
luisbianconi/PICK2024,,repo,2025-01-08 03:47:10+00:00,
luisbianconi/PICK2024,Descomplicando_Kubernetes/hpa-giropops-senhas/hpa-giropops-senhas-cpu.yaml,hpa_file,2025-02-10 18:40:15+00:00,
spynetS/TSFN14_2026_ProjectGroup_7,,repo,2026-03-26 20:58:04+00:00,
spynetS/TSFN14_2026_ProjectGroup_7,,repo,2026-03-20 14:15:10+00:00,
spynetS/TSFN14_2026_ProjectGroup_7,,repo,2026-03-20 11:18:33+00:00,
spynetS/TSFN14_2026_ProjectGroup_7,,repo,2026-03-11 11:55:11+00:00,
spynetS/TSFN14_2026_ProjectGroup_7,,repo,2026-03-11 11:48:57+00:00,
spynetS/TSFN14_2026_ProjectGroup_7,,repo,2026-03-11 11:38:00+00:00,
spynetS/TSFN14_2026_ProjectGroup_7,,repo,2026-03-11 11:32:49+00:00,
spynetS/TSFN14_2026_ProjectGroup_7,,repo,2026-03-11 11:27:55+00:00,
spynetS/TSFN14_2026_ProjectGroup_7,,repo,2026-03-11 11:23:14+00:00,
spynetS/TSFN14_2026_ProjectGroup_7,,repo,2026-03-11 10:38:44+00:00,
spynetS/TSFN14_2026_ProjectGroup_7,,repo,2026-03-11 10:34:50+00:00,
spynetS/TSFN14_2026_ProjectGroup_7,,repo,2026-03-11 10:33:33+00:00,
spynetS/TSFN14_2026_ProjectGroup_7,,repo,2026-03-11 10:32:51+00:00,
spynetS/TSFN14_2026_ProjectGroup_7,,repo,2026-03-10 21:27:52+00:00,
spynetS/TSFN14_2026_ProjectGroup_7,,repo,2026-03-08 10:57:18+00:00,
spynetS/TSFN14_2026_ProjectGroup_7,,repo,2026-03-07 15:44:04+00:00,
spynetS/TSFN14_2026_ProjectGroup_7,,repo,2026-03-07 15:25:10+00:00,
spynetS/TSFN14_2026_ProjectGroup_7,,repo,2026-03-06 13:46:43+00:00,
spynetS/TSFN14_2026_ProjectGroup_7,,repo,2026-03-06 12:16:52+00:00,
spynetS/TSFN14_2026_ProjectGroup_7,,repo,2026-03-05 19:28:11+00:00,
spynetS/TSFN14_2026_ProjectGroup_7,,repo,2026-03-05 18:35:08+00:00,
spynetS/TSFN14_2026_ProjectGroup_7,,repo,2026-03-05 15:59:51+00:00,
spynetS/TSFN14_2026_ProjectGroup_7,,repo,2026-03-04 10:02:17+00:00,
spynetS/TSFN14_2026_ProjectGroup_7,,repo,2026-03-04 10:01:25+00:00,
spynetS/TSFN14_2026_ProjectGroup_7,,repo,2026-03-03 18:22:25+00:00,
spynetS/TSFN14_2026_ProjectGroup_7,,repo,2026-03-03 17:57:21+00:00,
spynetS/TSFN14_2026_ProjectGroup_7,,repo,2026-03-03 17:56:22+00:00,
spynetS/TSFN14_2026_ProjectGroup_7,,repo,2026-03-03 17:41:24+00:00,
spynetS/TSFN14_2026_ProjectGroup_7,,repo,2026-03-03 17:40:29+00:00,
spynetS/TSFN14_2026_ProjectGroup_7,,repo,2026-03-03 17:13:03+00:00,
spynetS/TSFN14_2026_ProjectGroup_7,,repo,2026-03-03 17:12:35+00:00,
spynetS/TSFN14_2026_ProjectGroup_7,,repo,2026-03-02 10:43:36+00:00,
spynetS/TSFN14_2026_ProjectGroup_7,,repo,2026-03-02 10:30:13+00:00,
spynetS/TSFN14_2026_ProjectGroup_7,,repo,2026-03-02 10:21:20+00:00,
spynetS/TSFN14_2026_ProjectGroup_7,,repo,2026-03-02 10:15:36+00:00,
spynetS/TSFN14_2026_ProjectGroup_7,,repo,2026-03-02 09:56:31+00:00,
spynetS/TSFN14_2026_ProjectGroup_7,,repo,2026-02-26 20:32:00+00:00,
spynetS/TSFN14_2026_ProjectGroup_7,,repo,2026-02-26 16:57:23+00:00,
spynetS/TSFN14_2026_ProjectGroup_7,,repo,2026-02-26 14:12:47+00:00,
spynetS/TSFN14_2026_ProjectGroup_7,,repo,2026-02-25 21:00:12+00:00,
spynetS/TSFN14_2026_ProjectGroup_7,,repo,2026-02-25 20:54:58+00:00,
spynetS/TSFN14_2026_ProjectGroup_7,,repo,2026-02-25 20:50:09+00:00,
spynetS/TSFN14_2026_ProjectGroup_7,,repo,2026-02-25 20:40:35+00:00,
spynetS/TSFN14_2026_ProjectGroup_7,,repo,2026-02-25 20:35:17+00:00,
spynetS/TSFN14_2026_ProjectGroup_7,,repo,2026-02-25 20:31:01+00:00,
spynetS/TSFN14_2026_ProjectGroup_7,,repo,2026-02-25 20:30:49+00:00,
spynetS/TSFN14_2026_ProjectGroup_7,,repo,2026-02-25 20:29:40+00:00,
spynetS/TSFN14_2026_ProjectGroup_7,,repo,2026-02-25 20:26:36+00:00,
spynetS/TSFN14_2026_ProjectGroup_7,,repo,2026-02-25 20:25:06+00:00,
spynetS/TSFN14_2026_ProjectGroup_7,,repo,2026-02-25 20:20:58+00:00,
spynetS/TSFN14_2026_ProjectGroup_7,,repo,2026-02-25 20:18:37+00:00,
spynetS/TSFN14_2026_ProjectGroup_7,,repo,2026-02-25 20:09:21+00:00,
spynetS/TSFN14_2026_ProjectGroup_7,,repo,2026-02-25 20:00:58+00:00,
spynetS/TSFN14_2026_ProjectGroup_7,,repo,2026-02-25 14:22:57+00:00,
spynetS/TSFN14_2026_ProjectGroup_7,,repo,2026-02-25 14:02:09+00:00,
spynetS/TSFN14_2026_ProjectGroup_7,,repo,2026-02-25 13:53:20+00:00,
spynetS/TSFN14_2026_ProjectGroup_7,,repo,2026-02-25 12:00:38+00:00,
spynetS/TSFN14_2026_ProjectGroup_7,,repo,2026-02-25 11:59:51+00:00,
spynetS/TSFN14_2026_ProjectGroup_7,,repo,2026-02-24 21:01:41+00:00,
spynetS/TSFN14_2026_ProjectGroup_7,,repo,2026-02-24 20:31:05+00:00,
spynetS/TSFN14_2026_ProjectGroup_7,,repo,2026-02-24 20:21:48+00:00,
spynetS/TSFN14_2026_ProjectGroup_7,,repo,2026-02-24 20:15:19+00:00,
spynetS/TSFN14_2026_ProjectGroup_7,,repo,2026-02-24 20:13:35+00:00,
spynetS/TSFN14_2026_ProjectGroup_7,,repo,2026-02-24 20:06:39+00:00,
spynetS/TSFN14_2026_ProjectGroup_7,,repo,2026-02-24 20:01:21+00:00,
spynetS/TSFN14_2026_ProjectGroup_7,,repo,2026-02-24 18:37:11+00:00,
spynetS/TSFN14_2026_ProjectGroup_7,,repo,2026-02-24 18:33:29+00:00,
spynetS/TSFN14_2026_ProjectGroup_7,,repo,2026-02-24 17:03:51+00:00,
spynetS/TSFN14_2026_ProjectGroup_7,,repo,2026-02-07 13:15:50+00:00,
spynetS/TSFN14_2026_ProjectGroup_7,,repo,2026-02-07 13:12:45+00:00,
spynetS/TSFN14_2026_ProjectGroup_7,,repo,2026-02-06 16:38:42+00:00,
spynetS/TSFN14_2026_ProjectGroup_7,,repo,2026-02-06 16:35:39+00:00,
spynetS/TSFN14_2026_ProjectGroup_7,,repo,2026-02-06 16:34:41+00:00,
spynetS/TSFN14_2026_ProjectGroup_7,,repo,2026-02-06 16:09:36+00:00,
spynetS/TSFN14_2026_ProjectGroup_7,,repo,2026-02-06 16:06:25+00:00,
spynetS/TSFN14_2026_ProjectGroup_7,,repo,2026-02-06 15:54:22+00:00,
spynetS/TSFN14_2026_ProjectGroup_7,,repo,2026-02-06 15:23:44+00:00,
spynetS/TSFN14_2026_ProjectGroup_7,,repo,2026-02-06 15:17:32+00:00,
spynetS/TSFN14_2026_ProjectGroup_7,,repo,2026-02-06 15:13:50+00:00,
spynetS/TSFN14_2026_ProjectGroup_7,,repo,2026-02-06 15:04:54+00:00,
spynetS/TSFN14_2026_ProjectGroup_7,,repo,2026-02-06 15:04:41+00:00,
spynetS/TSFN14_2026_ProjectGroup_7,,repo,2026-02-06 14:58:47+00:00,
spynetS/TSFN14_2026_ProjectGroup_7,,repo,2026-01-27 16:25:06+00:00,
spynetS/TSFN14_2026_ProjectGroup_7,,repo,2026-01-27 16:24:41+00:00,
spynetS/TSFN14_2026_ProjectGroup_7,,repo,2026-01-27 16:22:58+00:00,
spynetS/TSFN14_2026_ProjectGroup_7,,repo,2026-01-18 23:34:17+00:00,
spynetS/TSFN14_2026_ProjectGroup_7,,repo,2026-01-18 23:23:17+00:00,
spynetS/TSFN14_2026_ProjectGroup_7,,repo,2025-10-26 20:39:08+00:00,
spynetS/TSFN14_2026_ProjectGroup_7,,repo,2025-10-26 20:29:34+00:00,
spynetS/TSFN14_2026_ProjectGroup_7,,repo,2025-10-22 10:49:23+00:00,
spynetS/TSFN14_2026_ProjectGroup_7,,repo,2025-10-22 10:48:50+00:00,
spynetS/TSFN14_2026_ProjectGroup_7,,repo,2025-10-22 10:48:12+00:00,
spynetS/TSFN14_2026_ProjectGroup_7,,repo,2025-10-15 12:51:18+00:00,
spynetS/TSFN14_2026_ProjectGroup_7,,repo,2025-10-15 12:02:51+00:00,
spynetS/TSFN14_2026_ProjectGroup_7,,repo,2025-10-15 11:51:18+00:00,
spynetS/TSFN14_2026_ProjectGroup_7,,repo,2025-10-15 10:10:11+00:00,
spynetS/TSFN14_2026_ProjectGroup_7,,repo,2025-10-14 18:54:33+00:00,
spynetS/TSFN14_2026_ProjectGroup_7,,repo,2025-10-14 17:53:44+00:00,
spynetS/TSFN14_2026_ProjectGroup_7,,repo,2025-10-14 17:27:14+00:00,
spynetS/TSFN14_2026_ProjectGroup_7,,repo,2025-10-14 17:26:52+00:00,
spynetS/TSFN14_2026_ProjectGroup_7,,repo,2025-10-14 17:22:36+00:00,
spynetS/TSFN14_2026_ProjectGroup_7,,repo,2025-10-14 17:16:08+00:00,
spynetS/TSFN14_2026_ProjectGroup_7,,repo,2025-10-14 17:10:51+00:00,
spynetS/TSFN14_2026_ProjectGroup_7,,repo,2025-10-14 16:16:19+00:00,
spynetS/TSFN14_2026_ProjectGroup_7,,repo,2025-10-14 11:21:55+00:00,
spynetS/TSFN14_2026_ProjectGroup_7,,repo,2025-10-14 11:21:40+00:00,
spynetS/TSFN14_2026_ProjectGroup_7,,repo,2025-10-14 11:08:14+00:00,
spynetS/TSFN14_2026_ProjectGroup_7,,repo,2025-10-14 11:04:00+00:00,
spynetS/TSFN14_2026_ProjectGroup_7,,repo,2025-10-14 10:58:17+00:00,
spynetS/TSFN14_2026_ProjectGroup_7,,repo,2025-10-14 10:39:11+00:00,
spynetS/TSFN14_2026_ProjectGroup_7,,repo,2025-10-12 10:23:02+00:00,
spynetS/TSFN14_2026_ProjectGroup_7,,repo,2025-10-11 21:09:38+00:00,
spynetS/TSFN14_2026_ProjectGroup_7,,repo,2025-10-11 21:04:25+00:00,
spynetS/TSFN14_2026_ProjectGroup_7,,repo,2025-10-11 21:01:41+00:00,
spynetS/TSFN14_2026_ProjectGroup_7,,repo,2025-10-11 19:56:05+00:00,
spynetS/TSFN14_2026_ProjectGroup_7,,repo,2025-10-11 19:53:54+00:00,
spynetS/TSFN14_2026_ProjectGroup_7,,repo,2025-10-09 22:10:44+00:00,
spynetS/TSFN14_2026_ProjectGroup_7,,repo,2025-10-09 22:09:52+00:00,
spynetS/TSFN14_2026_ProjectGroup_7,,repo,2025-10-09 22:08:04+00:00,
spynetS/TSFN14_2026_ProjectGroup_7,,repo,2025-10-09 22:06:24+00:00,
spynetS/TSFN14_2026_ProjectGroup_7,,repo,2025-10-09 22:05:38+00:00,
spynetS/TSFN14_2026_ProjectGroup_7,,repo,2025-10-09 22:01:50+00:00,
spynetS/TSFN14_2026_ProjectGroup_7,,repo,2025-10-09 21:53:20+00:00,
spynetS/TSFN14_2026_ProjectGroup_7,,repo,2025-10-09 21:51:02+00:00,
spynetS/TSFN14_2026_ProjectGroup_7,,repo,2025-10-09 21:43:48+00:00,
spynetS/TSFN14_2026_ProjectGroup_7,,repo,2025-10-09 21:41:15+00:00,
spynetS/TSFN14_2026_ProjectGroup_7,,repo,2025-10-09 21:21:43+00:00,
spynetS/TSFN14_2026_ProjectGroup_7,,repo,2025-10-09 20:54:12+00:00,
spynetS/TSFN14_2026_ProjectGroup_7,,repo,2025-10-09 20:28:32+00:00,
spynetS/TSFN14_2026_ProjectGroup_7,,repo,2025-10-09 19:54:14+00:00,
spynetS/TSFN14_2026_ProjectGroup_7,,repo,2025-10-09 19:53:31+00:00,
spynetS/TSFN14_2026_ProjectGroup_7,,repo,2025-10-09 19:47:02+00:00,
spynetS/TSFN14_2026_ProjectGroup_7,,repo,2025-10-09 19:45:37+00:00,
spynetS/TSFN14_2026_ProjectGroup_7,,repo,2025-10-09 19:44:05+00:00,
spynetS/TSFN14_2026_ProjectGroup_7,,repo,2025-10-09 17:53:28+00:00,
spynetS/TSFN14_2026_ProjectGroup_7,,repo,2025-10-09 17:48:33+00:00,
spynetS/TSFN14_2026_ProjectGroup_7,,repo,2025-10-09 08:12:59+00:00,
spynetS/TSFN14_2026_ProjectGroup_7,,repo,2025-10-09 08:09:16+00:00,
spynetS/TSFN14_2026_ProjectGroup_7,,repo,2025-10-09 08:06:41+00:00,
spynetS/TSFN14_2026_ProjectGroup_7,,repo,2025-10-09 07:59:15+00:00,
spynetS/TSFN14_2026_ProjectGroup_7,,repo,2025-10-09 07:57:47+00:00,
spynetS/TSFN14_2026_ProjectGroup_7,,repo,2025-10-09 07:53:22+00:00,
spynetS/TSFN14_2026_ProjectGroup_7,,repo,2025-10-09 07:49:35+00:00,
spynetS/TSFN14_2026_ProjectGroup_7,,repo,2025-10-09 06:55:20+00:00,
spynetS/TSFN14_2026_ProjectGroup_7,,repo,2025-10-08 20:31:55+00:00,
spynetS/TSFN14_2026_ProjectGroup_7,,repo,2025-10-08 20:20:53+00:00,
spynetS/TSFN14_2026_ProjectGroup_7,,repo,2025-10-08 20:20:21+00:00,
spynetS/TSFN14_2026_ProjectGroup_7,,repo,2025-10-08 20:20:02+00:00,
spynetS/TSFN14_2026_ProjectGroup_7,,repo,2025-10-08 20:15:27+00:00,
spynetS/TSFN14_2026_ProjectGroup_7,,repo,2025-10-08 20:07:36+00:00,
spynetS/TSFN14_2026_ProjectGroup_7,,repo,2025-10-08 20:05:28+00:00,
spynetS/TSFN14_2026_ProjectGroup_7,,repo,2025-10-08 20:00:00+00:00,
spynetS/TSFN14_2026_ProjectGroup_7,,repo,2025-10-08 19:43:15+00:00,
spynetS/TSFN14_2026_ProjectGroup_7,,repo,2025-10-08 19:39:30+00:00,
spynetS/TSFN14_2026_ProjectGroup_7,,repo,2025-10-08 19:37:30+00:00,
spynetS/TSFN14_2026_ProjectGroup_7,,repo,2025-10-08 19:36:34+00:00,
spynetS/TSFN14_2026_ProjectGroup_7,,repo,2025-10-08 19:36:16+00:00,
spynetS/TSFN14_2026_ProjectGroup_7,,repo,2025-10-08 19:34:09+00:00,
spynetS/TSFN14_2026_ProjectGroup_7,,repo,2025-10-08 19:23:17+00:00,
spynetS/TSFN14_2026_ProjectGroup_7,,repo,2025-10-08 18:51:37+00:00,
spynetS/TSFN14_2026_ProjectGroup_7,,repo,2025-10-08 18:38:25+00:00,
spynetS/TSFN14_2026_ProjectGroup_7,,repo,2025-10-08 18:34:55+00:00,
spynetS/TSFN14_2026_ProjectGroup_7,,repo,2025-10-08 18:30:01+00:00,
spynetS/TSFN14_2026_ProjectGroup_7,,repo,2025-10-08 18:21:15+00:00,
spynetS/TSFN14_2026_ProjectGroup_7,,repo,2025-10-08 18:18:39+00:00,
spynetS/TSFN14_2026_ProjectGroup_7,,repo,2025-10-08 18:09:02+00:00,
spynetS/TSFN14_2026_ProjectGroup_7,,repo,2025-10-08 17:46:04+00:00,
spynetS/TSFN14_2026_ProjectGroup_7,,repo,2025-10-08 16:52:02+00:00,
spynetS/TSFN14_2026_ProjectGroup_7,,repo,2025-10-08 16:43:08+00:00,
spynetS/TSFN14_2026_ProjectGroup_7,,repo,2025-10-08 16:42:44+00:00,
spynetS/TSFN14_2026_ProjectGroup_7,,repo,2025-10-08 16:41:19+00:00,
spynetS/TSFN14_2026_ProjectGroup_7,,repo,2025-10-08 16:40:26+00:00,
spynetS/TSFN14_2026_ProjectGroup_7,,repo,2025-10-08 16:34:13+00:00,
spynetS/TSFN14_2026_ProjectGroup_7,,repo,2025-10-08 14:46:09+00:00,
spynetS/TSFN14_2026_ProjectGroup_7,,repo,2025-10-08 14:45:07+00:00,
spynetS/TSFN14_2026_ProjectGroup_7,,repo,2025-10-08 14:44:12+00:00,
spynetS/TSFN14_2026_ProjectGroup_7,,repo,2025-10-08 14:35:25+00:00,
spynetS/TSFN14_2026_ProjectGroup_7,,repo,2025-10-08 14:33:07+00:00,
spynetS/TSFN14_2026_ProjectGroup_7,,repo,2025-10-08 14:26:01+00:00,
spynetS/TSFN14_2026_ProjectGroup_7,,repo,2025-10-08 14:25:15+00:00,
spynetS/TSFN14_2026_ProjectGroup_7,,repo,2025-10-08 12:30:39+00:00,
spynetS/TSFN14_2026_ProjectGroup_7,,repo,2025-10-08 11:44:57+00:00,
spynetS/TSFN14_2026_ProjectGroup_7,,repo,2025-10-08 11:44:42+00:00,
spynetS/TSFN14_2026_ProjectGroup_7,,repo,2025-10-07 10:56:43+00:00,
spynetS/TSFN14_2026_ProjectGroup_7,,repo,2025-10-06 20:07:37+00:00,
spynetS/TSFN14_2026_ProjectGroup_7,,repo,2025-10-06 19:38:25+00:00,
spynetS/TSFN14_2026_ProjectGroup_7,,repo,2025-10-06 18:56:39+00:00,
spynetS/TSFN14_2026_ProjectGroup_7,,repo,2025-10-06 18:39:48+00:00,
spynetS/TSFN14_2026_ProjectGroup_7,,repo,2025-10-06 18:09:35+00:00,
spynetS/TSFN14_2026_ProjectGroup_7,,repo,2025-10-06 16:13:06+00:00,
spynetS/TSFN14_2026_ProjectGroup_7,,repo,2025-10-06 15:17:41+00:00,
spynetS/TSFN14_2026_ProjectGroup_7,,repo,2025-10-06 15:16:59+00:00,
spynetS/TSFN14_2026_ProjectGroup_7,,repo,2025-10-06 15:16:57+00:00,
spynetS/TSFN14_2026_ProjectGroup_7,,repo,2025-10-06 15:15:30+00:00,
spynetS/TSFN14_2026_ProjectGroup_7,,repo,2025-10-06 13:56:02+00:00,
spynetS/TSFN14_2026_ProjectGroup_7,,repo,2025-10-06 11:02:26+00:00,
spynetS/TSFN14_2026_ProjectGroup_7,,repo,2025-10-04 08:11:52+00:00,
spynetS/TSFN14_2026_ProjectGroup_7,,repo,2025-10-05 23:30:10+00:00,
spynetS/TSFN14_2026_ProjectGroup_7,,repo,2025-10-05 23:20:53+00:00,
spynetS/TSFN14_2026_ProjectGroup_7,,repo,2025-10-05 23:18:02+00:00,
spynetS/TSFN14_2026_ProjectGroup_7,manifests/hpa.yaml,hpa_file,2026-03-08 10:57:18+00:00,
spynetS/TSFN14_2026_ProjectGroup_7,manifests/hpa.yaml,hpa_file,2026-03-07 15:25:10+00:00,
adibirzu/oci-mcp-gateway,,repo,2026-03-21 20:20:26+00:00,
adibirzu/oci-mcp-gateway,,repo,2026-03-21 20:03:09+00:00,
adibirzu/oci-mcp-gateway,,repo,2026-03-21 16:34:01+00:00,
adibirzu/oci-mcp-gateway,,repo,2026-03-21 10:39:56+00:00,
adibirzu/oci-mcp-gateway,,repo,2026-03-21 10:24:18+00:00,
adibirzu/oci-mcp-gateway,,repo,2026-03-21 09:36:19+00:00,
adibirzu/oci-mcp-gateway,,repo,2026-03-21 08:44:15+00:00,
adibirzu/oci-mcp-gateway,deploy/kubernetes/gateway/hpa.yaml,hpa_file,2026-03-21 08:44:15+00:00,
Vickouma77/luminara,,repo,2026-04-15 21:21:09+00:00,
Vickouma77/luminara,,repo,2026-04-15 19:53:03+00:00,
Vickouma77/luminara,,repo,2026-04-15 19:22:46+00:00,
Vickouma77/luminara,,repo,2026-04-14 20:12:53+00:00,
Vickouma77/luminara,,repo,2026-04-14 20:05:48+00:00,
Vickouma77/luminara,,repo,2025-12-31 19:16:41+00:00,
Vickouma77/luminara,,repo,2025-12-30 20:16:34+00:00,
Vickouma77/luminara,,repo,2025-12-22 05:52:52+00:00,
Vickouma77/luminara,,repo,2025-12-22 05:42:55+00:00,
Vickouma77/luminara,,repo,2025-12-22 05:40:04+00:00,
Vickouma77/luminara,,repo,2025-12-22 05:33:36+00:00,
Vickouma77/luminara,,repo,2025-12-22 05:33:02+00:00,
Vickouma77/luminara,,repo,2025-12-22 05:27:19+00:00,
Vickouma77/luminara,,repo,2025-12-22 05:26:01+00:00,
Vickouma77/luminara,,repo,2025-12-22 05:17:44+00:00,
Vickouma77/luminara,,repo,2025-12-18 15:23:08+00:00,
Vickouma77/luminara,,repo,2025-12-16 16:59:49+00:00,
Vickouma77/luminara,,repo,2025-12-16 16:58:49+00:00,
Vickouma77/luminara,,repo,2025-12-16 15:38:54+00:00,
Vickouma77/luminara,,repo,2025-12-16 15:24:01+00:00,
Vickouma77/luminara,,repo,2025-12-16 13:04:58+00:00,
Vickouma77/luminara,,repo,2025-12-15 16:07:02+00:00,
Vickouma77/luminara,,repo,2025-12-15 15:59:48+00:00,
Vickouma77/luminara,,repo,2025-12-15 15:53:10+00:00,
Vickouma77/luminara,,repo,2025-12-15 14:38:55+00:00,
Vickouma77/luminara,,repo,2025-12-15 13:06:53+00:00,
Vickouma77/luminara,,repo,2025-12-14 15:13:36+00:00,
Vickouma77/luminara,,repo,2025-12-13 16:10:01+00:00,
Vickouma77/luminara,,repo,2025-12-13 15:25:54+00:00,
Vickouma77/luminara,,repo,2025-12-12 20:28:48+00:00,
Vickouma77/luminara,,repo,2025-12-12 19:57:47+00:00,
Vickouma77/luminara,,repo,2025-12-12 19:32:32+00:00,
Vickouma77/luminara,,repo,2025-12-12 19:30:52+00:00,
Vickouma77/luminara,,repo,2025-12-11 16:02:45+00:00,
Vickouma77/luminara,,repo,2025-12-11 15:57:54+00:00,
Vickouma77/luminara,,repo,2025-12-11 15:50:58+00:00,
Vickouma77/luminara,,repo,2025-12-11 15:41:32+00:00,
Vickouma77/luminara,,repo,2025-12-11 13:55:14+00:00,
Vickouma77/luminara,,repo,2025-12-11 13:54:50+00:00,
Vickouma77/luminara,,repo,2025-12-10 13:44:04+00:00,
Vickouma77/luminara,,repo,2025-12-10 13:40:02+00:00,
Vickouma77/luminara,,repo,2025-12-10 13:33:29+00:00,
Vickouma77/luminara,,repo,2025-12-10 13:29:10+00:00,
Vickouma77/luminara,,repo,2025-12-10 11:56:24+00:00,
Vickouma77/luminara,,repo,2025-12-10 11:13:50+00:00,
Vickouma77/luminara,,repo,2025-12-10 11:12:23+00:00,
Vickouma77/luminara,,repo,2025-12-10 10:37:28+00:00,
Vickouma77/luminara,,repo,2025-12-10 07:58:02+00:00,
Vickouma77/luminara,,repo,2025-11-27 18:29:06+00:00,
Vickouma77/luminara,,repo,2025-11-23 16:03:53+00:00,
Vickouma77/luminara,,repo,2025-11-23 15:51:17+00:00,
Vickouma77/luminara,,repo,2025-11-23 15:42:21+00:00,
Vickouma77/luminara,,repo,2025-11-23 15:32:52+00:00,
Vickouma77/luminara,,repo,2025-11-23 15:31:09+00:00,
Vickouma77/luminara,,repo,2025-11-23 15:25:09+00:00,
Vickouma77/luminara,,repo,2025-11-23 15:22:32+00:00,
Vickouma77/luminara,,repo,2025-11-23 14:42:04+00:00,
Vickouma77/luminara,,repo,2025-11-23 14:34:20+00:00,
Vickouma77/luminara,,repo,2025-11-23 14:27:31+00:00,
Vickouma77/luminara,,repo,2025-11-23 13:12:27+00:00,
Vickouma77/luminara,,repo,2025-11-23 12:55:53+00:00,
Vickouma77/luminara,,repo,2025-11-23 12:50:52+00:00,
Vickouma77/luminara,,repo,2025-11-22 19:37:07+00:00,
Vickouma77/luminara,,repo,2025-11-22 17:56:44+00:00,
Vickouma77/luminara,,repo,2025-11-21 20:05:53+00:00,
Vickouma77/luminara,,repo,2025-11-21 18:56:44+00:00,
Vickouma77/luminara,,repo,2025-11-20 19:49:38+00:00,
Vickouma77/luminara,,repo,2025-08-25 09:26:45+00:00,
Vickouma77/luminara,,repo,2025-08-23 19:46:18+00:00,
Vickouma77/luminara,,repo,2025-08-23 18:23:55+00:00,
Vickouma77/luminara,,repo,2025-08-23 18:14:49+00:00,
Vickouma77/luminara,,repo,2025-08-23 18:14:14+00:00,
Vickouma77/luminara,,repo,2025-08-22 10:58:37+00:00,
Vickouma77/luminara,,repo,2025-08-21 17:59:36+00:00,
Vickouma77/luminara,,repo,2025-08-21 17:50:44+00:00,
Vickouma77/luminara,,repo,2025-08-21 17:17:52+00:00,
Vickouma77/luminara,,repo,2025-08-12 09:24:14+00:00,
Vickouma77/luminara,,repo,2025-08-12 09:16:39+00:00,
Vickouma77/luminara,,repo,2025-08-12 09:04:07+00:00,
Vickouma77/luminara,,repo,2025-08-11 21:00:01+00:00,
Vickouma77/luminara,,repo,2025-08-11 20:12:44+00:00,
Vickouma77/luminara,,repo,2025-08-11 20:06:47+00:00,
Vickouma77/luminara,,repo,2025-08-11 19:51:51+00:00,
Vickouma77/luminara,,repo,2025-08-11 19:50:16+00:00,
Vickouma77/luminara,,repo,2025-08-04 18:24:30+00:00,
Vickouma77/luminara,,repo,2025-08-04 09:17:07+00:00,
Vickouma77/luminara,,repo,2025-08-04 09:16:30+00:00,
Vickouma77/luminara,,repo,2024-09-01 13:12:40+00:00,
Vickouma77/luminara,,repo,2024-09-01 09:01:13+00:00,
Vickouma77/luminara,,repo,2024-09-01 07:26:49+00:00,
Vickouma77/luminara,,repo,2024-06-09 19:24:23+00:00,
Vickouma77/luminara,,repo,2024-06-03 13:29:13+00:00,
Vickouma77/luminara,,repo,2024-06-03 13:28:17+00:00,
Vickouma77/luminara,,repo,2024-06-03 13:27:18+00:00,
Vickouma77/luminara,,repo,2024-06-03 13:21:31+00:00,
Vickouma77/luminara,,repo,2024-03-17 14:33:51+00:00,
Vickouma77/luminara,,repo,2024-03-02 19:11:58+00:00,
Vickouma77/luminara,,repo,2024-02-29 16:31:21+00:00,
Vickouma77/luminara,,repo,2024-02-28 13:13:27+00:00,
Vickouma77/luminara,,repo,2024-02-25 15:19:14+00:00,
Vickouma77/luminara,,repo,2024-02-24 17:46:36+00:00,
Vickouma77/luminara,,repo,2024-02-23 14:09:43+00:00,
Vickouma77/luminara,,repo,2024-02-23 14:08:56+00:00,
Vickouma77/luminara,,repo,2024-02-23 11:18:30+00:00,
Vickouma77/luminara,,repo,2024-02-23 11:16:47+00:00,
Vickouma77/luminara,,repo,2024-02-22 16:42:37+00:00,
Vickouma77/luminara,,repo,2024-02-21 17:02:14+00:00,
Vickouma77/luminara,,repo,2024-02-19 15:56:49+00:00,
Vickouma77/luminara,k8s/base/api-gateway/deployment.yaml,hpa_file,2025-11-22 19:37:07+00:00,
umamahesh571/grocery-app,,repo,2025-08-04 06:34:13+00:00,
umamahesh571/grocery-app,,repo,2025-08-04 06:11:30+00:00,
umamahesh571/grocery-app,,repo,2025-06-23 08:14:58+00:00,
umamahesh571/grocery-app,,repo,2025-06-23 07:57:21+00:00,
umamahesh571/grocery-app,k8s/hpa.yaml,hpa_file,2025-06-23 07:57:21+00:00,
goropikari/kubernetes_practice,,repo,2025-08-24 15:30:13+00:00,
goropikari/kubernetes_practice,hpa/hpa.yaml,hpa_file,2025-08-24 15:30:13+00:00,
marcoservio/my-recipe-book,,repo,2025-05-07 19:57:30+00:00,
marcoservio/my-recipe-book,,repo,2025-04-22 21:38:11+00:00,
marcoservio/my-recipe-book,kubernetes/web/hpa.yaml,hpa_file,2025-05-07 19:57:30+00:00,
minhhieu184/learn-k8s,,repo,2024-11-22 10:47:46+00:00,
minhhieu184/learn-k8s,,repo,2024-11-22 03:42:38+00:00,
minhhieu184/learn-k8s,,repo,2024-11-22 03:41:49+00:00,
minhhieu184/learn-k8s,,repo,2024-11-20 19:30:30+00:00,
minhhieu184/learn-k8s,,repo,2024-11-16 08:59:46+00:00,
minhhieu184/learn-k8s,,repo,2024-11-16 08:59:05+00:00,
minhhieu184/learn-k8s,,repo,2024-08-23 11:26:52+00:00,
minhhieu184/learn-k8s,,repo,2024-08-22 18:35:46+00:00,
minhhieu184/learn-k8s,,repo,2024-08-22 11:53:04+00:00,
minhhieu184/learn-k8s,,repo,2024-08-21 11:11:35+00:00,
minhhieu184/learn-k8s,,repo,2024-08-20 18:19:16+00:00,
minhhieu184/learn-k8s,,repo,2024-08-20 08:19:59+00:00,
minhhieu184/learn-k8s,,repo,2024-08-20 08:18:31+00:00,
minhhieu184/learn-k8s,k8s/horizontal-pod-autoscaling.yaml,hpa_file,2024-11-16 08:59:46+00:00,
APapafragkakis/DevOps-Platform,,repo,2026-04-23 19:09:54+00:00,
APapafragkakis/DevOps-Platform,,repo,2026-04-21 13:39:07+00:00,
APapafragkakis/DevOps-Platform,,repo,2026-04-21 13:27:59+00:00,
APapafragkakis/DevOps-Platform,,repo,2026-04-21 13:20:34+00:00,
APapafragkakis/DevOps-Platform,,repo,2026-04-21 12:04:04+00:00,
APapafragkakis/DevOps-Platform,,repo,2026-04-21 12:00:52+00:00,
APapafragkakis/DevOps-Platform,,repo,2026-04-21 11:57:35+00:00,
APapafragkakis/DevOps-Platform,,repo,2026-04-21 11:57:32+00:00,
APapafragkakis/DevOps-Platform,,repo,2026-04-21 11:55:16+00:00,
APapafragkakis/DevOps-Platform,,repo,2026-04-21 11:54:56+00:00,
APapafragkakis/DevOps-Platform,,repo,2026-04-21 11:47:49+00:00,
APapafragkakis/DevOps-Platform,,repo,2026-04-12 12:20:15+00:00,
APapafragkakis/DevOps-Platform,,repo,2026-04-10 22:29:44+00:00,
APapafragkakis/DevOps-Platform,,repo,2026-04-10 22:29:10+00:00,
APapafragkakis/DevOps-Platform,,repo,2026-04-10 22:17:44+00:00,
APapafragkakis/DevOps-Platform,,repo,2026-04-10 22:17:23+00:00,
APapafragkakis/DevOps-Platform,,repo,2026-04-10 22:10:12+00:00,
APapafragkakis/DevOps-Platform,,repo,2026-04-10 22:09:01+00:00,
APapafragkakis/DevOps-Platform,,repo,2026-04-10 22:05:41+00:00,
APapafragkakis/DevOps-Platform,,repo,2026-04-10 22:00:21+00:00,
APapafragkakis/DevOps-Platform,,repo,2026-04-10 21:56:21+00:00,
APapafragkakis/DevOps-Platform,k8s/service-ingress-hpa.yaml,hpa_file,2026-04-21 11:47:49+00:00,
APapafragkakis/DevOps-Platform,k8s/service-ingress-hpa.yaml,hpa_file,2026-04-10 22:29:44+00:00,
APapafragkakis/DevOps-Platform,k8s/service-ingress-hpa.yaml,hpa_file,2026-04-10 21:56:21+00:00,
fatihyldrmm/CodeCamp24Presentation,,repo,2024-08-23 13:33:16+00:00,
fatihyldrmm/CodeCamp24Presentation,,repo,2024-08-17 11:21:49+00:00,
fatihyldrmm/CodeCamp24Presentation,week-3/day-15/case1/autoscaler.yml,hpa_file,2024-08-23 13:33:16+00:00,
WedSync/WedSync-AI,,repo,2025-09-17 07:57:06+00:00,
WedSync/WedSync-AI,,repo,2025-09-11 13:18:50+00:00,
WedSync/WedSync-AI,infrastructure/ws-242-ai-pdf-analysis/kubernetes-pdf-processing.yaml,hpa_file,2025-09-11 13:18:50+00:00,
jnorthrup/fiduciary,,repo,2026-01-22 01:33:32+00:00,
jnorthrup/fiduciary,,repo,2026-01-21 22:42:34+00:00,
jnorthrup/fiduciary,,repo,2026-01-21 22:37:48+00:00,
jnorthrup/fiduciary,,repo,2026-01-21 22:36:48+00:00,
jnorthrup/fiduciary,,repo,2026-01-21 22:25:11+00:00,
jnorthrup/fiduciary,,repo,2026-01-21 22:20:46+00:00,
jnorthrup/fiduciary,,repo,2026-01-21 22:19:38+00:00,
jnorthrup/fiduciary,,repo,2026-01-21 22:18:31+00:00,
jnorthrup/fiduciary,,repo,2026-01-21 22:18:03+00:00,
jnorthrup/fiduciary,,repo,2026-01-21 22:17:40+00:00,
jnorthrup/fiduciary,,repo,2026-01-21 22:16:00+00:00,
jnorthrup/fiduciary,,repo,2026-01-21 19:31:38+00:00,
jnorthrup/fiduciary,,repo,2026-01-21 18:50:39+00:00,
jnorthrup/fiduciary,,repo,2026-01-21 14:15:51+00:00,
jnorthrup/fiduciary,,repo,2026-01-21 14:14:12+00:00,
jnorthrup/fiduciary,,repo,2026-01-21 11:10:58+00:00,
jnorthrup/fiduciary,,repo,2026-01-21 11:10:33+00:00,
jnorthrup/fiduciary,,repo,2026-01-21 10:48:50+00:00,
jnorthrup/fiduciary,,repo,2026-01-21 10:45:06+00:00,
jnorthrup/fiduciary,,repo,2026-01-21 10:38:28+00:00,
jnorthrup/fiduciary,,repo,2026-01-21 10:30:44+00:00,
jnorthrup/fiduciary,,repo,2026-01-21 10:24:30+00:00,
jnorthrup/fiduciary,,repo,2026-01-21 10:19:32+00:00,
jnorthrup/fiduciary,,repo,2026-01-21 10:08:47+00:00,
jnorthrup/fiduciary,,repo,2026-01-21 10:08:30+00:00,
jnorthrup/fiduciary,,repo,2026-01-21 10:03:30+00:00,
jnorthrup/fiduciary,,repo,2026-01-21 10:02:59+00:00,
jnorthrup/fiduciary,,repo,2026-01-21 09:55:23+00:00,
jnorthrup/fiduciary,,repo,2026-01-21 09:51:10+00:00,
jnorthrup/fiduciary,,repo,2026-01-21 09:48:37+00:00,
jnorthrup/fiduciary,,repo,2026-01-21 09:48:13+00:00,
jnorthrup/fiduciary,,repo,2026-01-21 02:50:55+00:00,
jnorthrup/fiduciary,,repo,2026-01-21 02:38:52+00:00,
jnorthrup/fiduciary,,repo,2026-01-21 01:12:59+00:00,
jnorthrup/fiduciary,,repo,2026-01-21 01:06:11+00:00,
jnorthrup/fiduciary,,repo,2026-01-20 20:45:43+00:00,
jnorthrup/fiduciary,,repo,2026-01-20 20:42:15+00:00,
jnorthrup/fiduciary,,repo,2026-01-20 20:42:08+00:00,
jnorthrup/fiduciary,,repo,2026-01-20 20:36:59+00:00,
jnorthrup/fiduciary,,repo,2026-01-20 20:31:25+00:00,
jnorthrup/fiduciary,,repo,2026-01-20 19:45:06+00:00,
jnorthrup/fiduciary,,repo,2026-01-18 23:55:27+00:00,
jnorthrup/fiduciary,,repo,2026-01-18 23:52:39+00:00,
jnorthrup/fiduciary,,repo,2026-01-18 23:47:31+00:00,
jnorthrup/fiduciary,,repo,2026-01-18 23:47:31+00:00,
jnorthrup/fiduciary,,repo,2026-01-18 18:58:53+00:00,
jnorthrup/fiduciary,,repo,2026-01-18 18:41:47+00:00,
jnorthrup/fiduciary,,repo,2026-01-18 18:35:43+00:00,
jnorthrup/fiduciary,,repo,2026-01-18 18:34:17+00:00,
jnorthrup/fiduciary,,repo,2026-01-18 18:12:56+00:00,
jnorthrup/fiduciary,,repo,2026-01-18 17:57:40+00:00,
jnorthrup/fiduciary,,repo,2026-01-18 15:05:19+00:00,
jnorthrup/fiduciary,,repo,2026-01-18 15:04:22+00:00,
jnorthrup/fiduciary,,repo,2026-01-18 15:02:59+00:00,
jnorthrup/fiduciary,,repo,2026-01-18 04:22:19+00:00,
jnorthrup/fiduciary,,repo,2026-01-17 22:29:01+00:00,
jnorthrup/fiduciary,,repo,2026-01-17 18:37:01+00:00,
jnorthrup/fiduciary,,repo,2026-01-17 18:31:08+00:00,
jnorthrup/fiduciary,,repo,2026-01-17 18:24:49+00:00,
jnorthrup/fiduciary,,repo,2026-01-17 17:56:42+00:00,
jnorthrup/fiduciary,,repo,2026-01-17 17:53:45+00:00,
jnorthrup/fiduciary,,repo,2026-01-17 17:53:45+00:00,
jnorthrup/fiduciary,,repo,2026-01-17 17:34:23+00:00,
jnorthrup/fiduciary,,repo,2026-01-17 17:21:23+00:00,
jnorthrup/fiduciary,,repo,2026-01-17 17:20:50+00:00,
jnorthrup/fiduciary,,repo,2026-01-17 01:52:52+00:00,
jnorthrup/fiduciary,,repo,2026-01-17 01:27:02+00:00,
jnorthrup/fiduciary,,repo,2026-01-17 01:22:36+00:00,
jnorthrup/fiduciary,,repo,2026-01-17 01:21:20+00:00,
jnorthrup/fiduciary,,repo,2026-01-17 01:20:16+00:00,
jnorthrup/fiduciary,,repo,2026-01-16 23:22:25+00:00,
jnorthrup/fiduciary,,repo,2026-01-16 22:27:04+00:00,
jnorthrup/fiduciary,,repo,2026-01-16 21:06:25+00:00,
jnorthrup/fiduciary,,repo,2026-01-16 18:16:26+00:00,
jnorthrup/fiduciary,,repo,2026-01-16 06:48:57+00:00,
jnorthrup/fiduciary,,repo,2026-01-16 01:21:46+00:00,
jnorthrup/fiduciary,,repo,2026-01-16 01:21:22+00:00,
jnorthrup/fiduciary,,repo,2026-01-15 22:20:22+00:00,
jnorthrup/fiduciary,,repo,2026-01-15 22:20:16+00:00,
jnorthrup/fiduciary,,repo,2026-01-15 22:18:28+00:00,
jnorthrup/fiduciary,,repo,2026-01-15 22:02:00+00:00,
jnorthrup/fiduciary,,repo,2026-01-15 20:56:24+00:00,
jnorthrup/fiduciary,,repo,2026-01-15 20:55:19+00:00,
jnorthrup/fiduciary,,repo,2026-01-15 20:30:50+00:00,
jnorthrup/fiduciary,,repo,2026-01-15 20:29:49+00:00,
jnorthrup/fiduciary,,repo,2026-01-15 19:00:45+00:00,
jnorthrup/fiduciary,,repo,2026-01-15 18:24:59+00:00,
jnorthrup/fiduciary,,repo,2026-01-15 18:24:37+00:00,
jnorthrup/fiduciary,,repo,2026-01-15 17:22:00+00:00,
jnorthrup/fiduciary,,repo,2026-01-15 08:51:51+00:00,
jnorthrup/fiduciary,,repo,2026-01-15 06:37:27+00:00,
jnorthrup/fiduciary,,repo,2026-01-15 06:37:20+00:00,
jnorthrup/fiduciary,,repo,2026-01-15 06:35:52+00:00,
jnorthrup/fiduciary,,repo,2026-01-15 06:35:41+00:00,
jnorthrup/fiduciary,,repo,2026-01-15 06:25:40+00:00,
jnorthrup/fiduciary,,repo,2026-01-15 06:25:34+00:00,
jnorthrup/fiduciary,,repo,2026-01-15 03:25:29+00:00,
jnorthrup/fiduciary,,repo,2026-01-15 03:24:43+00:00,
jnorthrup/fiduciary,,repo,2026-01-15 03:16:01+00:00,
jnorthrup/fiduciary,,repo,2026-01-15 03:13:07+00:00,
jnorthrup/fiduciary,,repo,2026-01-15 03:12:08+00:00,
jnorthrup/fiduciary,,repo,2026-01-15 02:50:59+00:00,
jnorthrup/fiduciary,,repo,2026-01-15 02:43:06+00:00,
jnorthrup/fiduciary,,repo,2026-01-15 01:42:57+00:00,
jnorthrup/fiduciary,,repo,2026-01-15 01:42:26+00:00,
jnorthrup/fiduciary,,repo,2026-01-15 01:41:49+00:00,
jnorthrup/fiduciary,,repo,2026-01-14 17:15:52+00:00,
jnorthrup/fiduciary,,repo,2026-01-14 17:13:52+00:00,
jnorthrup/fiduciary,,repo,2026-01-14 13:50:00+00:00,
jnorthrup/fiduciary,,repo,2026-01-14 13:49:38+00:00,
jnorthrup/fiduciary,,repo,2026-01-14 13:40:21+00:00,
jnorthrup/fiduciary,,repo,2026-01-14 13:39:24+00:00,
jnorthrup/fiduciary,,repo,2026-01-14 13:28:46+00:00,
jnorthrup/fiduciary,,repo,2026-01-14 13:25:14+00:00,
jnorthrup/fiduciary,,repo,2026-01-14 13:21:16+00:00,
jnorthrup/fiduciary,,repo,2026-01-14 13:18:59+00:00,
jnorthrup/fiduciary,,repo,2026-01-14 11:32:47+00:00,
jnorthrup/fiduciary,,repo,2026-01-14 11:32:12+00:00,
jnorthrup/fiduciary,,repo,2026-01-14 11:27:32+00:00,
jnorthrup/fiduciary,,repo,2026-01-14 11:23:56+00:00,
jnorthrup/fiduciary,,repo,2026-01-13 23:37:29+00:00,
jnorthrup/fiduciary,,repo,2026-01-13 23:37:00+00:00,
jnorthrup/fiduciary,,repo,2026-01-13 22:43:56+00:00,
jnorthrup/fiduciary,,repo,2026-01-13 22:43:23+00:00,
jnorthrup/fiduciary,,repo,2026-01-13 22:23:08+00:00,
jnorthrup/fiduciary,,repo,2026-01-13 21:32:48+00:00,
jnorthrup/fiduciary,,repo,2026-01-13 21:28:20+00:00,
jnorthrup/fiduciary,,repo,2026-01-13 21:25:09+00:00,
jnorthrup/fiduciary,,repo,2026-01-13 21:24:48+00:00,
jnorthrup/fiduciary,,repo,2026-01-13 21:23:10+00:00,
jnorthrup/fiduciary,,repo,2026-01-13 21:22:52+00:00,
jnorthrup/fiduciary,,repo,2026-01-13 21:19:18+00:00,
jnorthrup/fiduciary,,repo,2026-01-13 21:18:57+00:00,
jnorthrup/fiduciary,,repo,2026-01-13 21:16:23+00:00,
jnorthrup/fiduciary,,repo,2026-01-13 21:14:29+00:00,
jnorthrup/fiduciary,,repo,2026-01-13 21:12:15+00:00,
jnorthrup/fiduciary,,repo,2026-01-13 21:12:05+00:00,
jnorthrup/fiduciary,,repo,2026-01-13 20:49:10+00:00,
jnorthrup/fiduciary,,repo,2026-01-13 20:48:51+00:00,
jnorthrup/fiduciary,,repo,2026-01-13 20:44:52+00:00,
jnorthrup/fiduciary,,repo,2026-01-13 20:42:20+00:00,
jnorthrup/fiduciary,,repo,2026-01-13 20:38:58+00:00,
jnorthrup/fiduciary,,repo,2026-01-13 20:24:28+00:00,
jnorthrup/fiduciary,,repo,2026-01-13 20:13:49+00:00,
jnorthrup/fiduciary,,repo,2026-01-13 20:08:09+00:00,
jnorthrup/fiduciary,,repo,2026-01-13 20:01:24+00:00,
jnorthrup/fiduciary,,repo,2026-01-13 19:58:30+00:00,
jnorthrup/fiduciary,,repo,2026-01-13 19:57:43+00:00,
jnorthrup/fiduciary,,repo,2026-01-13 19:44:21+00:00,
jnorthrup/fiduciary,,repo,2026-01-13 19:43:44+00:00,
jnorthrup/fiduciary,,repo,2026-01-13 19:40:58+00:00,
jnorthrup/fiduciary,,repo,2026-01-13 19:40:35+00:00,
jnorthrup/fiduciary,,repo,2026-01-13 19:40:13+00:00,
jnorthrup/fiduciary,,repo,2026-01-13 19:37:38+00:00,
jnorthrup/fiduciary,,repo,2026-01-13 19:37:15+00:00,
jnorthrup/fiduciary,,repo,2026-01-13 19:28:58+00:00,
jnorthrup/fiduciary,,repo,2026-01-13 19:27:10+00:00,
jnorthrup/fiduciary,,repo,2026-01-13 19:26:59+00:00,
jnorthrup/fiduciary,,repo,2026-01-13 19:26:34+00:00,
jnorthrup/fiduciary,,repo,2026-01-13 19:26:14+00:00,
jnorthrup/fiduciary,,repo,2026-01-13 19:26:00+00:00,
jnorthrup/fiduciary,,repo,2026-01-13 19:24:48+00:00,
jnorthrup/fiduciary,,repo,2026-01-13 19:24:30+00:00,
jnorthrup/fiduciary,,repo,2026-01-13 19:19:05+00:00,
jnorthrup/fiduciary,,repo,2026-01-13 19:18:40+00:00,
jnorthrup/fiduciary,,repo,2026-01-13 19:18:18+00:00,
jnorthrup/fiduciary,,repo,2026-01-13 19:17:52+00:00,
jnorthrup/fiduciary,,repo,2026-01-13 19:17:23+00:00,
jnorthrup/fiduciary,,repo,2026-01-13 19:17:02+00:00,
jnorthrup/fiduciary,,repo,2026-01-13 19:03:15+00:00,
jnorthrup/fiduciary,,repo,2026-01-13 19:02:59+00:00,
jnorthrup/fiduciary,,repo,2026-01-13 18:44:27+00:00,
jnorthrup/fiduciary,,repo,2026-01-13 18:43:55+00:00,
jnorthrup/fiduciary,,repo,2026-01-13 18:40:43+00:00,
jnorthrup/fiduciary,,repo,2026-01-13 18:34:22+00:00,
jnorthrup/fiduciary,,repo,2026-01-13 17:46:19+00:00,
jnorthrup/fiduciary,,repo,2026-01-13 17:45:40+00:00,
jnorthrup/fiduciary,,repo,2026-01-13 17:45:01+00:00,
jnorthrup/fiduciary,,repo,2026-01-12 19:43:01+00:00,
jnorthrup/fiduciary,,repo,2026-01-12 19:28:10+00:00,
jnorthrup/fiduciary,,repo,2026-01-12 19:18:08+00:00,
jnorthrup/fiduciary,,repo,2026-01-12 19:15:33+00:00,
jnorthrup/fiduciary,,repo,2026-01-12 19:14:05+00:00,
jnorthrup/fiduciary,,repo,2026-01-12 19:11:40+00:00,
jnorthrup/fiduciary,,repo,2026-01-12 17:09:32+00:00,
jnorthrup/fiduciary,,repo,2026-01-12 17:08:16+00:00,
jnorthrup/fiduciary,,repo,2026-01-12 08:17:04+00:00,
jnorthrup/fiduciary,,repo,2026-01-12 08:16:42+00:00,
jnorthrup/fiduciary,,repo,2026-01-12 08:12:14+00:00,
jnorthrup/fiduciary,,repo,2026-01-12 07:59:18+00:00,
jnorthrup/fiduciary,,repo,2026-01-12 07:57:37+00:00,
jnorthrup/fiduciary,,repo,2026-01-12 01:14:00+00:00,
jnorthrup/fiduciary,,repo,2026-01-12 07:31:19+00:00,
jnorthrup/fiduciary,,repo,2026-01-12 01:14:00+00:00,
jnorthrup/fiduciary,,repo,2026-01-12 08:17:04+00:00,
jnorthrup/fiduciary,,repo,2026-01-12 08:16:42+00:00,
jnorthrup/fiduciary,,repo,2026-01-12 08:12:14+00:00,
jnorthrup/fiduciary,,repo,2026-01-12 07:59:18+00:00,
jnorthrup/fiduciary,,repo,2026-01-12 07:57:37+00:00,
jnorthrup/fiduciary,,repo,2026-01-12 01:14:00+00:00,
jnorthrup/fiduciary,k8s/cloudbuild/deployment.yaml,hpa_file,2026-01-20 19:45:06+00:00,
matheus-santos-souza/k8s,,repo,2024-12-13 01:46:52+00:00,
matheus-santos-souza/k8s,,repo,2024-12-13 01:46:28+00:00,
matheus-santos-souza/k8s,,repo,2024-12-13 01:45:45+00:00,
matheus-santos-souza/k8s,,repo,2024-12-12 01:51:17+00:00,
matheus-santos-souza/k8s,,repo,2024-12-11 01:11:27+00:00,
matheus-santos-souza/k8s,,repo,2024-12-10 02:00:59+00:00,
matheus-santos-souza/k8s,,repo,2024-12-07 21:27:53+00:00,
matheus-santos-souza/k8s,,repo,2024-12-06 02:37:09+00:00,
matheus-santos-souza/k8s,,repo,2024-12-05 01:25:02+00:00,
matheus-santos-souza/k8s,,repo,2024-12-03 01:10:59+00:00,
matheus-santos-souza/k8s,,repo,2024-12-03 00:41:08+00:00,
matheus-santos-souza/k8s,,repo,2024-12-03 00:40:09+00:00,
matheus-santos-souza/k8s,hpa.yaml,hpa_file,2024-12-07 21:27:53+00:00,
zyadelfeki/cctv_face_detection,,repo,2025-12-18 21:43:51+00:00,
zyadelfeki/cctv_face_detection,,repo,2025-12-18 21:43:42+00:00,
zyadelfeki/cctv_face_detection,,repo,2025-12-18 21:42:57+00:00,
zyadelfeki/cctv_face_detection,,repo,2025-12-18 21:36:39+00:00,
zyadelfeki/cctv_face_detection,,repo,2025-12-18 20:51:14+00:00,
zyadelfeki/cctv_face_detection,,repo,2025-12-18 20:43:51+00:00,
zyadelfeki/cctv_face_detection,,repo,2025-12-18 20:43:12+00:00,
zyadelfeki/cctv_face_detection,,repo,2025-12-18 20:42:49+00:00,
zyadelfeki/cctv_face_detection,,repo,2025-12-18 20:41:46+00:00,
zyadelfeki/cctv_face_detection,,repo,2025-12-18 20:41:00+00:00,
zyadelfeki/cctv_face_detection,,repo,2025-12-18 20:02:34+00:00,
zyadelfeki/cctv_face_detection,,repo,2025-12-18 19:57:44+00:00,
zyadelfeki/cctv_face_detection,,repo,2025-12-18 19:52:25+00:00,
zyadelfeki/cctv_face_detection,,repo,2025-12-18 19:41:08+00:00,
zyadelfeki/cctv_face_detection,,repo,2025-12-18 19:39:58+00:00,
zyadelfeki/cctv_face_detection,,repo,2025-12-18 19:34:32+00:00,
zyadelfeki/cctv_face_detection,,repo,2025-12-18 19:21:39+00:00,
zyadelfeki/cctv_face_detection,,repo,2025-12-18 19:15:13+00:00,
zyadelfeki/cctv_face_detection,,repo,2025-12-18 15:49:24+00:00,
zyadelfeki/cctv_face_detection,,repo,2025-12-18 15:48:28+00:00,
zyadelfeki/cctv_face_detection,,repo,2025-12-18 15:47:25+00:00,
zyadelfeki/cctv_face_detection,,repo,2025-12-18 15:46:47+00:00,
zyadelfeki/cctv_face_detection,,repo,2025-12-18 15:46:15+00:00,
zyadelfeki/cctv_face_detection,,repo,2025-12-18 15:45:49+00:00,
zyadelfeki/cctv_face_detection,,repo,2025-12-18 15:45:13+00:00,
zyadelfeki/cctv_face_detection,,repo,2025-12-18 15:44:21+00:00,
zyadelfeki/cctv_face_detection,,repo,2025-12-18 15:43:58+00:00,
zyadelfeki/cctv_face_detection,,repo,2025-12-18 15:43:07+00:00,
zyadelfeki/cctv_face_detection,,repo,2025-12-18 15:34:00+00:00,
zyadelfeki/cctv_face_detection,,repo,2025-12-18 15:33:02+00:00,
zyadelfeki/cctv_face_detection,,repo,2025-12-18 15:32:11+00:00,
zyadelfeki/cctv_face_detection,,repo,2025-12-18 15:31:42+00:00,
zyadelfeki/cctv_face_detection,,repo,2025-12-18 15:30:40+00:00,
zyadelfeki/cctv_face_detection,,repo,2025-12-18 15:29:55+00:00,
zyadelfeki/cctv_face_detection,,repo,2025-12-18 15:28:51+00:00,
zyadelfeki/cctv_face_detection,,repo,2025-12-18 15:28:12+00:00,
zyadelfeki/cctv_face_detection,,repo,2025-12-18 15:27:35+00:00,
zyadelfeki/cctv_face_detection,,repo,2025-12-18 15:26:50+00:00,
zyadelfeki/cctv_face_detection,,repo,2025-12-18 15:24:02+00:00,
zyadelfeki/cctv_face_detection,,repo,2025-12-18 15:23:12+00:00,
zyadelfeki/cctv_face_detection,,repo,2025-12-18 15:22:22+00:00,
zyadelfeki/cctv_face_detection,,repo,2025-12-18 15:21:23+00:00,
zyadelfeki/cctv_face_detection,,repo,2025-12-18 15:20:26+00:00,
zyadelfeki/cctv_face_detection,,repo,2025-12-18 15:19:30+00:00,
zyadelfeki/cctv_face_detection,,repo,2025-12-18 15:18:34+00:00,
zyadelfeki/cctv_face_detection,,repo,2025-12-18 15:13:41+00:00,
zyadelfeki/cctv_face_detection,,repo,2025-12-18 15:12:29+00:00,
zyadelfeki/cctv_face_detection,,repo,2025-12-18 15:11:50+00:00,
zyadelfeki/cctv_face_detection,,repo,2025-12-18 15:11:04+00:00,
zyadelfeki/cctv_face_detection,,repo,2025-12-18 15:10:25+00:00,
zyadelfeki/cctv_face_detection,,repo,2025-12-18 15:09:54+00:00,
zyadelfeki/cctv_face_detection,,repo,2025-12-18 15:08:30+00:00,
zyadelfeki/cctv_face_detection,,repo,2025-12-18 14:37:59+00:00,
zyadelfeki/cctv_face_detection,,repo,2025-12-18 14:35:44+00:00,
zyadelfeki/cctv_face_detection,,repo,2025-12-18 14:33:43+00:00,
zyadelfeki/cctv_face_detection,,repo,2025-12-18 14:31:34+00:00,
zyadelfeki/cctv_face_detection,,repo,2025-12-18 14:28:38+00:00,
zyadelfeki/cctv_face_detection,,repo,2025-12-18 14:26:09+00:00,
zyadelfeki/cctv_face_detection,,repo,2025-12-18 14:25:44+00:00,
zyadelfeki/cctv_face_detection,,repo,2025-12-18 14:23:15+00:00,
zyadelfeki/cctv_face_detection,,repo,2025-12-18 14:16:32+00:00,
zyadelfeki/cctv_face_detection,,repo,2025-12-18 14:13:57+00:00,
zyadelfeki/cctv_face_detection,,repo,2025-12-18 14:11:22+00:00,
zyadelfeki/cctv_face_detection,,repo,2025-12-18 14:09:45+00:00,
zyadelfeki/cctv_face_detection,,repo,2025-12-18 14:08:22+00:00,
zyadelfeki/cctv_face_detection,,repo,2025-12-18 14:06:34+00:00,
zyadelfeki/cctv_face_detection,,repo,2025-12-18 14:04:21+00:00,
zyadelfeki/cctv_face_detection,,repo,2025-12-18 14:02:07+00:00,
zyadelfeki/cctv_face_detection,,repo,2025-12-18 13:59:40+00:00,
zyadelfeki/cctv_face_detection,,repo,2025-12-18 13:58:32+00:00,
zyadelfeki/cctv_face_detection,,repo,2025-12-18 13:57:41+00:00,
zyadelfeki/cctv_face_detection,,repo,2025-12-18 13:56:47+00:00,
zyadelfeki/cctv_face_detection,,repo,2025-12-18 13:54:17+00:00,
zyadelfeki/cctv_face_detection,,repo,2025-12-18 13:52:49+00:00,
zyadelfeki/cctv_face_detection,,repo,2025-12-18 13:50:35+00:00,
zyadelfeki/cctv_face_detection,,repo,2025-12-18 13:48:37+00:00,
zyadelfeki/cctv_face_detection,,repo,2025-12-18 13:46:48+00:00,
zyadelfeki/cctv_face_detection,,repo,2025-12-18 13:44:37+00:00,
zyadelfeki/cctv_face_detection,,repo,2025-12-18 13:43:37+00:00,
zyadelfeki/cctv_face_detection,,repo,2025-12-18 13:42:59+00:00,
zyadelfeki/cctv_face_detection,,repo,2025-12-18 13:41:30+00:00,
zyadelfeki/cctv_face_detection,,repo,2025-12-18 13:37:49+00:00,
zyadelfeki/cctv_face_detection,,repo,2025-12-18 13:37:04+00:00,
zyadelfeki/cctv_face_detection,,repo,2025-12-18 13:36:23+00:00,
zyadelfeki/cctv_face_detection,,repo,2025-12-18 13:33:50+00:00,
zyadelfeki/cctv_face_detection,,repo,2025-12-18 13:32:25+00:00,
zyadelfeki/cctv_face_detection,,repo,2025-12-18 13:26:04+00:00,
zyadelfeki/cctv_face_detection,,repo,2025-12-18 13:17:28+00:00,
zyadelfeki/cctv_face_detection,,repo,2025-12-18 13:17:13+00:00,
zyadelfeki/cctv_face_detection,,repo,2025-12-18 13:17:02+00:00,
zyadelfeki/cctv_face_detection,,repo,2025-12-18 13:14:33+00:00,
zyadelfeki/cctv_face_detection,,repo,2025-12-18 11:52:20+00:00,
zyadelfeki/cctv_face_detection,,repo,2025-12-18 11:51:44+00:00,
zyadelfeki/cctv_face_detection,,repo,2025-12-18 11:50:20+00:00,
zyadelfeki/cctv_face_detection,,repo,2025-12-18 11:50:04+00:00,
zyadelfeki/cctv_face_detection,,repo,2025-12-18 11:49:24+00:00,
zyadelfeki/cctv_face_detection,,repo,2025-12-18 11:48:53+00:00,
zyadelfeki/cctv_face_detection,,repo,2025-12-18 11:48:19+00:00,
zyadelfeki/cctv_face_detection,,repo,2025-12-18 11:47:49+00:00,
zyadelfeki/cctv_face_detection,,repo,2025-12-18 11:46:30+00:00,
zyadelfeki/cctv_face_detection,,repo,2025-12-04 17:51:11+00:00,
zyadelfeki/cctv_face_detection,,repo,2025-12-04 17:47:06+00:00,
zyadelfeki/cctv_face_detection,,repo,2025-12-04 17:09:58+00:00,
zyadelfeki/cctv_face_detection,,repo,2025-11-17 16:39:49+00:00,
zyadelfeki/cctv_face_detection,,repo,2025-10-31 12:10:47+00:00,
zyadelfeki/cctv_face_detection,,repo,2025-10-31 12:08:03+00:00,
zyadelfeki/cctv_face_detection,,repo,2025-10-31 12:06:26+00:00,
zyadelfeki/cctv_face_detection,,repo,2025-10-31 12:04:33+00:00,
zyadelfeki/cctv_face_detection,,repo,2025-10-31 12:02:59+00:00,
zyadelfeki/cctv_face_detection,,repo,2025-10-31 11:52:39+00:00,
zyadelfeki/cctv_face_detection,,repo,2025-10-31 11:50:53+00:00,
zyadelfeki/cctv_face_detection,,repo,2025-10-31 11:49:04+00:00,
zyadelfeki/cctv_face_detection,,repo,2025-10-31 11:44:25+00:00,
zyadelfeki/cctv_face_detection,,repo,2025-10-31 11:38:46+00:00,
zyadelfeki/cctv_face_detection,,repo,2025-10-31 11:37:49+00:00,
zyadelfeki/cctv_face_detection,,repo,2025-10-31 11:37:21+00:00,
zyadelfeki/cctv_face_detection,k8s/autoscaling/hpa-api.yaml,hpa_file,2025-12-18 15:23:12+00:00,
Rishabh9306/praxify-CFO,,repo,2026-03-12 18:47:11+00:00,
Rishabh9306/praxify-CFO,,repo,2026-03-12 18:37:19+00:00,
Rishabh9306/praxify-CFO,,repo,2026-03-12 18:14:52+00:00,
Rishabh9306/praxify-CFO,,repo,2026-03-12 16:24:01+00:00,
Rishabh9306/praxify-CFO,,repo,2026-01-11 06:09:14+00:00,
Rishabh9306/praxify-CFO,,repo,2026-01-09 08:59:16+00:00,
Rishabh9306/praxify-CFO,,repo,2026-01-09 08:58:46+00:00,
Rishabh9306/praxify-CFO,,repo,2026-01-09 08:44:12+00:00,
Rishabh9306/praxify-CFO,,repo,2026-01-09 04:52:45+00:00,
Rishabh9306/praxify-CFO,,repo,2026-01-07 17:30:34+00:00,
Rishabh9306/praxify-CFO,,repo,2026-01-06 16:50:59+00:00,
Rishabh9306/praxify-CFO,,repo,2025-11-28 23:57:21+00:00,
Rishabh9306/praxify-CFO,,repo,2025-11-28 23:56:02+00:00,
Rishabh9306/praxify-CFO,,repo,2025-11-24 18:30:12+00:00,
Rishabh9306/praxify-CFO,,repo,2025-11-24 18:19:21+00:00,
Rishabh9306/praxify-CFO,,repo,2025-11-24 16:23:01+00:00,
Rishabh9306/praxify-CFO,,repo,2025-11-24 12:52:19+00:00,
Rishabh9306/praxify-CFO,,repo,2025-11-23 18:50:18+00:00,
Rishabh9306/praxify-CFO,,repo,2025-11-23 03:18:14+00:00,
Rishabh9306/praxify-CFO,,repo,2025-11-23 00:53:25+00:00,
Rishabh9306/praxify-CFO,,repo,2025-11-23 00:40:55+00:00,
Rishabh9306/praxify-CFO,,repo,2025-11-22 18:25:52+00:00,
Rishabh9306/praxify-CFO,,repo,2025-11-21 21:25:28+00:00,
Rishabh9306/praxify-CFO,,repo,2025-11-21 21:18:32+00:00,
Rishabh9306/praxify-CFO,praxifi-CFO/k8s-deployment.yaml,hpa_file,2025-11-21 21:25:28+00:00,
Uplift-HQ/uplift-demo,,repo,2026-03-12 20:21:30+00:00,
Uplift-HQ/uplift-demo,,repo,2026-03-12 15:58:12+00:00,
Uplift-HQ/uplift-demo,,repo,2026-03-12 15:33:14+00:00,
Uplift-HQ/uplift-demo,,repo,2026-03-10 22:47:47+00:00,
Uplift-HQ/uplift-demo,,repo,2026-03-10 22:39:31+00:00,
Uplift-HQ/uplift-demo,,repo,2026-03-10 08:39:08+00:00,
Uplift-HQ/uplift-demo,,repo,2026-03-10 00:57:07+00:00,
Uplift-HQ/uplift-demo,,repo,2026-03-09 23:54:40+00:00,
Uplift-HQ/uplift-demo,,repo,2026-03-09 23:46:41+00:00,
Uplift-HQ/uplift-demo,,repo,2026-03-09 22:33:15+00:00,
Uplift-HQ/uplift-demo,,repo,2026-03-06 10:57:41+00:00,
Uplift-HQ/uplift-demo,,repo,2026-03-06 10:51:58+00:00,
Uplift-HQ/uplift-demo,,repo,2026-03-06 10:48:04+00:00,
Uplift-HQ/uplift-demo,,repo,2026-03-05 18:55:17+00:00,
Uplift-HQ/uplift-demo,,repo,2026-03-03 22:22:00+00:00,
Uplift-HQ/uplift-demo,,repo,2026-02-16 18:39:06+00:00,
Uplift-HQ/uplift-demo,,repo,2026-02-16 11:21:03+00:00,
Uplift-HQ/uplift-demo,,repo,2026-02-16 10:47:23+00:00,
Uplift-HQ/uplift-demo,,repo,2026-02-16 09:59:33+00:00,
Uplift-HQ/uplift-demo,,repo,2026-02-16 09:54:23+00:00,
Uplift-HQ/uplift-demo,,repo,2026-02-16 09:23:21+00:00,
Uplift-HQ/uplift-demo,,repo,2026-02-16 09:07:07+00:00,
Uplift-HQ/uplift-demo,,repo,2026-02-16 08:41:00+00:00,
Uplift-HQ/uplift-demo,,repo,2026-02-15 21:11:08+00:00,
Uplift-HQ/uplift-demo,,repo,2026-02-15 20:52:07+00:00,
Uplift-HQ/uplift-demo,,repo,2026-02-15 20:46:57+00:00,
Uplift-HQ/uplift-demo,,repo,2026-02-15 20:41:58+00:00,
Uplift-HQ/uplift-demo,,repo,2026-02-15 20:16:02+00:00,
Uplift-HQ/uplift-demo,,repo,2026-02-15 20:05:22+00:00,
Uplift-HQ/uplift-demo,,repo,2026-02-15 18:49:37+00:00,
Uplift-HQ/uplift-demo,,repo,2026-02-15 17:54:59+00:00,
Uplift-HQ/uplift-demo,,repo,2026-02-15 17:45:54+00:00,
Uplift-HQ/uplift-demo,,repo,2026-02-15 17:34:31+00:00,
Uplift-HQ/uplift-demo,,repo,2026-02-15 10:52:46+00:00,
Uplift-HQ/uplift-demo,,repo,2026-02-14 22:14:22+00:00,
Uplift-HQ/uplift-demo,,repo,2026-02-12 16:07:45+00:00,
Uplift-HQ/uplift-demo,,repo,2026-02-12 12:13:14+00:00,
Uplift-HQ/uplift-demo,,repo,2026-02-12 12:08:34+00:00,
Uplift-HQ/uplift-demo,,repo,2026-02-12 12:05:45+00:00,
Uplift-HQ/uplift-demo,,repo,2026-02-12 12:02:43+00:00,
Uplift-HQ/uplift-demo,,repo,2026-02-12 11:43:42+00:00,
Uplift-HQ/uplift-demo,,repo,2026-02-12 11:29:24+00:00,
Uplift-HQ/uplift-demo,,repo,2026-02-12 11:14:54+00:00,
Uplift-HQ/uplift-demo,,repo,2026-02-12 11:13:37+00:00,
Uplift-HQ/uplift-demo,,repo,2026-02-12 08:46:51+00:00,
Uplift-HQ/uplift-demo,,repo,2026-02-12 07:56:12+00:00,
Uplift-HQ/uplift-demo,,repo,2026-02-11 17:55:25+00:00,
Uplift-HQ/uplift-demo,,repo,2026-02-11 17:46:12+00:00,
Uplift-HQ/uplift-demo,,repo,2026-02-11 17:35:56+00:00,
Uplift-HQ/uplift-demo,,repo,2026-02-11 17:18:27+00:00,
Uplift-HQ/uplift-demo,,repo,2026-02-11 16:29:08+00:00,
Uplift-HQ/uplift-demo,,repo,2026-02-11 16:17:30+00:00,
Uplift-HQ/uplift-demo,,repo,2026-02-11 15:41:33+00:00,
Uplift-HQ/uplift-demo,,repo,2026-02-11 14:43:14+00:00,
Uplift-HQ/uplift-demo,,repo,2026-02-11 14:29:31+00:00,
Uplift-HQ/uplift-demo,,repo,2026-02-11 09:16:57+00:00,
Uplift-HQ/uplift-demo,,repo,2026-02-11 09:01:43+00:00,
Uplift-HQ/uplift-demo,,repo,2026-02-11 08:32:57+00:00,
Uplift-HQ/uplift-demo,,repo,2026-02-11 08:24:38+00:00,
Uplift-HQ/uplift-demo,,repo,2026-02-11 01:32:56+00:00,
Uplift-HQ/uplift-demo,,repo,2026-02-11 01:14:04+00:00,
Uplift-HQ/uplift-demo,,repo,2026-02-11 00:54:39+00:00,
Uplift-HQ/uplift-demo,,repo,2026-02-11 00:38:56+00:00,
Uplift-HQ/uplift-demo,,repo,2026-02-11 00:30:06+00:00,
Uplift-HQ/uplift-demo,,repo,2026-02-11 00:12:27+00:00,
Uplift-HQ/uplift-demo,,repo,2026-02-10 23:37:10+00:00,
Uplift-HQ/uplift-demo,,repo,2026-02-10 23:27:07+00:00,
Uplift-HQ/uplift-demo,,repo,2026-02-10 23:22:13+00:00,
Uplift-HQ/uplift-demo,,repo,2026-02-10 23:18:31+00:00,
Uplift-HQ/uplift-demo,,repo,2026-02-10 23:16:24+00:00,
Uplift-HQ/uplift-demo,,repo,2026-02-10 22:58:42+00:00,
Uplift-HQ/uplift-demo,,repo,2026-02-10 22:45:47+00:00,
Uplift-HQ/uplift-demo,,repo,2026-02-10 22:31:29+00:00,
Uplift-HQ/uplift-demo,,repo,2026-02-10 22:31:27+00:00,
Uplift-HQ/uplift-demo,,repo,2026-02-10 22:23:26+00:00,
Uplift-HQ/uplift-demo,,repo,2026-02-10 22:21:52+00:00,
Uplift-HQ/uplift-demo,,repo,2026-02-10 22:19:08+00:00,
Uplift-HQ/uplift-demo,,repo,2026-02-10 22:11:47+00:00,
Uplift-HQ/uplift-demo,,repo,2026-02-10 21:41:53+00:00,
Uplift-HQ/uplift-demo,,repo,2026-02-10 13:33:21+00:00,
Uplift-HQ/uplift-demo,,repo,2026-02-10 13:27:03+00:00,
Uplift-HQ/uplift-demo,,repo,2026-02-10 13:20:17+00:00,
Uplift-HQ/uplift-demo,,repo,2026-02-10 13:16:04+00:00,
Uplift-HQ/uplift-demo,,repo,2026-02-08 19:21:23+00:00,
Uplift-HQ/uplift-demo,,repo,2026-02-08 19:19:38+00:00,
Uplift-HQ/uplift-demo,,repo,2026-02-08 19:07:52+00:00,
Uplift-HQ/uplift-demo,,repo,2026-02-08 18:23:11+00:00,
Uplift-HQ/uplift-demo,,repo,2026-02-08 17:18:53+00:00,
Uplift-HQ/uplift-demo,,repo,2026-02-08 16:11:20+00:00,
Uplift-HQ/uplift-demo,,repo,2026-02-08 15:34:49+00:00,
Uplift-HQ/uplift-demo,,repo,2026-02-08 12:56:37+00:00,
Uplift-HQ/uplift-demo,,repo,2026-02-08 12:47:06+00:00,
Uplift-HQ/uplift-demo,,repo,2026-02-08 11:03:29+00:00,
Uplift-HQ/uplift-demo,,repo,2026-02-08 08:16:23+00:00,
Uplift-HQ/uplift-demo,,repo,2026-02-08 02:19:15+00:00,
Uplift-HQ/uplift-demo,,repo,2026-02-08 02:12:45+00:00,
Uplift-HQ/uplift-demo,,repo,2026-02-07 23:10:51+00:00,
Uplift-HQ/uplift-demo,,repo,2026-02-07 22:18:59+00:00,
Uplift-HQ/uplift-demo,,repo,2026-02-07 22:17:49+00:00,
Uplift-HQ/uplift-demo,,repo,2026-02-07 22:15:43+00:00,
Uplift-HQ/uplift-demo,,repo,2026-02-07 22:09:17+00:00,
Uplift-HQ/uplift-demo,,repo,2026-02-07 22:04:47+00:00,
Uplift-HQ/uplift-demo,,repo,2026-02-07 21:48:24+00:00,
Uplift-HQ/uplift-demo,,repo,2026-02-07 21:21:29+00:00,
Uplift-HQ/uplift-demo,,repo,2026-02-07 21:16:16+00:00,
Uplift-HQ/uplift-demo,,repo,2026-02-07 20:57:19+00:00,
Uplift-HQ/uplift-demo,,repo,2026-02-07 20:06:52+00:00,
Uplift-HQ/uplift-demo,,repo,2026-02-07 19:53:14+00:00,
Uplift-HQ/uplift-demo,,repo,2026-02-07 19:30:42+00:00,
Uplift-HQ/uplift-demo,,repo,2026-02-07 19:28:29+00:00,
Uplift-HQ/uplift-demo,,repo,2026-02-07 19:12:05+00:00,
Uplift-HQ/uplift-demo,,repo,2026-02-07 19:08:44+00:00,
Uplift-HQ/uplift-demo,,repo,2026-02-07 18:43:43+00:00,
Uplift-HQ/uplift-demo,,repo,2026-02-05 08:51:35+00:00,
Uplift-HQ/uplift-demo,,repo,2026-02-05 08:33:57+00:00,
Uplift-HQ/uplift-demo,,repo,2026-02-05 08:07:24+00:00,
Uplift-HQ/uplift-demo,,repo,2026-02-05 05:17:01+00:00,
Uplift-HQ/uplift-demo,,repo,2026-02-04 18:50:28+00:00,
Uplift-HQ/uplift-demo,,repo,2026-02-04 18:31:57+00:00,
Uplift-HQ/uplift-demo,,repo,2026-02-04 16:12:07+00:00,
Uplift-HQ/uplift-demo,,repo,2026-02-04 16:08:55+00:00,
Uplift-HQ/uplift-demo,,repo,2026-02-04 15:31:59+00:00,
Uplift-HQ/uplift-demo,,repo,2026-02-04 15:22:24+00:00,
Uplift-HQ/uplift-demo,,repo,2026-02-04 15:17:18+00:00,
Uplift-HQ/uplift-demo,,repo,2026-02-04 14:46:38+00:00,
Uplift-HQ/uplift-demo,,repo,2026-02-04 14:36:34+00:00,
Uplift-HQ/uplift-demo,,repo,2026-02-03 23:08:35+00:00,
Uplift-HQ/uplift-demo,,repo,2026-02-03 22:42:54+00:00,
Uplift-HQ/uplift-demo,,repo,2026-02-03 22:35:07+00:00,
Uplift-HQ/uplift-demo,,repo,2026-02-03 20:00:07+00:00,
Uplift-HQ/uplift-demo,,repo,2026-02-03 13:43:07+00:00,
Uplift-HQ/uplift-demo,,repo,2026-02-03 13:30:58+00:00,
Uplift-HQ/uplift-demo,,repo,2026-02-03 13:12:01+00:00,
Uplift-HQ/uplift-demo,,repo,2026-02-03 13:00:37+00:00,
Uplift-HQ/uplift-demo,,repo,2026-02-03 12:47:03+00:00,
Uplift-HQ/uplift-demo,,repo,2026-02-03 12:37:42+00:00,
Uplift-HQ/uplift-demo,,repo,2026-02-03 12:30:54+00:00,
Uplift-HQ/uplift-demo,,repo,2026-02-03 12:00:42+00:00,
Uplift-HQ/uplift-demo,,repo,2026-02-02 17:09:32+00:00,
Uplift-HQ/uplift-demo,,repo,2026-02-02 16:53:43+00:00,
Uplift-HQ/uplift-demo,,repo,2026-02-02 16:08:11+00:00,
Uplift-HQ/uplift-demo,,repo,2026-01-30 11:22:48+00:00,
Uplift-HQ/uplift-demo,,repo,2026-01-30 11:19:40+00:00,
Uplift-HQ/uplift-demo,,repo,2026-01-30 11:17:19+00:00,
Uplift-HQ/uplift-demo,,repo,2026-01-21 09:34:39+00:00,
Uplift-HQ/uplift-demo,,repo,2026-01-21 09:04:10+00:00,
Uplift-HQ/uplift-demo,,repo,2026-01-21 08:42:50+00:00,
Uplift-HQ/uplift-demo,,repo,2026-01-21 08:39:05+00:00,
Uplift-HQ/uplift-demo,,repo,2026-01-21 08:24:00+00:00,
Uplift-HQ/uplift-demo,,repo,2026-01-21 02:12:22+00:00,
Uplift-HQ/uplift-demo,,repo,2026-01-21 01:54:25+00:00,
Uplift-HQ/uplift-demo,,repo,2026-01-21 01:47:17+00:00,
Uplift-HQ/uplift-demo,,repo,2026-01-21 01:38:21+00:00,
Uplift-HQ/uplift-demo,,repo,2026-01-21 01:17:23+00:00,
Uplift-HQ/uplift-demo,,repo,2026-01-21 00:57:58+00:00,
Uplift-HQ/uplift-demo,,repo,2026-01-21 00:38:15+00:00,
Uplift-HQ/uplift-demo,,repo,2026-01-21 00:34:14+00:00,
Uplift-HQ/uplift-demo,,repo,2026-01-21 00:33:26+00:00,
Uplift-HQ/uplift-demo,,repo,2026-01-20 23:29:46+00:00,
Uplift-HQ/uplift-demo,,repo,2026-01-20 23:09:47+00:00,
Uplift-HQ/uplift-demo,,repo,2026-01-20 22:34:03+00:00,
Uplift-HQ/uplift-demo,,repo,2026-01-20 22:22:22+00:00,
Uplift-HQ/uplift-demo,,repo,2026-01-20 22:00:55+00:00,
Uplift-HQ/uplift-demo,,repo,2026-01-20 21:43:34+00:00,
Uplift-HQ/uplift-demo,,repo,2026-01-20 21:39:18+00:00,
Uplift-HQ/uplift-demo,,repo,2026-01-20 21:35:42+00:00,
Uplift-HQ/uplift-demo,,repo,2026-01-20 21:28:05+00:00,
Uplift-HQ/uplift-demo,,repo,2026-01-20 21:21:55+00:00,
Uplift-HQ/uplift-demo,,repo,2026-01-20 21:19:21+00:00,
Uplift-HQ/uplift-demo,,repo,2026-01-20 21:18:53+00:00,
Uplift-HQ/uplift-demo,,repo,2026-01-20 21:14:51+00:00,
Uplift-HQ/uplift-demo,,repo,2026-01-20 21:13:36+00:00,
Uplift-HQ/uplift-demo,,repo,2026-01-20 21:10:24+00:00,
Uplift-HQ/uplift-demo,,repo,2026-01-20 21:07:23+00:00,
Uplift-HQ/uplift-demo,,repo,2026-01-20 21:04:57+00:00,
Uplift-HQ/uplift-demo,,repo,2026-01-20 20:48:16+00:00,
Uplift-HQ/uplift-demo,,repo,2026-01-20 20:21:26+00:00,
Uplift-HQ/uplift-demo,,repo,2026-01-20 20:17:52+00:00,
Uplift-HQ/uplift-demo,,repo,2026-01-20 20:11:38+00:00,
Uplift-HQ/uplift-demo,,repo,2026-01-20 20:03:08+00:00,
Uplift-HQ/uplift-demo,,repo,2026-01-20 20:02:42+00:00,
Uplift-HQ/uplift-demo,,repo,2026-01-20 20:01:38+00:00,
Uplift-HQ/uplift-demo,,repo,2026-01-20 20:00:42+00:00,
Uplift-HQ/uplift-demo,,repo,2026-01-20 19:58:58+00:00,
Uplift-HQ/uplift-demo,,repo,2026-01-07 21:59:58+00:00,
Uplift-HQ/uplift-demo,,repo,2026-01-07 21:52:42+00:00,
Uplift-HQ/uplift-demo,,repo,2026-01-07 21:46:49+00:00,
Uplift-HQ/uplift-demo,,repo,2026-01-07 21:26:41+00:00,
Uplift-HQ/uplift-demo,,repo,2026-01-07 21:25:50+00:00,
Uplift-HQ/uplift-demo,,repo,2026-01-07 21:25:43+00:00,
Uplift-HQ/uplift-demo,,repo,2026-01-07 21:25:35+00:00,
Uplift-HQ/uplift-demo,,repo,2026-01-07 21:25:28+00:00,
Uplift-HQ/uplift-demo,,repo,2026-01-07 21:25:20+00:00,
Uplift-HQ/uplift-demo,,repo,2026-01-07 21:25:12+00:00,
Uplift-HQ/uplift-demo,,repo,2026-01-07 21:25:03+00:00,
Uplift-HQ/uplift-demo,,repo,2026-01-07 21:20:50+00:00,
Uplift-HQ/uplift-demo,,repo,2026-01-07 21:12:39+00:00,
Uplift-HQ/uplift-demo,,repo,2026-01-07 21:11:49+00:00,
Uplift-HQ/uplift-demo,,repo,2026-01-07 21:11:41+00:00,
Uplift-HQ/uplift-demo,,repo,2026-01-07 21:11:28+00:00,
Uplift-HQ/uplift-demo,k8s/deployment.yaml,hpa_file,2026-01-20 20:01:38+00:00,
HeadyAI/Heady-Staging,,repo,2026-03-21 14:20:19+00:00,
HeadyAI/Heady-Staging,,repo,2026-03-21 14:20:02+00:00,
HeadyAI/Heady-Staging,,repo,2026-03-21 14:15:34+00:00,
HeadyAI/Heady-Staging,,repo,2026-03-21 14:15:01+00:00,
HeadyAI/Heady-Staging,,repo,2026-03-21 14:11:28+00:00,
HeadyAI/Heady-Staging,,repo,2026-03-21 14:10:08+00:00,
HeadyAI/Heady-Staging,,repo,2026-03-21 14:10:01+00:00,
HeadyAI/Heady-Staging,,repo,2026-03-21 14:05:24+00:00,
HeadyAI/Heady-Staging,,repo,2026-03-21 14:05:01+00:00,
HeadyAI/Heady-Staging,,repo,2026-03-21 14:01:57+00:00,
HeadyAI/Heady-Staging,,repo,2026-03-21 14:01:20+00:00,
HeadyAI/Heady-Staging,,repo,2026-03-21 14:00:01+00:00,
HeadyAI/Heady-Staging,,repo,2026-03-21 13:55:14+00:00,
HeadyAI/Heady-Staging,,repo,2026-03-21 13:55:02+00:00,
HeadyAI/Heady-Staging,,repo,2026-03-21 13:50:02+00:00,
HeadyAI/Heady-Staging,,repo,2026-03-21 13:45:41+00:00,
HeadyAI/Heady-Staging,,repo,2026-03-21 13:45:03+00:00,
HeadyAI/Heady-Staging,,repo,2026-03-21 13:45:01+00:00,
HeadyAI/Heady-Staging,,repo,2026-03-21 13:42:26+00:00,
HeadyAI/Heady-Staging,,repo,2026-03-21 13:40:56+00:00,
HeadyAI/Heady-Staging,,repo,2026-03-21 13:40:23+00:00,
HeadyAI/Heady-Staging,,repo,2026-03-21 13:40:01+00:00,
HeadyAI/Heady-Staging,,repo,2026-03-21 13:39:37+00:00,
HeadyAI/Heady-Staging,,repo,2026-03-21 13:38:54+00:00,
HeadyAI/Heady-Staging,,repo,2026-03-21 13:35:32+00:00,
HeadyAI/Heady-Staging,,repo,2026-03-21 13:35:01+00:00,
HeadyAI/Heady-Staging,,repo,2026-03-21 13:30:01+00:00,
HeadyAI/Heady-Staging,,repo,2026-03-21 13:28:42+00:00,
HeadyAI/Heady-Staging,,repo,2026-03-21 13:26:40+00:00,
HeadyAI/Heady-Staging,,repo,2026-03-21 13:25:21+00:00,
HeadyAI/Heady-Staging,,repo,2026-03-21 13:25:02+00:00,
HeadyAI/Heady-Staging,,repo,2026-03-21 13:15:01+00:00,
HeadyAI/Heady-Staging,,repo,2026-03-21 13:13:24+00:00,
HeadyAI/Heady-Staging,,repo,2026-03-21 13:12:27+00:00,
HeadyAI/Heady-Staging,,repo,2026-03-21 13:11:50+00:00,
HeadyAI/Heady-Staging,,repo,2026-03-21 13:10:18+00:00,
HeadyAI/Heady-Staging,,repo,2026-03-21 13:10:02+00:00,
HeadyAI/Heady-Staging,,repo,2026-03-21 13:05:33+00:00,
HeadyAI/Heady-Staging,,repo,2026-03-21 13:05:02+00:00,
HeadyAI/Heady-Staging,,repo,2026-03-21 13:03:59+00:00,
HeadyAI/Heady-Staging,,repo,2026-03-21 13:00:01+00:00,
HeadyAI/Heady-Staging,,repo,2026-03-21 12:57:38+00:00,
HeadyAI/Heady-Staging,,repo,2026-03-21 12:56:07+00:00,
HeadyAI/Heady-Staging,,repo,2026-03-21 12:55:41+00:00,
HeadyAI/Heady-Staging,,repo,2026-03-21 12:55:20+00:00,
HeadyAI/Heady-Staging,,repo,2026-03-21 12:55:02+00:00,
HeadyAI/Heady-Staging,,repo,2026-03-21 12:54:31+00:00,
HeadyAI/Heady-Staging,,repo,2026-03-21 12:51:16+00:00,
HeadyAI/Heady-Staging,,repo,2026-03-21 12:50:32+00:00,
HeadyAI/Heady-Staging,,repo,2026-03-21 12:49:27+00:00,
HeadyAI/Heady-Staging,,repo,2026-03-21 00:20:02+00:00,
HeadyAI/Heady-Staging,,repo,2026-03-21 00:20:00+00:00,
HeadyAI/Heady-Staging,,repo,2026-03-21 00:17:47+00:00,
HeadyAI/Heady-Staging,,repo,2026-03-21 00:16:57+00:00,
HeadyAI/Heady-Staging,,repo,2026-03-21 00:15:22+00:00,
HeadyAI/Heady-Staging,,repo,2026-03-21 00:15:01+00:00,
HeadyAI/Heady-Staging,,repo,2026-03-21 00:13:48+00:00,
HeadyAI/Heady-Staging,,repo,2026-03-21 00:11:25+00:00,
HeadyAI/Heady-Staging,,repo,2026-03-21 00:10:40+00:00,
HeadyAI/Heady-Staging,,repo,2026-03-21 00:10:01+00:00,
HeadyAI/Heady-Staging,,repo,2026-03-21 00:07:24+00:00,
HeadyAI/Heady-Staging,,repo,2026-03-21 00:06:40+00:00,
HeadyAI/Heady-Staging,,repo,2026-03-21 00:05:02+00:00,
HeadyAI/Heady-Staging,,repo,2026-03-21 00:03:32+00:00,
HeadyAI/Heady-Staging,,repo,2026-03-21 00:02:39+00:00,
HeadyAI/Heady-Staging,,repo,2026-03-21 00:01:52+00:00,
HeadyAI/Heady-Staging,,repo,2026-03-21 00:01:03+00:00,
HeadyAI/Heady-Staging,,repo,2026-03-21 00:00:19+00:00,
HeadyAI/Heady-Staging,,repo,2026-03-21 00:00:02+00:00,
HeadyAI/Heady-Staging,,repo,2026-03-20 23:57:11+00:00,
HeadyAI/Heady-Staging,,repo,2026-03-20 23:57:09+00:00,
HeadyAI/Heady-Staging,,repo,2026-03-20 23:56:17+00:00,
HeadyAI/Heady-Staging,,repo,2026-03-20 23:55:30+00:00,
HeadyAI/Heady-Staging,,repo,2026-03-20 23:55:02+00:00,
HeadyAI/Heady-Staging,,repo,2026-03-20 23:50:02+00:00,
HeadyAI/Heady-Staging,,repo,2026-03-20 23:45:21+00:00,
HeadyAI/Heady-Staging,,repo,2026-03-20 23:45:02+00:00,
HeadyAI/Heady-Staging,,repo,2026-03-20 23:40:23+00:00,
HeadyAI/Heady-Staging,,repo,2026-03-20 23:40:02+00:00,
HeadyAI/Heady-Staging,,repo,2026-03-20 23:35:02+00:00,
HeadyAI/Heady-Staging,,repo,2026-03-20 23:30:08+00:00,
HeadyAI/Heady-Staging,,repo,2026-03-20 23:30:02+00:00,
HeadyAI/Heady-Staging,,repo,2026-03-20 23:27:42+00:00,
HeadyAI/Heady-Staging,,repo,2026-03-20 23:25:52+00:00,
HeadyAI/Heady-Staging,,repo,2026-03-20 23:25:02+00:00,
HeadyAI/Heady-Staging,,repo,2026-03-20 23:20:02+00:00,
HeadyAI/Heady-Staging,,repo,2026-03-20 23:15:02+00:00,
HeadyAI/Heady-Staging,,repo,2026-03-20 23:10:46+00:00,
HeadyAI/Heady-Staging,,repo,2026-03-20 23:10:02+00:00,
HeadyAI/Heady-Staging,,repo,2026-03-20 23:05:45+00:00,
HeadyAI/Heady-Staging,,repo,2026-03-20 23:00:14+00:00,
HeadyAI/Heady-Staging,,repo,2026-03-20 22:59:53+00:00,
HeadyAI/Heady-Staging,,repo,2026-03-20 15:40:26+00:00,
HeadyAI/Heady-Staging,,repo,2026-03-20 15:35:32+00:00,
HeadyAI/Heady-Staging,,repo,2026-03-20 15:30:08+00:00,
HeadyAI/Heady-Staging,,repo,2026-03-20 15:25:14+00:00,
HeadyAI/Heady-Staging,,repo,2026-03-20 15:20:23+00:00,
HeadyAI/Heady-Staging,,repo,2026-03-20 15:20:05+00:00,
HeadyAI/Heady-Staging,,repo,2026-03-20 15:15:07+00:00,
HeadyAI/Heady-Staging,,repo,2026-03-20 15:10:11+00:00,
HeadyAI/Heady-Staging,,repo,2026-03-20 15:05:11+00:00,
HeadyAI/Heady-Staging,,repo,2026-03-20 15:00:04+00:00,
HeadyAI/Heady-Staging,,repo,2026-03-20 14:55:12+00:00,
HeadyAI/Heady-Staging,,repo,2026-03-20 14:50:10+00:00,
HeadyAI/Heady-Staging,,repo,2026-03-20 14:45:13+00:00,
HeadyAI/Heady-Staging,,repo,2026-03-20 14:40:11+00:00,
HeadyAI/Heady-Staging,,repo,2026-03-20 14:35:05+00:00,
HeadyAI/Heady-Staging,,repo,2026-03-20 14:30:16+00:00,
HeadyAI/Heady-Staging,,repo,2026-03-20 14:25:09+00:00,
HeadyAI/Heady-Staging,,repo,2026-03-20 14:20:07+00:00,
HeadyAI/Heady-Staging,,repo,2026-03-20 14:15:05+00:00,
HeadyAI/Heady-Staging,,repo,2026-03-20 14:10:08+00:00,
HeadyAI/Heady-Staging,,repo,2026-03-20 14:05:26+00:00,
HeadyAI/Heady-Staging,,repo,2026-03-20 14:00:07+00:00,
HeadyAI/Heady-Staging,,repo,2026-03-20 13:55:08+00:00,
HeadyAI/Heady-Staging,,repo,2026-03-20 13:50:12+00:00,
HeadyAI/Heady-Staging,,repo,2026-03-20 13:45:18+00:00,
HeadyAI/Heady-Staging,,repo,2026-03-20 13:45:04+00:00,
HeadyAI/Heady-Staging,,repo,2026-03-20 13:40:05+00:00,
HeadyAI/Heady-Staging,,repo,2026-03-20 13:35:30+00:00,
HeadyAI/Heady-Staging,,repo,2026-03-20 13:35:05+00:00,
HeadyAI/Heady-Staging,,repo,2026-03-20 13:30:08+00:00,
HeadyAI/Heady-Staging,,repo,2026-03-20 13:25:22+00:00,
HeadyAI/Heady-Staging,,repo,2026-03-20 13:20:11+00:00,
HeadyAI/Heady-Staging,,repo,2026-03-20 13:15:07+00:00,
HeadyAI/Heady-Staging,,repo,2026-03-20 13:10:12+00:00,
HeadyAI/Heady-Staging,,repo,2026-03-20 13:05:06+00:00,
HeadyAI/Heady-Staging,,repo,2026-03-20 13:00:12+00:00,
HeadyAI/Heady-Staging,,repo,2026-03-20 12:55:46+00:00,
HeadyAI/Heady-Staging,,repo,2026-03-20 12:50:08+00:00,
HeadyAI/Heady-Staging,,repo,2026-03-20 12:45:11+00:00,
HeadyAI/Heady-Staging,,repo,2026-03-20 12:40:06+00:00,
HeadyAI/Heady-Staging,,repo,2026-03-20 12:35:07+00:00,
HeadyAI/Heady-Staging,,repo,2026-03-20 12:30:16+00:00,
HeadyAI/Heady-Staging,,repo,2026-03-20 12:25:24+00:00,
HeadyAI/Heady-Staging,,repo,2026-03-20 12:20:07+00:00,
HeadyAI/Heady-Staging,,repo,2026-03-20 12:15:04+00:00,
HeadyAI/Heady-Staging,,repo,2026-03-20 12:10:08+00:00,
HeadyAI/Heady-Staging,,repo,2026-03-20 12:05:05+00:00,
HeadyAI/Heady-Staging,,repo,2026-03-20 12:00:10+00:00,
HeadyAI/Heady-Staging,,repo,2026-03-20 11:55:05+00:00,
HeadyAI/Heady-Staging,,repo,2026-03-20 11:50:18+00:00,
HeadyAI/Heady-Staging,,repo,2026-03-20 11:45:18+00:00,
HeadyAI/Heady-Staging,,repo,2026-03-20 11:40:10+00:00,
HeadyAI/Heady-Staging,,repo,2026-03-20 11:35:12+00:00,
HeadyAI/Heady-Staging,,repo,2026-03-20 11:30:05+00:00,
HeadyAI/Heady-Staging,,repo,2026-03-20 11:25:09+00:00,
HeadyAI/Heady-Staging,,repo,2026-03-20 11:20:11+00:00,
HeadyAI/Heady-Staging,,repo,2026-03-20 11:15:13+00:00,
HeadyAI/Heady-Staging,,repo,2026-03-20 11:10:10+00:00,
HeadyAI/Heady-Staging,,repo,2026-03-20 11:05:06+00:00,
HeadyAI/Heady-Staging,,repo,2026-03-20 11:00:07+00:00,
HeadyAI/Heady-Staging,,repo,2026-03-20 10:55:25+00:00,
HeadyAI/Heady-Staging,,repo,2026-03-20 10:50:06+00:00,
HeadyAI/Heady-Staging,,repo,2026-03-20 10:45:19+00:00,
HeadyAI/Heady-Staging,,repo,2026-03-20 10:40:11+00:00,
HeadyAI/Heady-Staging,,repo,2026-03-20 10:35:10+00:00,
HeadyAI/Heady-Staging,,repo,2026-03-20 10:30:05+00:00,
HeadyAI/Heady-Staging,,repo,2026-03-20 10:25:11+00:00,
HeadyAI/Heady-Staging,,repo,2026-03-20 10:20:05+00:00,
HeadyAI/Heady-Staging,,repo,2026-03-20 10:15:15+00:00,
HeadyAI/Heady-Staging,,repo,2026-03-20 10:15:11+00:00,
HeadyAI/Heady-Staging,,repo,2026-03-20 10:10:07+00:00,
HeadyAI/Heady-Staging,,repo,2026-03-20 10:05:19+00:00,
HeadyAI/Heady-Staging,,repo,2026-03-20 10:00:09+00:00,
HeadyAI/Heady-Staging,,repo,2026-03-20 09:55:06+00:00,
HeadyAI/Heady-Staging,,repo,2026-03-20 09:50:15+00:00,
HeadyAI/Heady-Staging,,repo,2026-03-20 09:45:05+00:00,
HeadyAI/Heady-Staging,,repo,2026-03-20 09:40:11+00:00,
HeadyAI/Heady-Staging,,repo,2026-03-20 09:35:09+00:00,
HeadyAI/Heady-Staging,,repo,2026-03-20 09:30:05+00:00,
HeadyAI/Heady-Staging,,repo,2026-03-20 09:25:07+00:00,
HeadyAI/Heady-Staging,,repo,2026-03-20 09:25:06+00:00,
HeadyAI/Heady-Staging,,repo,2026-03-20 09:15:10+00:00,
HeadyAI/Heady-Staging,,repo,2026-03-20 09:15:09+00:00,
HeadyAI/Heady-Staging,,repo,2026-03-20 09:10:18+00:00,
HeadyAI/Heady-Staging,,repo,2026-03-20 09:05:05+00:00,
HeadyAI/Heady-Staging,,repo,2026-03-20 09:00:09+00:00,
HeadyAI/Heady-Staging,,repo,2026-03-20 08:55:07+00:00,
HeadyAI/Heady-Staging,,repo,2026-03-20 08:50:07+00:00,
HeadyAI/Heady-Staging,,repo,2026-03-20 08:45:15+00:00,
HeadyAI/Heady-Staging,,repo,2026-03-20 08:40:06+00:00,
HeadyAI/Heady-Staging,,repo,2026-03-20 08:35:09+00:00,
HeadyAI/Heady-Staging,,repo,2026-03-20 08:30:05+00:00,
HeadyAI/Heady-Staging,,repo,2026-03-20 08:25:08+00:00,
HeadyAI/Heady-Staging,,repo,2026-03-20 08:20:05+00:00,
HeadyAI/Heady-Staging,,repo,2026-03-20 08:15:06+00:00,
HeadyAI/Heady-Staging,,repo,2026-03-20 08:10:09+00:00,
HeadyAI/Heady-Staging,,repo,2026-03-20 08:05:12+00:00,
HeadyAI/Heady-Staging,,repo,2026-03-20 08:00:08+00:00,
HeadyAI/Heady-Staging,,repo,2026-03-20 07:55:08+00:00,
HeadyAI/Heady-Staging,,repo,2026-03-20 07:50:15+00:00,
HeadyAI/Heady-Staging,,repo,2026-03-20 07:45:15+00:00,
HeadyAI/Heady-Staging,,repo,2026-03-20 07:40:06+00:00,
HeadyAI/Heady-Staging,,repo,2026-03-20 07:35:14+00:00,
HeadyAI/Heady-Staging,,repo,2026-03-20 07:30:12+00:00,
HeadyAI/Heady-Staging,,repo,2026-03-20 07:25:07+00:00,
HeadyAI/Heady-Staging,,repo,2026-03-20 07:20:16+00:00,
HeadyAI/Heady-Staging,,repo,2026-03-20 07:15:06+00:00,
HeadyAI/Heady-Staging,,repo,2026-03-20 07:10:15+00:00,
HeadyAI/Heady-Staging,services/heady-coder/heady-coder.manifest.yaml,hpa_file,2026-03-10 15:30:02+00:00,
ayush-jsrt/code-analyzer-2,,repo,2025-09-03 04:51:32+00:00,
ayush-jsrt/code-analyzer-2,,repo,2025-09-03 04:50:51+00:00,
ayush-jsrt/code-analyzer-2,,repo,2025-09-02 20:32:42+00:00,
ayush-jsrt/code-analyzer-2,,repo,2025-09-02 11:23:58+00:00,
ayush-jsrt/code-analyzer-2,,repo,2025-09-02 10:14:39+00:00,
ayush-jsrt/code-analyzer-2,,repo,2025-09-02 10:09:10+00:00,
ayush-jsrt/code-analyzer-2,,repo,2025-09-02 10:08:16+00:00,
ayush-jsrt/code-analyzer-2,,repo,2025-09-02 10:05:52+00:00,
ayush-jsrt/code-analyzer-2,,repo,2025-09-02 09:40:37+00:00,
ayush-jsrt/code-analyzer-2,,repo,2025-09-02 09:11:37+00:00,
ayush-jsrt/code-analyzer-2,,repo,2025-09-02 09:03:32+00:00,
ayush-jsrt/code-analyzer-2,,repo,2025-09-02 08:56:13+00:00,
ayush-jsrt/code-analyzer-2,,repo,2025-09-02 08:45:07+00:00,
ayush-jsrt/code-analyzer-2,,repo,2025-09-02 06:31:24+00:00,
ayush-jsrt/code-analyzer-2,,repo,2025-09-02 06:30:41+00:00,
ayush-jsrt/code-analyzer-2,,repo,2025-09-02 06:29:19+00:00,
ayush-jsrt/code-analyzer-2,,repo,2025-09-02 06:22:15+00:00,
ayush-jsrt/code-analyzer-2,,repo,2025-09-02 05:35:20+00:00,
ayush-jsrt/code-analyzer-2,,repo,2025-09-02 04:27:45+00:00,
ayush-jsrt/code-analyzer-2,,repo,2025-09-01 11:41:53+00:00,
ayush-jsrt/code-analyzer-2,,repo,2025-09-01 09:28:56+00:00,
ayush-jsrt/code-analyzer-2,,repo,2025-09-01 09:22:01+00:00,
ayush-jsrt/code-analyzer-2,,repo,2025-09-01 07:27:14+00:00,
ayush-jsrt/code-analyzer-2,,repo,2025-09-01 07:22:37+00:00,
ayush-jsrt/code-analyzer-2,,repo,2025-09-01 07:12:42+00:00,
ayush-jsrt/code-analyzer-2,,repo,2025-09-01 06:54:02+00:00,
ayush-jsrt/code-analyzer-2,,repo,2025-08-29 08:58:23+00:00,
ayush-jsrt/code-analyzer-2,,repo,2025-08-28 08:50:13+00:00,
ayush-jsrt/code-analyzer-2,,repo,2025-08-28 08:40:24+00:00,
ayush-jsrt/code-analyzer-2,,repo,2025-08-28 07:47:32+00:00,
ayush-jsrt/code-analyzer-2,,repo,2025-08-28 07:42:04+00:00,
ayush-jsrt/code-analyzer-2,,repo,2025-08-28 07:10:16+00:00,
ayush-jsrt/code-analyzer-2,,repo,2025-08-28 07:05:30+00:00,
ayush-jsrt/code-analyzer-2,,repo,2025-08-28 05:03:23+00:00,
ayush-jsrt/code-analyzer-2,,repo,2025-08-28 04:59:27+00:00,
ayush-jsrt/code-analyzer-2,,repo,2025-08-28 04:47:18+00:00,
ayush-jsrt/code-analyzer-2,,repo,2025-08-28 04:19:16+00:00,
ayush-jsrt/code-analyzer-2,,repo,2025-08-28 04:00:58+00:00,
ayush-jsrt/code-analyzer-2,,repo,2025-08-27 18:39:23+00:00,
ayush-jsrt/code-analyzer-2,,repo,2025-08-27 18:35:53+00:00,
ayush-jsrt/code-analyzer-2,,repo,2025-08-27 18:33:24+00:00,
ayush-jsrt/code-analyzer-2,,repo,2025-08-27 18:29:30+00:00,
ayush-jsrt/code-analyzer-2,,repo,2025-08-27 12:14:34+00:00,
ayush-jsrt/code-analyzer-2,,repo,2025-08-27 11:44:12+00:00,
ayush-jsrt/code-analyzer-2,,repo,2025-08-27 11:32:09+00:00,
ayush-jsrt/code-analyzer-2,,repo,2025-08-27 11:29:32+00:00,
ayush-jsrt/code-analyzer-2,,repo,2025-08-27 09:15:28+00:00,
ayush-jsrt/code-analyzer-2,,repo,2025-08-26 15:34:25+00:00,
ayush-jsrt/code-analyzer-2,,repo,2025-08-26 11:34:34+00:00,
ayush-jsrt/code-analyzer-2,,repo,2025-08-26 09:35:28+00:00,
ayush-jsrt/code-analyzer-2,,repo,2025-08-26 06:00:06+00:00,
ayush-jsrt/code-analyzer-2,,repo,2025-08-26 05:55:50+00:00,
ayush-jsrt/code-analyzer-2,,repo,2025-08-26 05:41:21+00:00,
ayush-jsrt/code-analyzer-2,k8s/backend/backend-hpa.yaml,hpa_file,2025-09-03 04:50:51+00:00,
MochamadAbdulRouf/Hands-on-Kubernetes-Labs,,repo,2026-04-10 14:48:09+00:00,
MochamadAbdulRouf/Hands-on-Kubernetes-Labs,,repo,2026-04-09 15:13:34+00:00,
MochamadAbdulRouf/Hands-on-Kubernetes-Labs,,repo,2026-04-09 15:11:35+00:00,
MochamadAbdulRouf/Hands-on-Kubernetes-Labs,,repo,2026-02-26 13:50:35+00:00,
MochamadAbdulRouf/Hands-on-Kubernetes-Labs,,repo,2026-02-26 13:46:22+00:00,
MochamadAbdulRouf/Hands-on-Kubernetes-Labs,,repo,2026-02-25 10:37:54+00:00,
MochamadAbdulRouf/Hands-on-Kubernetes-Labs,,repo,2026-02-23 10:04:21+00:00,
MochamadAbdulRouf/Hands-on-Kubernetes-Labs,,repo,2026-02-23 07:12:30+00:00,
MochamadAbdulRouf/Hands-on-Kubernetes-Labs,,repo,2026-02-23 05:04:10+00:00,
MochamadAbdulRouf/Hands-on-Kubernetes-Labs,,repo,2026-01-26 10:12:13+00:00,
MochamadAbdulRouf/Hands-on-Kubernetes-Labs,,repo,2026-01-25 18:52:07+00:00,
MochamadAbdulRouf/Hands-on-Kubernetes-Labs,,repo,2026-01-23 13:10:48+00:00,
MochamadAbdulRouf/Hands-on-Kubernetes-Labs,,repo,2026-01-23 13:10:00+00:00,
MochamadAbdulRouf/Hands-on-Kubernetes-Labs,,repo,2026-01-23 13:07:49+00:00,
MochamadAbdulRouf/Hands-on-Kubernetes-Labs,,repo,2026-01-23 13:04:27+00:00,
MochamadAbdulRouf/Hands-on-Kubernetes-Labs,,repo,2026-01-23 13:04:15+00:00,
MochamadAbdulRouf/Hands-on-Kubernetes-Labs,,repo,2026-01-23 12:59:59+00:00,
MochamadAbdulRouf/Hands-on-Kubernetes-Labs,,repo,2026-01-23 12:58:19+00:00,
MochamadAbdulRouf/Hands-on-Kubernetes-Labs,,repo,2025-11-07 09:34:53+00:00,
MochamadAbdulRouf/Hands-on-Kubernetes-Labs,,repo,2025-10-25 03:35:59+00:00,
MochamadAbdulRouf/Hands-on-Kubernetes-Labs,,repo,2025-10-25 03:34:21+00:00,
MochamadAbdulRouf/Hands-on-Kubernetes-Labs,,repo,2025-10-25 03:33:49+00:00,
MochamadAbdulRouf/Hands-on-Kubernetes-Labs,,repo,2025-10-25 03:29:33+00:00,
MochamadAbdulRouf/Hands-on-Kubernetes-Labs,,repo,2025-10-25 03:10:57+00:00,
MochamadAbdulRouf/Hands-on-Kubernetes-Labs,,repo,2025-10-25 03:08:22+00:00,
MochamadAbdulRouf/Hands-on-Kubernetes-Labs,,repo,2025-10-25 03:02:22+00:00,
MochamadAbdulRouf/Hands-on-Kubernetes-Labs,,repo,2025-10-23 15:12:10+00:00,
MochamadAbdulRouf/Hands-on-Kubernetes-Labs,,repo,2025-10-23 14:58:01+00:00,
MochamadAbdulRouf/Hands-on-Kubernetes-Labs,,repo,2025-10-22 09:35:08+00:00,
MochamadAbdulRouf/Hands-on-Kubernetes-Labs,,repo,2025-10-22 09:31:00+00:00,
MochamadAbdulRouf/Hands-on-Kubernetes-Labs,,repo,2025-10-22 04:56:38+00:00,
MochamadAbdulRouf/Hands-on-Kubernetes-Labs,,repo,2025-10-22 04:48:53+00:00,
MochamadAbdulRouf/Hands-on-Kubernetes-Labs,,repo,2025-10-21 07:41:24+00:00,
MochamadAbdulRouf/Hands-on-Kubernetes-Labs,,repo,2025-10-21 07:39:09+00:00,
MochamadAbdulRouf/Hands-on-Kubernetes-Labs,,repo,2025-10-18 05:09:48+00:00,
MochamadAbdulRouf/Hands-on-Kubernetes-Labs,,repo,2025-10-18 02:55:32+00:00,
MochamadAbdulRouf/Hands-on-Kubernetes-Labs,,repo,2025-10-13 14:38:00+00:00,
MochamadAbdulRouf/Hands-on-Kubernetes-Labs,,repo,2025-10-13 14:32:24+00:00,
MochamadAbdulRouf/Hands-on-Kubernetes-Labs,,repo,2025-10-13 07:38:40+00:00,
MochamadAbdulRouf/Hands-on-Kubernetes-Labs,,repo,2025-10-13 07:36:39+00:00,
MochamadAbdulRouf/Hands-on-Kubernetes-Labs,,repo,2025-10-13 07:15:22+00:00,
MochamadAbdulRouf/Hands-on-Kubernetes-Labs,,repo,2025-10-10 09:32:57+00:00,
MochamadAbdulRouf/Hands-on-Kubernetes-Labs,,repo,2025-10-10 09:24:35+00:00,
MochamadAbdulRouf/Hands-on-Kubernetes-Labs,,repo,2025-10-10 06:36:47+00:00,
MochamadAbdulRouf/Hands-on-Kubernetes-Labs,,repo,2025-10-10 04:35:36+00:00,
MochamadAbdulRouf/Hands-on-Kubernetes-Labs,,repo,2025-10-07 09:20:17+00:00,
MochamadAbdulRouf/Hands-on-Kubernetes-Labs,,repo,2025-10-07 09:18:05+00:00,
MochamadAbdulRouf/Hands-on-Kubernetes-Labs,,repo,2025-10-07 08:25:45+00:00,
MochamadAbdulRouf/Hands-on-Kubernetes-Labs,,repo,2025-10-07 07:51:03+00:00,
MochamadAbdulRouf/Hands-on-Kubernetes-Labs,,repo,2025-10-07 07:16:40+00:00,
MochamadAbdulRouf/Hands-on-Kubernetes-Labs,,repo,2025-10-06 07:00:26+00:00,
MochamadAbdulRouf/Hands-on-Kubernetes-Labs,,repo,2025-10-06 04:42:52+00:00,
MochamadAbdulRouf/Hands-on-Kubernetes-Labs,,repo,2025-10-06 04:29:31+00:00,
MochamadAbdulRouf/Hands-on-Kubernetes-Labs,,repo,2025-10-06 04:26:00+00:00,
MochamadAbdulRouf/Hands-on-Kubernetes-Labs,,repo,2025-10-06 04:25:37+00:00,
MochamadAbdulRouf/Hands-on-Kubernetes-Labs,,repo,2025-10-06 03:30:04+00:00,
MochamadAbdulRouf/Hands-on-Kubernetes-Labs,,repo,2025-10-04 14:42:31+00:00,
MochamadAbdulRouf/Hands-on-Kubernetes-Labs,,repo,2025-10-04 14:40:52+00:00,
MochamadAbdulRouf/Hands-on-Kubernetes-Labs,,repo,2025-10-04 13:53:48+00:00,
MochamadAbdulRouf/Hands-on-Kubernetes-Labs,,repo,2025-10-03 09:13:06+00:00,
MochamadAbdulRouf/Hands-on-Kubernetes-Labs,,repo,2025-10-02 09:40:53+00:00,
MochamadAbdulRouf/Hands-on-Kubernetes-Labs,,repo,2025-10-02 09:35:15+00:00,
MochamadAbdulRouf/Hands-on-Kubernetes-Labs,,repo,2025-10-02 09:34:26+00:00,
MochamadAbdulRouf/Hands-on-Kubernetes-Labs,,repo,2025-10-02 09:30:42+00:00,
MochamadAbdulRouf/Hands-on-Kubernetes-Labs,,repo,2025-10-02 08:39:43+00:00,
MochamadAbdulRouf/Hands-on-Kubernetes-Labs,,repo,2025-10-02 08:35:45+00:00,
MochamadAbdulRouf/Hands-on-Kubernetes-Labs,,repo,2025-10-02 07:32:27+00:00,
MochamadAbdulRouf/Hands-on-Kubernetes-Labs,,repo,2025-10-02 07:29:00+00:00,
MochamadAbdulRouf/Hands-on-Kubernetes-Labs,,repo,2025-10-02 07:28:14+00:00,
MochamadAbdulRouf/Hands-on-Kubernetes-Labs,,repo,2025-10-02 07:25:00+00:00,
MochamadAbdulRouf/Hands-on-Kubernetes-Labs,,repo,2025-10-02 07:23:55+00:00,
MochamadAbdulRouf/Hands-on-Kubernetes-Labs,,repo,2025-10-02 06:56:49+00:00,
MochamadAbdulRouf/Hands-on-Kubernetes-Labs,,repo,2025-10-02 04:58:30+00:00,
MochamadAbdulRouf/Hands-on-Kubernetes-Labs,,repo,2025-10-01 09:34:04+00:00,
MochamadAbdulRouf/Hands-on-Kubernetes-Labs,,repo,2025-10-01 09:24:45+00:00,
MochamadAbdulRouf/Hands-on-Kubernetes-Labs,,repo,2025-10-01 09:01:45+00:00,
MochamadAbdulRouf/Hands-on-Kubernetes-Labs,,repo,2025-10-01 09:01:16+00:00,
MochamadAbdulRouf/Hands-on-Kubernetes-Labs,,repo,2025-10-01 08:57:56+00:00,
MochamadAbdulRouf/Hands-on-Kubernetes-Labs,,repo,2025-10-01 08:56:32+00:00,
MochamadAbdulRouf/Hands-on-Kubernetes-Labs,,repo,2025-10-01 07:28:18+00:00,
MochamadAbdulRouf/Hands-on-Kubernetes-Labs,,repo,2025-10-01 07:27:18+00:00,
MochamadAbdulRouf/Hands-on-Kubernetes-Labs,,repo,2025-10-01 07:24:37+00:00,
MochamadAbdulRouf/Hands-on-Kubernetes-Labs,,repo,2025-10-01 06:54:49+00:00,
MochamadAbdulRouf/Hands-on-Kubernetes-Labs,,repo,2025-10-01 06:34:46+00:00,
MochamadAbdulRouf/Hands-on-Kubernetes-Labs,,repo,2025-10-01 06:29:36+00:00,
MochamadAbdulRouf/Hands-on-Kubernetes-Labs,,repo,2025-10-01 06:27:06+00:00,
MochamadAbdulRouf/Hands-on-Kubernetes-Labs,,repo,2025-10-01 02:46:27+00:00,
MochamadAbdulRouf/Hands-on-Kubernetes-Labs,,repo,2025-10-01 02:44:44+00:00,
MochamadAbdulRouf/Hands-on-Kubernetes-Labs,,repo,2025-10-01 02:10:50+00:00,
MochamadAbdulRouf/Hands-on-Kubernetes-Labs,,repo,2025-09-30 09:33:36+00:00,
MochamadAbdulRouf/Hands-on-Kubernetes-Labs,,repo,2025-09-30 09:31:59+00:00,
MochamadAbdulRouf/Hands-on-Kubernetes-Labs,,repo,2025-09-30 08:26:57+00:00,
MochamadAbdulRouf/Hands-on-Kubernetes-Labs,,repo,2025-09-30 08:26:06+00:00,
MochamadAbdulRouf/Hands-on-Kubernetes-Labs,,repo,2025-09-30 08:25:00+00:00,
MochamadAbdulRouf/Hands-on-Kubernetes-Labs,,repo,2025-09-30 08:09:57+00:00,
MochamadAbdulRouf/Hands-on-Kubernetes-Labs,,repo,2025-09-30 08:09:15+00:00,
MochamadAbdulRouf/Hands-on-Kubernetes-Labs,,repo,2025-09-30 08:08:17+00:00,
MochamadAbdulRouf/Hands-on-Kubernetes-Labs,,repo,2025-09-30 08:07:21+00:00,
MochamadAbdulRouf/Hands-on-Kubernetes-Labs,,repo,2025-09-30 07:55:40+00:00,
MochamadAbdulRouf/Hands-on-Kubernetes-Labs,,repo,2025-09-30 07:44:11+00:00,
MochamadAbdulRouf/Hands-on-Kubernetes-Labs,,repo,2025-09-30 07:04:39+00:00,
MochamadAbdulRouf/Hands-on-Kubernetes-Labs,,repo,2025-09-30 04:33:19+00:00,
MochamadAbdulRouf/Hands-on-Kubernetes-Labs,,repo,2025-09-30 04:30:16+00:00,
MochamadAbdulRouf/Hands-on-Kubernetes-Labs,,repo,2025-09-30 04:23:58+00:00,
MochamadAbdulRouf/Hands-on-Kubernetes-Labs,,repo,2025-09-30 04:09:14+00:00,
MochamadAbdulRouf/Hands-on-Kubernetes-Labs,,repo,2025-09-30 03:48:45+00:00,
MochamadAbdulRouf/Hands-on-Kubernetes-Labs,,repo,2025-09-30 03:47:00+00:00,
MochamadAbdulRouf/Hands-on-Kubernetes-Labs,,repo,2025-09-28 15:26:03+00:00,
MochamadAbdulRouf/Hands-on-Kubernetes-Labs,,repo,2025-09-27 07:42:16+00:00,
MochamadAbdulRouf/Hands-on-Kubernetes-Labs,,repo,2025-09-27 05:29:16+00:00,
MochamadAbdulRouf/Hands-on-Kubernetes-Labs,,repo,2025-09-27 05:12:46+00:00,
MochamadAbdulRouf/Hands-on-Kubernetes-Labs,,repo,2025-09-27 05:04:07+00:00,
MochamadAbdulRouf/Hands-on-Kubernetes-Labs,,repo,2025-09-27 05:03:33+00:00,
MochamadAbdulRouf/Hands-on-Kubernetes-Labs,,repo,2025-09-27 04:47:24+00:00,
MochamadAbdulRouf/Hands-on-Kubernetes-Labs,,repo,2025-09-27 04:47:08+00:00,
MochamadAbdulRouf/Hands-on-Kubernetes-Labs,,repo,2025-09-27 04:46:41+00:00,
MochamadAbdulRouf/Hands-on-Kubernetes-Labs,,repo,2025-09-27 04:45:28+00:00,
MochamadAbdulRouf/Hands-on-Kubernetes-Labs,,repo,2025-09-18 04:49:20+00:00,
MochamadAbdulRouf/Hands-on-Kubernetes-Labs,,repo,2025-09-18 04:31:47+00:00,
MochamadAbdulRouf/Hands-on-Kubernetes-Labs,,repo,2025-09-18 01:37:11+00:00,
MochamadAbdulRouf/Hands-on-Kubernetes-Labs,,repo,2025-09-17 09:01:50+00:00,
MochamadAbdulRouf/Hands-on-Kubernetes-Labs,,repo,2025-09-17 08:55:09+00:00,
MochamadAbdulRouf/Hands-on-Kubernetes-Labs,,repo,2025-09-17 08:51:59+00:00,
MochamadAbdulRouf/Hands-on-Kubernetes-Labs,,repo,2025-09-17 08:50:06+00:00,
MochamadAbdulRouf/Hands-on-Kubernetes-Labs,,repo,2025-09-17 08:40:19+00:00,
MochamadAbdulRouf/Hands-on-Kubernetes-Labs,,repo,2025-09-17 07:57:06+00:00,
MochamadAbdulRouf/Hands-on-Kubernetes-Labs,,repo,2025-09-17 07:24:03+00:00,
MochamadAbdulRouf/Hands-on-Kubernetes-Labs,,repo,2025-09-16 04:51:49+00:00,
MochamadAbdulRouf/Hands-on-Kubernetes-Labs,,repo,2025-09-16 04:47:58+00:00,
MochamadAbdulRouf/Hands-on-Kubernetes-Labs,,repo,2025-09-15 09:59:00+00:00,
MochamadAbdulRouf/Hands-on-Kubernetes-Labs,,repo,2025-09-15 09:57:55+00:00,
MochamadAbdulRouf/Hands-on-Kubernetes-Labs,,repo,2025-09-15 09:56:01+00:00,
MochamadAbdulRouf/Hands-on-Kubernetes-Labs,,repo,2025-09-15 09:53:55+00:00,
MochamadAbdulRouf/Hands-on-Kubernetes-Labs,horizontal-pod-autoscaler/horizontal-pod-autoscaler.yaml,hpa_file,2025-10-25 03:02:22+00:00,
SarVibe/MediSync,,repo,2026-04-18 12:16:01+00:00,
SarVibe/MediSync,,repo,2026-04-18 12:14:54+00:00,
SarVibe/MediSync,,repo,2026-04-17 18:22:15+00:00,
SarVibe/MediSync,,repo,2026-04-17 11:37:10+00:00,
SarVibe/MediSync,,repo,2026-04-17 11:34:16+00:00,
SarVibe/MediSync,,repo,2026-04-17 10:45:09+00:00,
SarVibe/MediSync,,repo,2026-04-17 10:43:01+00:00,
SarVibe/MediSync,,repo,2026-04-17 10:22:38+00:00,
SarVibe/MediSync,,repo,2026-04-17 10:16:35+00:00,
SarVibe/MediSync,,repo,2026-04-17 10:11:55+00:00,
SarVibe/MediSync,,repo,2026-04-17 10:00:37+00:00,
SarVibe/MediSync,,repo,2026-04-17 07:36:15+00:00,
SarVibe/MediSync,,repo,2026-04-17 07:19:49+00:00,
SarVibe/MediSync,,repo,2026-04-17 06:21:32+00:00,
SarVibe/MediSync,,repo,2026-04-17 06:21:00+00:00,
SarVibe/MediSync,,repo,2026-04-17 06:20:42+00:00,
SarVibe/MediSync,,repo,2026-04-17 00:15:53+00:00,
SarVibe/MediSync,,repo,2026-04-16 22:21:38+00:00,
SarVibe/MediSync,,repo,2026-04-16 15:21:33+00:00,
SarVibe/MediSync,,repo,2026-04-16 05:46:01+00:00,
SarVibe/MediSync,,repo,2026-04-15 22:48:02+00:00,
SarVibe/MediSync,,repo,2026-04-15 20:52:02+00:00,
SarVibe/MediSync,,repo,2026-04-15 09:18:50+00:00,
SarVibe/MediSync,,repo,2026-04-15 09:18:20+00:00,
SarVibe/MediSync,,repo,2026-04-15 09:13:47+00:00,
SarVibe/MediSync,,repo,2026-04-15 09:12:21+00:00,
SarVibe/MediSync,,repo,2026-04-15 08:59:11+00:00,
SarVibe/MediSync,,repo,2026-04-15 08:57:47+00:00,
SarVibe/MediSync,,repo,2026-04-14 17:44:10+00:00,
SarVibe/MediSync,,repo,2026-04-14 17:29:29+00:00,
SarVibe/MediSync,,repo,2026-04-14 17:24:52+00:00,
SarVibe/MediSync,,repo,2026-04-14 16:37:54+00:00,
SarVibe/MediSync,,repo,2026-04-14 16:35:54+00:00,
SarVibe/MediSync,,repo,2026-04-13 06:19:38+00:00,
SarVibe/MediSync,,repo,2026-04-13 06:00:22+00:00,
SarVibe/MediSync,,repo,2026-04-12 15:08:30+00:00,
SarVibe/MediSync,,repo,2026-04-12 09:48:41+00:00,
SarVibe/MediSync,,repo,2026-04-10 18:59:19+00:00,
SarVibe/MediSync,,repo,2026-04-10 18:57:25+00:00,
SarVibe/MediSync,,repo,2026-04-10 11:59:59+00:00,
SarVibe/MediSync,,repo,2026-04-10 10:17:15+00:00,
SarVibe/MediSync,,repo,2026-04-10 09:07:26+00:00,
SarVibe/MediSync,,repo,2026-04-10 07:11:11+00:00,
SarVibe/MediSync,,repo,2026-04-09 23:21:50+00:00,
SarVibe/MediSync,,repo,2026-04-09 15:28:44+00:00,
SarVibe/MediSync,,repo,2026-04-09 09:20:15+00:00,
SarVibe/MediSync,,repo,2026-04-08 23:32:13+00:00,
SarVibe/MediSync,,repo,2026-04-07 22:49:38+00:00,
SarVibe/MediSync,,repo,2026-04-07 16:47:57+00:00,
SarVibe/MediSync,,repo,2026-04-07 15:38:43+00:00,
SarVibe/MediSync,,repo,2026-04-07 15:37:18+00:00,
SarVibe/MediSync,,repo,2026-04-06 16:35:58+00:00,
SarVibe/MediSync,,repo,2026-04-06 04:53:28+00:00,
SarVibe/MediSync,,repo,2026-04-06 04:51:28+00:00,
SarVibe/MediSync,,repo,2026-04-06 04:48:01+00:00,
SarVibe/MediSync,,repo,2026-04-05 15:55:14+00:00,
SarVibe/MediSync,telemedicine-service/telemedicine-app.yaml,hpa_file,2026-04-15 20:52:02+00:00,
EricMota04/dotfiles,,repo,2025-10-13 23:24:24+00:00,
EricMota04/dotfiles,,repo,2025-09-30 21:10:55+00:00,
EricMota04/dotfiles,Code - OSS/User/History/-2a6cf7d1/lS77.yaml,hpa_file,2025-10-13 23:24:24+00:00,
Parakumar/kube-project,,repo,2024-10-12 08:20:27+00:00,
Parakumar/kube-project,,repo,2024-10-12 08:09:01+00:00,
Parakumar/kube-project,,repo,2024-10-12 07:46:09+00:00,
Parakumar/kube-project,,repo,2024-10-11 18:06:00+00:00,
Parakumar/kube-project,,repo,2024-10-11 17:13:59+00:00,
Parakumar/kube-project,app.yaml,hpa_file,2024-10-12 08:20:27+00:00,
appliedinnovationcorp/nexus-v2-workspace,,repo,2025-06-28 03:40:07+00:00,
appliedinnovationcorp/nexus-v2-workspace,,repo,2025-06-28 01:39:36+00:00,
appliedinnovationcorp/nexus-v2-workspace,,repo,2025-06-28 01:32:00+00:00,
appliedinnovationcorp/nexus-v2-workspace,,repo,2025-06-28 00:54:29+00:00,
appliedinnovationcorp/nexus-v2-workspace,,repo,2025-06-28 00:46:06+00:00,
appliedinnovationcorp/nexus-v2-workspace,,repo,2025-06-28 00:09:22+00:00,
appliedinnovationcorp/nexus-v2-workspace,,repo,2025-06-27 23:07:15+00:00,
appliedinnovationcorp/nexus-v2-workspace,,repo,2025-06-25 23:31:59+00:00,
appliedinnovationcorp/nexus-v2-workspace,,repo,2025-06-25 23:30:17+00:00,
appliedinnovationcorp/nexus-v2-workspace,src/aic-website/k8s/ingress.yaml,hpa_file,2025-06-27 23:07:15+00:00,
chotung/exponent-interview,,repo,2026-01-12 21:54:11+00:00,
chotung/exponent-interview,,repo,2026-01-12 21:53:47+00:00,
chotung/exponent-interview,,repo,2026-01-12 21:53:13+00:00,
chotung/exponent-interview,,repo,2026-01-12 21:52:33+00:00,
chotung/exponent-interview,,repo,2026-01-12 21:43:05+00:00,
chotung/exponent-interview,,repo,2026-01-12 21:41:05+00:00,
chotung/exponent-interview,,repo,2026-01-12 21:10:09+00:00,
chotung/exponent-interview,,repo,2026-01-12 20:53:11+00:00,
chotung/exponent-interview,,repo,2026-01-12 20:45:38+00:00,
chotung/exponent-interview,,repo,2026-01-12 20:44:45+00:00,
chotung/exponent-interview,,repo,2026-01-12 20:43:00+00:00,
chotung/exponent-interview,,repo,2026-01-12 20:35:05+00:00,
chotung/exponent-interview,,repo,2026-01-12 20:32:29+00:00,
chotung/exponent-interview,,repo,2026-01-12 20:24:01+00:00,
chotung/exponent-interview,k8s/hpa.yaml,hpa_file,2026-01-12 20:32:29+00:00,
BayajidAlam/node-fleet,,repo,2026-04-23 21:07:27+00:00,
BayajidAlam/node-fleet,,repo,2026-04-23 21:01:14+00:00,
BayajidAlam/node-fleet,,repo,2026-04-23 20:57:33+00:00,
BayajidAlam/node-fleet,,repo,2026-04-23 20:51:42+00:00,
BayajidAlam/node-fleet,,repo,2026-04-23 20:26:50+00:00,
BayajidAlam/node-fleet,,repo,2026-04-23 20:04:04+00:00,
BayajidAlam/node-fleet,,repo,2026-04-23 19:54:40+00:00,
BayajidAlam/node-fleet,,repo,2026-04-23 19:44:18+00:00,
BayajidAlam/node-fleet,,repo,2026-04-23 19:27:15+00:00,
BayajidAlam/node-fleet,,repo,2026-04-23 11:00:02+00:00,
BayajidAlam/node-fleet,,repo,2026-04-23 10:55:49+00:00,
BayajidAlam/node-fleet,,repo,2026-04-23 10:55:43+00:00,
BayajidAlam/node-fleet,,repo,2026-04-22 19:46:51+00:00,
BayajidAlam/node-fleet,,repo,2026-03-25 06:25:21+00:00,
BayajidAlam/node-fleet,,repo,2026-03-16 22:06:47+00:00,
BayajidAlam/node-fleet,,repo,2026-03-16 22:06:22+00:00,
BayajidAlam/node-fleet,,repo,2026-03-16 21:43:18+00:00,
BayajidAlam/node-fleet,,repo,2026-03-16 13:44:16+00:00,
BayajidAlam/node-fleet,,repo,2026-03-15 23:55:06+00:00,
BayajidAlam/node-fleet,,repo,2026-03-15 23:32:24+00:00,
BayajidAlam/node-fleet,,repo,2026-03-15 23:18:08+00:00,
BayajidAlam/node-fleet,,repo,2026-03-15 20:07:43+00:00,
BayajidAlam/node-fleet,,repo,2026-03-15 10:01:47+00:00,
BayajidAlam/node-fleet,,repo,2026-03-15 09:56:36+00:00,
BayajidAlam/node-fleet,,repo,2026-03-14 23:31:18+00:00,
BayajidAlam/node-fleet,,repo,2026-03-14 23:08:07+00:00,
BayajidAlam/node-fleet,,repo,2026-03-14 22:54:59+00:00,
BayajidAlam/node-fleet,,repo,2026-03-14 22:42:29+00:00,
BayajidAlam/node-fleet,,repo,2026-03-14 21:57:48+00:00,
BayajidAlam/node-fleet,,repo,2026-03-14 21:54:36+00:00,
BayajidAlam/node-fleet,,repo,2026-03-14 21:10:12+00:00,
BayajidAlam/node-fleet,,repo,2026-03-14 20:49:01+00:00,
BayajidAlam/node-fleet,,repo,2026-03-10 20:43:18+00:00,
BayajidAlam/node-fleet,,repo,2026-03-09 21:29:40+00:00,
BayajidAlam/node-fleet,,repo,2026-01-27 21:59:40+00:00,
BayajidAlam/node-fleet,,repo,2026-01-27 21:46:57+00:00,
BayajidAlam/node-fleet,,repo,2026-01-27 21:02:05+00:00,
BayajidAlam/node-fleet,,repo,2026-01-27 20:56:44+00:00,
BayajidAlam/node-fleet,,repo,2026-01-26 10:22:14+00:00,
BayajidAlam/node-fleet,,repo,2026-01-26 10:21:29+00:00,
BayajidAlam/node-fleet,,repo,2026-01-26 10:18:02+00:00,
BayajidAlam/node-fleet,,repo,2026-01-26 10:17:14+00:00,
BayajidAlam/node-fleet,,repo,2026-01-26 08:42:15+00:00,
BayajidAlam/node-fleet,,repo,2026-01-26 08:17:53+00:00,
BayajidAlam/node-fleet,,repo,2026-01-26 08:01:51+00:00,
BayajidAlam/node-fleet,,repo,2026-01-26 07:47:52+00:00,
BayajidAlam/node-fleet,,repo,2026-01-26 07:46:59+00:00,
BayajidAlam/node-fleet,,repo,2026-01-26 07:41:58+00:00,
BayajidAlam/node-fleet,,repo,2026-01-26 07:04:01+00:00,
BayajidAlam/node-fleet,,repo,2026-01-26 06:55:45+00:00,
BayajidAlam/node-fleet,,repo,2026-01-26 06:48:05+00:00,
BayajidAlam/node-fleet,,repo,2026-01-25 18:59:03+00:00,
BayajidAlam/node-fleet,,repo,2026-01-25 17:28:42+00:00,
BayajidAlam/node-fleet,,repo,2026-01-25 17:09:42+00:00,
BayajidAlam/node-fleet,,repo,2026-01-25 16:44:19+00:00,
BayajidAlam/node-fleet,,repo,2026-01-25 16:39:48+00:00,
BayajidAlam/node-fleet,,repo,2026-01-25 16:10:36+00:00,
BayajidAlam/node-fleet,,repo,2026-01-21 18:59:41+00:00,
BayajidAlam/node-fleet,,repo,2026-01-21 18:35:40+00:00,
BayajidAlam/node-fleet,,repo,2026-01-15 17:19:55+00:00,
BayajidAlam/node-fleet,,repo,2026-01-15 16:45:17+00:00,
BayajidAlam/node-fleet,,repo,2026-01-15 12:46:31+00:00,
BayajidAlam/node-fleet,,repo,2025-12-22 22:31:28+00:00,
BayajidAlam/node-fleet,,repo,2025-12-22 21:55:36+00:00,
BayajidAlam/node-fleet,,repo,2025-12-22 21:48:31+00:00,
BayajidAlam/node-fleet,,repo,2025-12-22 21:44:41+00:00,
BayajidAlam/node-fleet,,repo,2025-12-22 21:37:11+00:00,
BayajidAlam/node-fleet,,repo,2025-12-22 18:34:10+00:00,
BayajidAlam/node-fleet,,repo,2025-12-22 17:02:02+00:00,
BayajidAlam/node-fleet,,repo,2025-12-22 17:00:58+00:00,
BayajidAlam/node-fleet,,repo,2025-12-22 16:15:30+00:00,
BayajidAlam/node-fleet,,repo,2025-12-22 16:15:15+00:00,
BayajidAlam/node-fleet,,repo,2025-12-22 16:11:28+00:00,
BayajidAlam/node-fleet,,repo,2025-12-22 16:08:04+00:00,
BayajidAlam/node-fleet,,repo,2025-12-22 15:21:54+00:00,
BayajidAlam/node-fleet,,repo,2025-12-22 15:21:37+00:00,
BayajidAlam/node-fleet,,repo,2025-12-22 14:52:40+00:00,
BayajidAlam/node-fleet,,repo,2025-12-22 14:51:42+00:00,
BayajidAlam/node-fleet,,repo,2025-12-22 14:12:44+00:00,
BayajidAlam/node-fleet,,repo,2025-12-22 14:12:32+00:00,
BayajidAlam/node-fleet,,repo,2025-12-22 14:04:45+00:00,
BayajidAlam/node-fleet,,repo,2025-12-22 14:04:31+00:00,
BayajidAlam/node-fleet,,repo,2025-12-22 13:59:06+00:00,
BayajidAlam/node-fleet,,repo,2025-12-22 13:58:51+00:00,
BayajidAlam/node-fleet,,repo,2025-12-22 13:50:03+00:00,
BayajidAlam/node-fleet,,repo,2025-12-22 12:15:59+00:00,
BayajidAlam/node-fleet,,repo,2025-12-22 11:59:25+00:00,
BayajidAlam/node-fleet,,repo,2025-12-22 11:56:51+00:00,
BayajidAlam/node-fleet,,repo,2025-12-22 11:52:59+00:00,
BayajidAlam/node-fleet,,repo,2025-12-22 11:48:55+00:00,
BayajidAlam/node-fleet,,repo,2025-12-22 11:46:54+00:00,
BayajidAlam/node-fleet,,repo,2025-12-22 11:46:10+00:00,
BayajidAlam/node-fleet,,repo,2025-12-22 11:45:31+00:00,
BayajidAlam/node-fleet,,repo,2025-12-22 11:41:22+00:00,
BayajidAlam/node-fleet,,repo,2025-12-22 11:36:13+00:00,
BayajidAlam/node-fleet,,repo,2025-12-22 11:33:27+00:00,
BayajidAlam/node-fleet,,repo,2025-12-22 11:33:22+00:00,
BayajidAlam/node-fleet,,repo,2025-12-22 11:27:50+00:00,
BayajidAlam/node-fleet,,repo,2025-12-22 11:24:21+00:00,
BayajidAlam/node-fleet,,repo,2025-12-22 11:18:25+00:00,
BayajidAlam/node-fleet,,repo,2025-12-22 11:17:30+00:00,
BayajidAlam/node-fleet,,repo,2025-12-22 11:16:26+00:00,
BayajidAlam/node-fleet,,repo,2025-12-22 11:12:56+00:00,
BayajidAlam/node-fleet,,repo,2025-12-21 22:28:01+00:00,
BayajidAlam/node-fleet,gitops/apps/demo-app/autoscaler.yaml,hpa_file,2025-12-22 16:08:04+00:00,
musudik/ywc-api,,repo,2025-08-26 21:36:41+00:00,
musudik/ywc-api,,repo,2025-08-26 19:22:09+00:00,
musudik/ywc-api,,repo,2025-08-26 18:56:17+00:00,
musudik/ywc-api,,repo,2025-08-26 18:54:17+00:00,
musudik/ywc-api,,repo,2025-08-26 18:49:40+00:00,
musudik/ywc-api,,repo,2025-06-23 22:19:07+00:00,
musudik/ywc-api,,repo,2025-06-23 22:18:52+00:00,
musudik/ywc-api,,repo,2025-06-20 20:39:13+00:00,
musudik/ywc-api,,repo,2025-06-20 20:35:56+00:00,
musudik/ywc-api,,repo,2025-06-14 05:47:24+00:00,
musudik/ywc-api,,repo,2025-06-13 20:29:56+00:00,
musudik/ywc-api,,repo,2025-06-13 19:59:28+00:00,
musudik/ywc-api,,repo,2025-06-13 19:58:52+00:00,
musudik/ywc-api,,repo,2025-06-09 22:35:37+00:00,
musudik/ywc-api,,repo,2025-06-13 19:37:14+00:00,
musudik/ywc-api,,repo,2025-06-09 22:27:09+00:00,
musudik/ywc-api,,repo,2025-06-09 20:04:51+00:00,
musudik/ywc-api,,repo,2025-06-09 20:04:22+00:00,
musudik/ywc-api,,repo,2025-06-09 20:01:47+00:00,
musudik/ywc-api,,repo,2025-06-01 22:53:36+00:00,
musudik/ywc-api,,repo,2025-06-01 22:52:15+00:00,
musudik/ywc-api,,repo,2025-06-01 22:47:48+00:00,
musudik/ywc-api,,repo,2025-06-01 22:47:33+00:00,
musudik/ywc-api,,repo,2025-06-09 19:47:53+00:00,
musudik/ywc-api,,repo,2025-06-01 22:29:30+00:00,
musudik/ywc-api,,repo,2025-06-01 22:19:12+00:00,
musudik/ywc-api,,repo,2025-06-01 09:43:25+00:00,
musudik/ywc-api,,repo,2025-05-30 21:42:09+00:00,
musudik/ywc-api,,repo,2025-05-29 23:27:49+00:00,
musudik/ywc-api,,repo,2025-05-29 22:23:55+00:00,
musudik/ywc-api,,repo,2025-05-29 20:11:02+00:00,
musudik/ywc-api,,repo,2025-05-29 19:22:00+00:00,
musudik/ywc-api,deploy/cloud-deploy.yml,hpa_file,2025-06-01 22:29:30+00:00,
reimon/estudo-de-caso-ecommerce,,repo,2024-07-03 20:49:05+00:00,
reimon/estudo-de-caso-ecommerce,,repo,2024-07-03 20:45:06+00:00,
reimon/estudo-de-caso-ecommerce,,repo,2024-07-03 19:57:16+00:00,
reimon/estudo-de-caso-ecommerce,,repo,2024-07-03 19:44:18+00:00,
reimon/estudo-de-caso-ecommerce,,repo,2024-07-03 19:31:57+00:00,
reimon/estudo-de-caso-ecommerce,deployment.yaml,hpa_file,2024-07-03 20:49:05+00:00,
reimon/estudo-de-caso-ecommerce,deployment.yaml,hpa_file,2024-07-03 20:45:06+00:00,
amdajhbdh/bac,,repo,2026-03-14 14:49:44+00:00,
amdajhbdh/bac,,repo,2026-03-01 13:47:18+00:00,
amdajhbdh/bac,,repo,2026-03-01 13:43:39+00:00,
amdajhbdh/bac,,repo,2026-03-01 13:41:22+00:00,
amdajhbdh/bac,,repo,2026-03-01 13:36:51+00:00,
amdajhbdh/bac,,repo,2026-03-01 13:36:36+00:00,
amdajhbdh/bac,,repo,2026-03-01 11:14:15+00:00,
amdajhbdh/bac,,repo,2026-03-01 10:55:25+00:00,
amdajhbdh/bac,,repo,2026-03-01 10:51:54+00:00,
amdajhbdh/bac,,repo,2026-03-01 07:33:17+00:00,
amdajhbdh/bac,,repo,2026-02-25 06:25:49+00:00,
amdajhbdh/bac,,repo,2026-02-25 06:25:37+00:00,
amdajhbdh/bac,,repo,2026-02-24 08:27:39+00:00,
amdajhbdh/bac,,repo,2026-02-23 14:22:25+00:00,
amdajhbdh/bac,,repo,2026-02-23 02:30:49+00:00,
amdajhbdh/bac,,repo,2026-02-23 02:07:27+00:00,
amdajhbdh/bac,,repo,2026-02-23 02:01:54+00:00,
amdajhbdh/bac,,repo,2026-02-23 02:00:44+00:00,
amdajhbdh/bac,k8s/base/autoscaling.yaml,hpa_file,2026-03-01 07:33:17+00:00,
kubekanvas/templates,,repo,2026-03-08 13:50:07+00:00,
kubekanvas/templates,,repo,2026-02-24 19:13:22+00:00,
kubekanvas/templates,,repo,2026-02-24 19:12:37+00:00,
kubekanvas/templates,,repo,2026-02-18 11:51:18+00:00,
kubekanvas/templates,,repo,2025-10-24 11:03:38+00:00,
kubekanvas/templates,,repo,2025-08-12 11:04:48+00:00,
kubekanvas/templates,,repo,2025-08-12 10:55:39+00:00,
kubekanvas/templates,,repo,2025-08-12 10:55:32+00:00,
kubekanvas/templates,,repo,2025-07-15 10:33:03+00:00,
kubekanvas/templates,,repo,2025-07-05 22:15:27+00:00,
kubekanvas/templates,,repo,2025-07-05 22:13:24+00:00,
kubekanvas/templates,,repo,2025-06-28 17:04:59+00:00,
kubekanvas/templates,,repo,2025-06-25 16:20:46+00:00,
kubekanvas/templates,,repo,2025-06-25 16:19:00+00:00,
kubekanvas/templates,,repo,2025-06-25 16:10:54+00:00,
kubekanvas/templates,,repo,2025-06-25 14:50:33+00:00,
kubekanvas/templates,,repo,2025-06-25 14:34:47+00:00,
kubekanvas/templates,,repo,2025-06-21 19:49:13+00:00,
kubekanvas/templates,,repo,2025-06-18 15:06:56+00:00,
kubekanvas/templates,,repo,2025-06-18 10:30:44+00:00,
kubekanvas/templates,,repo,2025-06-17 17:08:23+00:00,
kubekanvas/templates,,repo,2025-06-17 17:06:28+00:00,
kubekanvas/templates,,repo,2025-06-17 17:05:31+00:00,
kubekanvas/templates,,repo,2025-06-03 07:24:55+00:00,
kubekanvas/templates,,repo,2025-06-03 07:23:05+00:00,
kubekanvas/templates,,repo,2025-06-03 07:12:21+00:00,
kubekanvas/templates,,repo,2025-06-03 07:06:34+00:00,
kubekanvas/templates,,repo,2025-05-17 12:49:47+00:00,
kubekanvas/templates,,repo,2025-05-17 12:45:13+00:00,
kubekanvas/templates,,repo,2025-05-15 07:49:03+00:00,
kubekanvas/templates,,repo,2025-05-15 07:39:04+00:00,
kubekanvas/templates,,repo,2025-04-24 07:55:25+00:00,
kubekanvas/templates,,repo,2025-04-24 07:52:18+00:00,
kubekanvas/templates,gateway-api/GatewayAPI.yaml,hpa_file,2026-02-18 11:51:18+00:00,
2lab-ai/2hal9,,repo,2025-06-21 15:15:07+00:00,
2lab-ai/2hal9,,repo,2025-06-21 01:24:50+00:00,
2lab-ai/2hal9,,repo,2025-06-21 00:33:50+00:00,
2lab-ai/2hal9,,repo,2025-06-21 00:33:38+00:00,
2lab-ai/2hal9,,repo,2025-06-21 00:33:25+00:00,
2lab-ai/2hal9,,repo,2025-06-21 00:33:11+00:00,
2lab-ai/2hal9,,repo,2025-06-21 00:32:59+00:00,
2lab-ai/2hal9,,repo,2025-06-21 00:32:43+00:00,
2lab-ai/2hal9,,repo,2025-06-20 16:13:28+00:00,
2lab-ai/2hal9,,repo,2025-06-20 16:13:15+00:00,
2lab-ai/2hal9,,repo,2025-06-20 16:12:59+00:00,
2lab-ai/2hal9,,repo,2025-06-20 16:12:49+00:00,
2lab-ai/2hal9,,repo,2025-06-20 16:12:39+00:00,
2lab-ai/2hal9,,repo,2025-06-20 16:12:29+00:00,
2lab-ai/2hal9,,repo,2025-06-20 16:12:19+00:00,
2lab-ai/2hal9,,repo,2025-06-20 16:12:09+00:00,
2lab-ai/2hal9,,repo,2025-06-20 16:11:52+00:00,
2lab-ai/2hal9,,repo,2025-06-20 16:11:35+00:00,
2lab-ai/2hal9,,repo,2025-06-20 16:11:19+00:00,
2lab-ai/2hal9,,repo,2025-06-18 14:23:15+00:00,
2lab-ai/2hal9,,repo,2025-06-18 07:00:07+00:00,
2lab-ai/2hal9,,repo,2025-06-18 06:56:36+00:00,
2lab-ai/2hal9,,repo,2025-06-18 06:55:43+00:00,
2lab-ai/2hal9,,repo,2025-06-18 06:55:31+00:00,
2lab-ai/2hal9,,repo,2025-06-18 06:55:19+00:00,
2lab-ai/2hal9,,repo,2025-06-18 06:55:09+00:00,
2lab-ai/2hal9,,repo,2025-06-18 06:54:58+00:00,
2lab-ai/2hal9,,repo,2025-06-18 06:54:49+00:00,
2lab-ai/2hal9,,repo,2025-06-18 06:54:27+00:00,
2lab-ai/2hal9,,repo,2025-06-18 06:54:10+00:00,
2lab-ai/2hal9,,repo,2025-06-18 06:53:52+00:00,
2lab-ai/2hal9,,repo,2025-06-18 06:53:34+00:00,
2lab-ai/2hal9,,repo,2025-06-18 06:53:15+00:00,
2lab-ai/2hal9,,repo,2025-06-18 06:52:42+00:00,
2lab-ai/2hal9,,repo,2025-06-17 03:56:42+00:00,
2lab-ai/2hal9,,repo,2025-06-17 03:49:35+00:00,
2lab-ai/2hal9,,repo,2025-06-17 03:40:03+00:00,
2lab-ai/2hal9,,repo,2025-06-17 03:38:41+00:00,
2lab-ai/2hal9,,repo,2025-06-17 03:37:17+00:00,
2lab-ai/2hal9,,repo,2025-06-17 03:36:00+00:00,
2lab-ai/2hal9,,repo,2025-06-17 03:29:16+00:00,
2lab-ai/2hal9,,repo,2025-06-17 03:27:00+00:00,
2lab-ai/2hal9,,repo,2025-06-17 03:25:30+00:00,
2lab-ai/2hal9,,repo,2025-06-17 02:54:36+00:00,
2lab-ai/2hal9,,repo,2025-06-17 02:54:19+00:00,
2lab-ai/2hal9,,repo,2025-06-17 02:54:00+00:00,
2lab-ai/2hal9,,repo,2025-06-17 02:53:42+00:00,
2lab-ai/2hal9,,repo,2025-06-17 02:53:28+00:00,
2lab-ai/2hal9,,repo,2025-06-17 02:53:13+00:00,
2lab-ai/2hal9,,repo,2025-06-17 02:52:58+00:00,
2lab-ai/2hal9,,repo,2025-06-17 02:52:41+00:00,
2lab-ai/2hal9,,repo,2025-06-17 02:52:25+00:00,
2lab-ai/2hal9,,repo,2025-06-17 02:52:10+00:00,
2lab-ai/2hal9,,repo,2025-06-17 02:38:39+00:00,
2lab-ai/2hal9,,repo,2025-06-17 02:38:18+00:00,
2lab-ai/2hal9,,repo,2025-06-17 02:38:01+00:00,
2lab-ai/2hal9,,repo,2025-06-16 08:40:23+00:00,
2lab-ai/2hal9,,repo,2025-06-16 07:56:18+00:00,
2lab-ai/2hal9,,repo,2025-06-16 07:49:23+00:00,
2lab-ai/2hal9,,repo,2025-06-16 04:43:06+00:00,
2lab-ai/2hal9,,repo,2025-06-16 03:26:42+00:00,
2lab-ai/2hal9,,repo,2025-06-16 00:20:32+00:00,
2lab-ai/2hal9,,repo,2025-06-16 00:09:40+00:00,
2lab-ai/2hal9,,repo,2025-06-15 16:00:01+00:00,
2lab-ai/2hal9,,repo,2025-06-15 15:50:23+00:00,
2lab-ai/2hal9,,repo,2025-06-15 15:50:04+00:00,
2lab-ai/2hal9,,repo,2025-06-15 15:49:45+00:00,
2lab-ai/2hal9,,repo,2025-06-15 05:34:54+00:00,
2lab-ai/2hal9,,repo,2025-06-15 01:36:26+00:00,
2lab-ai/2hal9,,repo,2025-06-15 00:59:05+00:00,
2lab-ai/2hal9,,repo,2025-06-14 17:52:57+00:00,
2lab-ai/2hal9,,repo,2025-06-14 17:45:49+00:00,
2lab-ai/2hal9,,repo,2025-06-14 17:15:53+00:00,
2lab-ai/2hal9,,repo,2025-06-14 17:09:53+00:00,
2lab-ai/2hal9,,repo,2025-06-14 17:09:29+00:00,
2lab-ai/2hal9,,repo,2025-06-14 14:56:49+00:00,
2lab-ai/2hal9,,repo,2025-06-14 14:56:27+00:00,
2lab-ai/2hal9,,repo,2025-06-14 14:56:04+00:00,
2lab-ai/2hal9,,repo,2025-06-14 12:00:47+00:00,
2lab-ai/2hal9,,repo,2025-06-14 11:58:18+00:00,
2lab-ai/2hal9,,repo,2025-06-14 11:38:59+00:00,
2lab-ai/2hal9,,repo,2025-06-14 11:08:26+00:00,
2lab-ai/2hal9,,repo,2025-06-14 10:59:00+00:00,
2lab-ai/2hal9,,repo,2025-06-14 10:25:40+00:00,
2lab-ai/2hal9,,repo,2025-06-14 10:06:46+00:00,
2lab-ai/2hal9,,repo,2025-06-14 09:41:01+00:00,
2lab-ai/2hal9,,repo,2025-06-14 09:13:22+00:00,
2lab-ai/2hal9,,repo,2025-06-14 08:19:18+00:00,
2lab-ai/2hal9,,repo,2025-06-14 07:17:01+00:00,
2lab-ai/2hal9,,repo,2025-06-14 06:10:35+00:00,
2lab-ai/2hal9,,repo,2025-06-14 02:30:39+00:00,
2lab-ai/2hal9,,repo,2025-06-13 23:24:20+00:00,
2lab-ai/2hal9,,repo,2025-06-13 23:23:57+00:00,
2lab-ai/2hal9,,repo,2025-06-13 23:23:35+00:00,
2lab-ai/2hal9,,repo,2025-06-13 20:16:00+00:00,
2lab-ai/2hal9,,repo,2025-06-13 20:14:41+00:00,
2lab-ai/2hal9,,repo,2025-06-13 03:08:07+00:00,
2lab-ai/2hal9,,repo,2025-06-13 03:07:54+00:00,
2lab-ai/2hal9,,repo,2025-06-13 03:07:43+00:00,
2lab-ai/2hal9,,repo,2025-06-13 03:07:31+00:00,
2lab-ai/2hal9,,repo,2025-06-13 03:07:21+00:00,
2lab-ai/2hal9,,repo,2025-06-13 03:07:09+00:00,
2lab-ai/2hal9,,repo,2025-06-13 03:06:58+00:00,
2lab-ai/2hal9,,repo,2025-06-13 03:06:27+00:00,
2lab-ai/2hal9,,repo,2025-06-13 03:06:12+00:00,
2lab-ai/2hal9,,repo,2025-06-13 03:05:46+00:00,
2lab-ai/2hal9,,repo,2025-06-13 03:05:34+00:00,
2lab-ai/2hal9,,repo,2025-06-13 03:05:21+00:00,
2lab-ai/2hal9,,repo,2025-06-13 03:04:55+00:00,
2lab-ai/2hal9,,repo,2025-06-13 03:04:19+00:00,
2lab-ai/2hal9,,repo,2025-06-13 01:04:20+00:00,
2lab-ai/2hal9,,repo,2025-06-13 00:14:57+00:00,
2lab-ai/2hal9,,repo,2025-06-13 00:12:31+00:00,
2lab-ai/2hal9,,repo,2025-06-13 00:09:55+00:00,
2lab-ai/2hal9,,repo,2025-06-13 00:07:32+00:00,
2lab-ai/2hal9,,repo,2025-06-13 00:05:11+00:00,
2lab-ai/2hal9,,repo,2025-06-12 23:58:50+00:00,
2lab-ai/2hal9,,repo,2025-06-12 23:56:27+00:00,
2lab-ai/2hal9,,repo,2025-06-12 23:54:15+00:00,
2lab-ai/2hal9,,repo,2025-06-12 23:52:05+00:00,
2lab-ai/2hal9,,repo,2025-06-12 22:43:54+00:00,
2lab-ai/2hal9,,repo,2025-06-12 22:41:56+00:00,
2lab-ai/2hal9,,repo,2025-06-12 22:39:59+00:00,
2lab-ai/2hal9,,repo,2025-06-12 22:38:14+00:00,
2lab-ai/2hal9,,repo,2025-06-12 22:25:48+00:00,
2lab-ai/2hal9,,repo,2025-06-12 22:24:15+00:00,
2lab-ai/2hal9,,repo,2025-06-12 22:22:45+00:00,
2lab-ai/2hal9,,repo,2025-06-12 22:21:16+00:00,
2lab-ai/2hal9,,repo,2025-06-12 21:05:49+00:00,
2lab-ai/2hal9,,repo,2025-06-12 21:04:16+00:00,
2lab-ai/2hal9,,repo,2025-06-12 21:02:50+00:00,
2lab-ai/2hal9,,repo,2025-06-12 16:39:59+00:00,
2lab-ai/2hal9,,repo,2025-06-12 16:39:25+00:00,
2lab-ai/2hal9,,repo,2025-06-12 16:38:56+00:00,
2lab-ai/2hal9,,repo,2025-06-12 16:38:28+00:00,
2lab-ai/2hal9,,repo,2025-06-12 15:42:23+00:00,
2lab-ai/2hal9,,repo,2025-06-12 15:41:56+00:00,
2lab-ai/2hal9,,repo,2025-06-12 15:41:29+00:00,
2lab-ai/2hal9,,repo,2025-06-12 15:41:01+00:00,
2lab-ai/2hal9,,repo,2025-06-12 15:08:51+00:00,
2lab-ai/2hal9,,repo,2025-06-12 15:08:17+00:00,
2lab-ai/2hal9,,repo,2025-06-12 15:07:52+00:00,
2lab-ai/2hal9,,repo,2025-06-12 15:07:24+00:00,
2lab-ai/2hal9,,repo,2025-06-12 15:07:01+00:00,
2lab-ai/2hal9,,repo,2025-06-12 15:06:34+00:00,
2lab-ai/2hal9,,repo,2025-06-12 15:06:07+00:00,
2lab-ai/2hal9,,repo,2025-06-12 14:31:33+00:00,
2lab-ai/2hal9,,repo,2025-06-12 14:31:11+00:00,
2lab-ai/2hal9,,repo,2025-06-12 14:30:49+00:00,
2lab-ai/2hal9,,repo,2025-06-12 14:30:24+00:00,
2lab-ai/2hal9,,repo,2025-06-12 14:30:03+00:00,
2lab-ai/2hal9,,repo,2025-06-12 14:20:40+00:00,
2lab-ai/2hal9,,repo,2025-06-12 10:26:52+00:00,
2lab-ai/2hal9,,repo,2025-06-12 09:26:03+00:00,
2lab-ai/2hal9,,repo,2025-06-12 07:44:43+00:00,
2lab-ai/2hal9,,repo,2025-06-12 07:43:48+00:00,
2lab-ai/2hal9,,repo,2025-06-12 07:19:48+00:00,
2lab-ai/2hal9,,repo,2025-06-12 07:19:30+00:00,
2lab-ai/2hal9,,repo,2025-06-12 07:19:11+00:00,
2lab-ai/2hal9,,repo,2025-06-12 05:10:49+00:00,
2lab-ai/2hal9,,repo,2025-06-12 05:09:08+00:00,
2lab-ai/2hal9,,repo,2025-06-12 04:03:52+00:00,
2lab-ai/2hal9,,repo,2025-06-12 04:03:39+00:00,
2lab-ai/2hal9,,repo,2025-06-12 04:03:24+00:00,
2lab-ai/2hal9,,repo,2025-06-12 04:03:11+00:00,
2lab-ai/2hal9,,repo,2025-06-12 04:02:57+00:00,
2lab-ai/2hal9,,repo,2025-06-12 00:05:33+00:00,
2lab-ai/2hal9,,repo,2025-06-12 00:05:20+00:00,
2lab-ai/2hal9,,repo,2025-06-12 00:04:49+00:00,
2lab-ai/2hal9,,repo,2025-06-12 00:04:21+00:00,
2lab-ai/2hal9,,repo,2025-06-12 00:03:55+00:00,
2lab-ai/2hal9,,repo,2025-06-12 00:03:29+00:00,
2lab-ai/2hal9,,repo,2025-06-12 00:03:03+00:00,
2lab-ai/2hal9,,repo,2025-06-12 00:02:25+00:00,
2lab-ai/2hal9,,repo,2025-06-11 16:51:37+00:00,
2lab-ai/2hal9,,repo,2025-06-11 15:44:53+00:00,
2lab-ai/2hal9,,repo,2025-06-11 09:43:19+00:00,
2lab-ai/2hal9,,repo,2025-06-11 09:24:19+00:00,
2lab-ai/2hal9,,repo,2025-06-11 09:13:43+00:00,
2lab-ai/2hal9,,repo,2025-06-11 08:30:39+00:00,
2lab-ai/2hal9,,repo,2025-06-11 07:28:51+00:00,
2lab-ai/2hal9,,repo,2025-06-11 07:22:15+00:00,
2lab-ai/2hal9,,repo,2025-06-11 06:45:26+00:00,
2lab-ai/2hal9,,repo,2025-06-11 06:28:32+00:00,
2lab-ai/2hal9,,repo,2025-06-11 06:17:20+00:00,
2lab-ai/2hal9,,repo,2025-06-11 05:18:51+00:00,
2lab-ai/2hal9,,repo,2025-06-11 05:12:06+00:00,
2lab-ai/2hal9,,repo,2025-06-11 05:11:50+00:00,
2lab-ai/2hal9,,repo,2025-06-11 05:11:08+00:00,
2lab-ai/2hal9,,repo,2025-06-11 03:49:07+00:00,
2lab-ai/2hal9,,repo,2025-06-11 03:48:34+00:00,
2lab-ai/2hal9,,repo,2025-06-11 03:13:35+00:00,
2lab-ai/2hal9,,repo,2025-06-11 03:13:09+00:00,
2lab-ai/2hal9,,repo,2025-06-11 03:12:52+00:00,
2lab-ai/2hal9,,repo,2025-06-11 03:12:38+00:00,
2lab-ai/2hal9,,repo,2025-06-11 02:21:21+00:00,
2lab-ai/2hal9,,repo,2025-06-11 02:21:01+00:00,
2lab-ai/2hal9,,repo,2025-06-11 02:20:46+00:00,
2lab-ai/2hal9,,repo,2025-06-11 02:20:27+00:00,
2lab-ai/2hal9,,repo,2025-06-11 02:20:07+00:00,
2lab-ai/2hal9,layers/L3_operational/architecture/kubernetes/deployment-1000-users.yaml,hpa_file,2025-06-14 06:10:35+00:00,
NeuralBlitz/opencode-lrs-agents-nbx,,repo,2026-02-06 03:05:54+00:00,
NeuralBlitz/opencode-lrs-agents-nbx,,repo,2026-02-06 03:05:42+00:00,
NeuralBlitz/opencode-lrs-agents-nbx,,repo,2026-02-06 03:05:01+00:00,
NeuralBlitz/opencode-lrs-agents-nbx,,repo,2026-02-06 03:04:10+00:00,
NeuralBlitz/opencode-lrs-agents-nbx,,repo,2026-02-06 03:03:04+00:00,
NeuralBlitz/opencode-lrs-agents-nbx,,repo,2026-02-06 02:56:25+00:00,
NeuralBlitz/opencode-lrs-agents-nbx,deploy/k8s/deployment.yaml,hpa_file,2026-02-06 02:56:25+00:00,
Cablab/devops,,repo,2022-07-28 23:04:24+00:00,
Cablab/devops,,repo,2022-07-28 22:57:35+00:00,
Cablab/devops,,repo,2022-07-28 05:23:24+00:00,
Cablab/devops,,repo,2022-07-27 06:13:54+00:00,
Cablab/devops,,repo,2022-07-27 05:31:56+00:00,
Cablab/devops,,repo,2022-07-27 04:36:06+00:00,
Cablab/devops,,repo,2022-07-26 01:47:49+00:00,
Cablab/devops,,repo,2022-07-24 00:18:54+00:00,
Cablab/devops,,repo,2022-07-22 22:45:51+00:00,
Cablab/devops,,repo,2022-07-22 06:05:21+00:00,
Cablab/devops,,repo,2022-07-22 06:04:42+00:00,
Cablab/devops,,repo,2022-07-13 00:56:44+00:00,
Cablab/devops,,repo,2022-07-13 00:55:50+00:00,
Cablab/devops,,repo,2022-07-12 05:25:34+00:00,
Cablab/devops,,repo,2022-07-12 03:48:03+00:00,
Cablab/devops,,repo,2022-07-11 21:11:39+00:00,
Cablab/devops,,repo,2022-07-11 21:04:17+00:00,
Cablab/devops,,repo,2022-07-11 21:03:59+00:00,
Cablab/devops,,repo,2022-07-11 20:45:48+00:00,
Cablab/devops,,repo,2022-07-11 06:12:47+00:00,
Cablab/devops,,repo,2022-07-11 03:19:59+00:00,
Cablab/devops,,repo,2022-07-10 21:35:57+00:00,
Cablab/devops,,repo,2022-07-09 21:01:25+00:00,
Cablab/devops,,repo,2022-07-08 19:44:40+00:00,
Cablab/devops,,repo,2022-06-15 03:23:57+00:00,
Cablab/devops,,repo,2022-06-14 23:00:31+00:00,
Cablab/devops,,repo,2022-06-10 02:14:05+00:00,
Cablab/devops,,repo,2022-05-29 05:13:24+00:00,
Cablab/devops,,repo,2022-05-26 22:48:39+00:00,
Cablab/devops,,repo,2022-05-26 04:44:44+00:00,
Cablab/devops,,repo,2022-05-25 23:08:29+00:00,
Cablab/devops,,repo,2022-05-25 22:33:46+00:00,
Cablab/devops,,repo,2022-05-17 22:53:16+00:00,
Cablab/devops,,repo,2022-04-07 22:43:27+00:00,
Cablab/devops,,repo,2022-04-06 22:46:23+00:00,
Cablab/devops,,repo,2022-03-15 20:11:19+00:00,
Cablab/devops,,repo,2022-03-14 21:21:52+00:00,
Cablab/devops,,repo,2022-02-12 23:44:47+00:00,
Cablab/devops,,repo,2022-01-31 23:36:02+00:00,
Cablab/devops,,repo,2022-01-31 22:58:11+00:00,
Cablab/devops,,repo,2022-01-30 01:34:08+00:00,
Cablab/devops,,repo,2022-01-28 23:57:52+00:00,
Cablab/devops,,repo,2022-01-22 06:13:24+00:00,
Cablab/devops,,repo,2022-01-20 04:49:15+00:00,
Cablab/devops,,repo,2022-01-20 04:18:36+00:00,
Cablab/devops,,repo,2022-01-20 04:16:23+00:00,
Cablab/devops,k8s-project/src/app.yml,hpa_file,2022-07-27 05:31:56+00:00,
mapadhi/platform-shared-services1,,repo,2022-01-05 13:46:26+00:00,
mapadhi/platform-shared-services1,,repo,2022-01-05 13:26:01+00:00,
mapadhi/platform-shared-services1,,repo,2022-01-05 13:10:41+00:00,
mapadhi/platform-shared-services1,,repo,2022-01-05 11:05:36+00:00,
mapadhi/platform-shared-services1,,repo,2022-01-04 15:17:21+00:00,
mapadhi/platform-shared-services1,,repo,2022-01-04 14:41:03+00:00,
mapadhi/platform-shared-services1,,repo,2022-01-03 13:06:27+00:00,
mapadhi/platform-shared-services1,,repo,2021-12-30 10:55:33+00:00,
mapadhi/platform-shared-services1,,repo,2021-12-30 10:54:48+00:00,
mapadhi/platform-shared-services1,,repo,2021-12-30 09:33:16+00:00,
mapadhi/platform-shared-services1,,repo,2021-12-29 10:49:18+00:00,
mapadhi/platform-shared-services1,,repo,2021-12-29 10:47:45+00:00,
mapadhi/platform-shared-services1,,repo,2021-12-29 10:17:42+00:00,
mapadhi/platform-shared-services1,,repo,2021-12-29 07:08:28+00:00,
mapadhi/platform-shared-services1,,repo,2021-12-28 11:44:08+00:00,
mapadhi/platform-shared-services1,subcharts/istiod/files/gen-istio.yaml,hpa_file,2021-12-28 11:44:08+00:00,
arisu1000/kubernetes-book-sample,,repo,2024-10-06 00:14:33+00:00,
arisu1000/kubernetes-book-sample,,repo,2023-03-01 12:52:23+00:00,
arisu1000/kubernetes-book-sample,,repo,2023-03-01 10:30:06+00:00,
arisu1000/kubernetes-book-sample,,repo,2023-03-01 10:17:19+00:00,
arisu1000/kubernetes-book-sample,autoscaling/autoscaling.yaml,hpa_file,2019-12-25 12:57:00+00:00,
wr-fmbah/argo-play,,repo,2022-06-25 07:46:26+00:00,
wr-fmbah/argo-play,,repo,2022-06-25 07:40:41+00:00,
wr-fmbah/argo-play,,repo,2022-06-25 07:36:01+00:00,
wr-fmbah/argo-play,,repo,2022-06-16 12:59:53+00:00,
wr-fmbah/argo-play,,repo,2022-06-16 12:39:09+00:00,
wr-fmbah/argo-play,,repo,2022-06-16 12:32:21+00:00,
wr-fmbah/argo-play,,repo,2022-06-16 12:02:05+00:00,
wr-fmbah/argo-play,,repo,2022-06-16 11:43:35+00:00,
wr-fmbah/argo-play,,repo,2022-06-16 11:39:36+00:00,
wr-fmbah/argo-play,,repo,2022-06-16 10:47:14+00:00,
wr-fmbah/argo-play,,repo,2022-06-16 10:44:44+00:00,
wr-fmbah/argo-play,,repo,2022-06-16 10:35:47+00:00,
wr-fmbah/argo-play,,repo,2022-06-16 10:28:01+00:00,
wr-fmbah/argo-play,,repo,2022-06-16 10:14:09+00:00,
wr-fmbah/argo-play,,repo,2022-06-16 09:59:27+00:00,
wr-fmbah/argo-play,,repo,2022-06-16 09:53:19+00:00,
wr-fmbah/argo-play,,repo,2022-06-16 09:13:58+00:00,
wr-fmbah/argo-play,,repo,2022-06-16 09:09:00+00:00,
wr-fmbah/argo-play,,repo,2022-06-16 08:51:53+00:00,
wr-fmbah/argo-play,,repo,2022-06-16 08:48:07+00:00,
wr-fmbah/argo-play,,repo,2022-06-16 08:41:31+00:00,
wr-fmbah/argo-play,,repo,2022-06-16 07:22:20+00:00,
wr-fmbah/argo-play,dev/podinfo-app/hpa.yaml,hpa_file,2022-06-16 10:44:44+00:00,
mutugading/goapps-infra,,repo,2026-04-22 07:14:30+00:00,
mutugading/goapps-infra,,repo,2026-04-22 07:14:27+00:00,
mutugading/goapps-infra,,repo,2026-04-22 07:14:24+00:00,
mutugading/goapps-infra,,repo,2026-04-22 07:14:00+00:00,
mutugading/goapps-infra,,repo,2026-04-22 07:13:57+00:00,
mutugading/goapps-infra,,repo,2026-04-22 07:13:54+00:00,
mutugading/goapps-infra,,repo,2026-04-22 07:05:55+00:00,
mutugading/goapps-infra,,repo,2026-04-22 07:05:52+00:00,
mutugading/goapps-infra,,repo,2026-04-22 07:05:44+00:00,
mutugading/goapps-infra,,repo,2026-04-22 07:05:40+00:00,
mutugading/goapps-infra,,repo,2026-04-22 06:57:30+00:00,
mutugading/goapps-infra,,repo,2026-04-22 06:55:25+00:00,
mutugading/goapps-infra,,repo,2026-04-22 06:55:21+00:00,
mutugading/goapps-infra,,repo,2026-04-22 06:55:18+00:00,
mutugading/goapps-infra,,repo,2026-04-22 06:41:09+00:00,
mutugading/goapps-infra,,repo,2026-04-22 06:41:06+00:00,
mutugading/goapps-infra,,repo,2026-04-22 06:40:35+00:00,
mutugading/goapps-infra,,repo,2026-04-22 06:40:31+00:00,
mutugading/goapps-infra,,repo,2026-04-22 06:17:13+00:00,
mutugading/goapps-infra,,repo,2026-04-22 06:16:44+00:00,
mutugading/goapps-infra,,repo,2026-04-22 06:16:41+00:00,
mutugading/goapps-infra,,repo,2026-04-22 06:16:38+00:00,
mutugading/goapps-infra,,repo,2026-04-22 06:15:05+00:00,
mutugading/goapps-infra,,repo,2026-04-22 06:15:01+00:00,
mutugading/goapps-infra,,repo,2026-04-22 04:57:12+00:00,
mutugading/goapps-infra,,repo,2026-04-22 04:55:07+00:00,
mutugading/goapps-infra,,repo,2026-04-22 04:42:57+00:00,
mutugading/goapps-infra,,repo,2026-04-22 04:34:50+00:00,
mutugading/goapps-infra,,repo,2026-04-22 04:24:41+00:00,
mutugading/goapps-infra,,repo,2026-04-17 09:21:11+00:00,
mutugading/goapps-infra,,repo,2026-04-17 09:19:06+00:00,
mutugading/goapps-infra,,repo,2026-04-17 09:17:46+00:00,
mutugading/goapps-infra,,repo,2026-04-17 09:17:43+00:00,
mutugading/goapps-infra,,repo,2026-04-17 09:02:38+00:00,
mutugading/goapps-infra,,repo,2026-04-17 09:01:25+00:00,
mutugading/goapps-infra,,repo,2026-04-17 09:01:21+00:00,
mutugading/goapps-infra,,repo,2026-04-17 08:26:52+00:00,
mutugading/goapps-infra,,repo,2026-04-17 08:19:54+00:00,
mutugading/goapps-infra,,repo,2026-04-17 08:18:44+00:00,
mutugading/goapps-infra,,repo,2026-04-17 08:14:36+00:00,
mutugading/goapps-infra,,repo,2026-04-17 08:13:35+00:00,
mutugading/goapps-infra,,repo,2026-04-17 07:51:56+00:00,
mutugading/goapps-infra,,repo,2026-04-17 07:49:50+00:00,
mutugading/goapps-infra,,repo,2026-04-17 07:49:46+00:00,
mutugading/goapps-infra,,repo,2026-04-17 07:49:42+00:00,
mutugading/goapps-infra,,repo,2026-04-17 07:47:42+00:00,
mutugading/goapps-infra,,repo,2026-04-17 07:47:33+00:00,
mutugading/goapps-infra,,repo,2026-04-17 07:44:37+00:00,
mutugading/goapps-infra,,repo,2026-04-17 06:45:44+00:00,
mutugading/goapps-infra,,repo,2026-04-17 06:17:09+00:00,
mutugading/goapps-infra,,repo,2026-04-16 07:00:04+00:00,
mutugading/goapps-infra,,repo,2026-04-16 04:48:42+00:00,
mutugading/goapps-infra,,repo,2026-04-16 02:43:57+00:00,
mutugading/goapps-infra,,repo,2026-04-16 02:42:45+00:00,
mutugading/goapps-infra,,repo,2026-04-16 02:20:50+00:00,
mutugading/goapps-infra,,repo,2026-04-16 02:20:47+00:00,
mutugading/goapps-infra,,repo,2026-04-16 02:20:44+00:00,
mutugading/goapps-infra,,repo,2026-04-16 02:20:15+00:00,
mutugading/goapps-infra,,repo,2026-04-16 02:20:11+00:00,
mutugading/goapps-infra,,repo,2026-04-16 02:20:09+00:00,
mutugading/goapps-infra,,repo,2026-04-16 01:49:15+00:00,
mutugading/goapps-infra,,repo,2026-04-16 01:47:55+00:00,
mutugading/goapps-infra,,repo,2026-04-16 01:41:05+00:00,
mutugading/goapps-infra,,repo,2026-04-16 01:37:33+00:00,
mutugading/goapps-infra,,repo,2026-04-15 09:24:04+00:00,
mutugading/goapps-infra,,repo,2026-04-15 09:24:01+00:00,
mutugading/goapps-infra,,repo,2026-04-15 09:03:46+00:00,
mutugading/goapps-infra,,repo,2026-04-15 09:01:42+00:00,
mutugading/goapps-infra,,repo,2026-04-15 08:59:38+00:00,
mutugading/goapps-infra,,repo,2026-04-15 08:57:32+00:00,
mutugading/goapps-infra,,repo,2026-04-15 07:28:07+00:00,
mutugading/goapps-infra,,repo,2026-04-15 07:26:25+00:00,
mutugading/goapps-infra,,repo,2026-04-15 07:26:00+00:00,
mutugading/goapps-infra,,repo,2026-04-15 07:24:20+00:00,
mutugading/goapps-infra,,repo,2026-04-15 07:18:12+00:00,
mutugading/goapps-infra,,repo,2026-04-15 07:18:09+00:00,
mutugading/goapps-infra,,repo,2026-04-15 07:17:36+00:00,
mutugading/goapps-infra,,repo,2026-04-15 07:17:33+00:00,
mutugading/goapps-infra,,repo,2026-04-15 06:49:46+00:00,
mutugading/goapps-infra,,repo,2026-04-15 06:48:34+00:00,
mutugading/goapps-infra,,repo,2026-04-15 06:48:31+00:00,
mutugading/goapps-infra,,repo,2026-04-15 06:47:41+00:00,
mutugading/goapps-infra,,repo,2026-04-14 07:24:43+00:00,
mutugading/goapps-infra,,repo,2026-04-14 07:23:32+00:00,
mutugading/goapps-infra,,repo,2026-04-14 06:12:02+00:00,
mutugading/goapps-infra,,repo,2026-04-14 06:11:11+00:00,
mutugading/goapps-infra,,repo,2026-04-14 06:06:58+00:00,
mutugading/goapps-infra,,repo,2026-04-14 06:05:53+00:00,
mutugading/goapps-infra,,repo,2026-04-14 05:03:06+00:00,
mutugading/goapps-infra,,repo,2026-04-14 05:03:03+00:00,
mutugading/goapps-infra,,repo,2026-04-14 05:02:14+00:00,
mutugading/goapps-infra,,repo,2026-04-14 05:02:11+00:00,
mutugading/goapps-infra,,repo,2026-04-14 05:02:08+00:00,
mutugading/goapps-infra,,repo,2026-04-14 05:00:58+00:00,
mutugading/goapps-infra,,repo,2026-04-14 03:33:54+00:00,
mutugading/goapps-infra,,repo,2026-04-14 03:32:47+00:00,
mutugading/goapps-infra,,repo,2026-04-14 03:14:21+00:00,
mutugading/goapps-infra,,repo,2026-04-14 03:13:37+00:00,
mutugading/goapps-infra,,repo,2026-04-14 03:03:00+00:00,
mutugading/goapps-infra,,repo,2026-04-14 02:49:22+00:00,
mutugading/goapps-infra,,repo,2026-04-13 09:14:23+00:00,
mutugading/goapps-infra,,repo,2026-04-13 09:14:04+00:00,
mutugading/goapps-infra,,repo,2026-04-13 09:14:01+00:00,
mutugading/goapps-infra,,repo,2026-04-13 09:12:18+00:00,
mutugading/goapps-infra,,repo,2026-04-13 08:49:58+00:00,
mutugading/goapps-infra,,repo,2026-04-13 08:49:56+00:00,
mutugading/goapps-infra,,repo,2026-04-13 08:49:00+00:00,
mutugading/goapps-infra,,repo,2026-04-13 08:48:57+00:00,
mutugading/goapps-infra,,repo,2026-04-13 08:48:55+00:00,
mutugading/goapps-infra,,repo,2026-04-13 08:47:50+00:00,
mutugading/goapps-infra,,repo,2026-04-08 09:14:06+00:00,
mutugading/goapps-infra,,repo,2026-04-08 09:13:55+00:00,
mutugading/goapps-infra,,repo,2026-04-08 09:12:52+00:00,
mutugading/goapps-infra,,repo,2026-04-08 09:12:49+00:00,
mutugading/goapps-infra,,repo,2026-04-08 09:10:41+00:00,
mutugading/goapps-infra,,repo,2026-04-08 09:10:36+00:00,
mutugading/goapps-infra,,repo,2026-04-08 09:09:53+00:00,
mutugading/goapps-infra,,repo,2026-04-08 09:08:30+00:00,
mutugading/goapps-infra,,repo,2026-04-08 09:07:36+00:00,
mutugading/goapps-infra,,repo,2026-04-07 09:08:26+00:00,
mutugading/goapps-infra,,repo,2026-04-07 09:07:00+00:00,
mutugading/goapps-infra,,repo,2026-04-07 09:04:17+00:00,
mutugading/goapps-infra,,repo,2026-04-07 09:02:48+00:00,
mutugading/goapps-infra,,repo,2026-04-07 08:08:58+00:00,
mutugading/goapps-infra,,repo,2026-04-07 08:08:03+00:00,
mutugading/goapps-infra,,repo,2026-04-07 08:08:00+00:00,
mutugading/goapps-infra,,repo,2026-04-07 08:07:56+00:00,
mutugading/goapps-infra,,repo,2026-04-07 08:04:47+00:00,
mutugading/goapps-infra,,repo,2026-04-07 08:04:44+00:00,
mutugading/goapps-infra,,repo,2026-03-29 22:00:59+00:00,
mutugading/goapps-infra,,repo,2026-03-29 21:59:55+00:00,
mutugading/goapps-infra,,repo,2026-03-29 21:59:52+00:00,
mutugading/goapps-infra,,repo,2026-03-29 21:58:53+00:00,
mutugading/goapps-infra,,repo,2026-03-29 14:42:49+00:00,
mutugading/goapps-infra,,repo,2026-03-29 14:41:05+00:00,
mutugading/goapps-infra,,repo,2026-03-26 03:13:54+00:00,
mutugading/goapps-infra,,repo,2026-03-26 03:13:40+00:00,
mutugading/goapps-infra,,repo,2026-03-26 03:11:48+00:00,
mutugading/goapps-infra,,repo,2026-03-26 03:11:46+00:00,
mutugading/goapps-infra,,repo,2026-03-26 03:11:34+00:00,
mutugading/goapps-infra,,repo,2026-03-26 03:11:31+00:00,
mutugading/goapps-infra,,repo,2026-03-25 04:36:21+00:00,
mutugading/goapps-infra,,repo,2026-03-25 04:34:05+00:00,
mutugading/goapps-infra,,repo,2026-03-22 15:27:35+00:00,
mutugading/goapps-infra,,repo,2026-03-22 15:25:53+00:00,
mutugading/goapps-infra,,repo,2026-03-22 15:08:18+00:00,
mutugading/goapps-infra,,repo,2026-03-22 15:05:50+00:00,
mutugading/goapps-infra,,repo,2026-03-22 14:54:02+00:00,
mutugading/goapps-infra,,repo,2026-03-22 14:36:51+00:00,
mutugading/goapps-infra,,repo,2026-03-22 14:10:04+00:00,
mutugading/goapps-infra,,repo,2026-03-22 14:01:23+00:00,
mutugading/goapps-infra,,repo,2026-03-22 13:42:50+00:00,
mutugading/goapps-infra,,repo,2026-03-22 13:36:14+00:00,
mutugading/goapps-infra,,repo,2026-03-22 05:27:37+00:00,
mutugading/goapps-infra,,repo,2026-03-22 05:23:34+00:00,
mutugading/goapps-infra,,repo,2026-03-22 05:07:42+00:00,
mutugading/goapps-infra,,repo,2026-03-22 05:07:36+00:00,
mutugading/goapps-infra,,repo,2026-03-22 04:58:41+00:00,
mutugading/goapps-infra,,repo,2026-03-22 04:55:48+00:00,
mutugading/goapps-infra,,repo,2026-03-22 01:13:53+00:00,
mutugading/goapps-infra,,repo,2026-03-22 01:10:32+00:00,
mutugading/goapps-infra,,repo,2026-03-22 00:40:29+00:00,
mutugading/goapps-infra,,repo,2026-03-22 00:39:20+00:00,
mutugading/goapps-infra,,repo,2026-03-22 00:05:47+00:00,
mutugading/goapps-infra,,repo,2026-03-22 00:03:34+00:00,
mutugading/goapps-infra,,repo,2026-03-21 23:56:37+00:00,
mutugading/goapps-infra,,repo,2026-03-21 23:50:29+00:00,
mutugading/goapps-infra,,repo,2026-03-21 12:20:40+00:00,
mutugading/goapps-infra,,repo,2026-03-21 12:20:24+00:00,
mutugading/goapps-infra,,repo,2026-03-21 11:57:43+00:00,
mutugading/goapps-infra,,repo,2026-03-21 11:49:46+00:00,
mutugading/goapps-infra,,repo,2026-03-21 11:36:11+00:00,
mutugading/goapps-infra,,repo,2026-03-21 11:32:01+00:00,
mutugading/goapps-infra,,repo,2026-03-20 13:19:47+00:00,
mutugading/goapps-infra,,repo,2026-03-20 13:19:29+00:00,
mutugading/goapps-infra,,repo,2026-03-20 13:11:37+00:00,
mutugading/goapps-infra,,repo,2026-03-20 13:11:13+00:00,
mutugading/goapps-infra,,repo,2026-03-20 12:45:03+00:00,
mutugading/goapps-infra,,repo,2026-03-20 12:44:40+00:00,
mutugading/goapps-infra,,repo,2026-03-20 12:42:57+00:00,
mutugading/goapps-infra,,repo,2026-03-20 12:40:32+00:00,
mutugading/goapps-infra,,repo,2026-03-20 12:05:33+00:00,
mutugading/goapps-infra,,repo,2026-03-20 12:05:31+00:00,
mutugading/goapps-infra,,repo,2026-03-20 12:05:28+00:00,
mutugading/goapps-infra,,repo,2026-03-20 12:04:13+00:00,
mutugading/goapps-infra,,repo,2026-03-20 12:04:11+00:00,
mutugading/goapps-infra,,repo,2026-03-20 12:04:08+00:00,
mutugading/goapps-infra,,repo,2026-03-20 11:56:59+00:00,
mutugading/goapps-infra,,repo,2026-03-20 11:56:10+00:00,
mutugading/goapps-infra,,repo,2026-03-20 11:52:17+00:00,
mutugading/goapps-infra,,repo,2026-03-20 11:51:27+00:00,
mutugading/goapps-infra,,repo,2026-03-20 10:30:15+00:00,
mutugading/goapps-infra,,repo,2026-03-20 10:29:15+00:00,
mutugading/goapps-infra,,repo,2026-03-20 10:23:16+00:00,
mutugading/goapps-infra,,repo,2026-03-20 10:21:48+00:00,
mutugading/goapps-infra,,repo,2026-03-20 10:14:19+00:00,
mutugading/goapps-infra,,repo,2026-03-20 10:13:01+00:00,
mutugading/goapps-infra,,repo,2026-03-20 09:56:12+00:00,
mutugading/goapps-infra,,repo,2026-03-20 09:53:07+00:00,
mutugading/goapps-infra,,repo,2026-03-20 09:35:56+00:00,
mutugading/goapps-infra,base/database/pgbouncer/hpa.yaml,hpa_file,2026-03-22 13:36:14+00:00,
mutugading/goapps-infra,base/database/pgbouncer/hpa.yaml,hpa_file,2026-01-31 07:40:13+00:00,
mikegcoleman/secure-cicd-maven,,repo,2023-01-09 21:23:07+00:00,
mikegcoleman/secure-cicd-maven,,repo,2023-01-09 21:16:17+00:00,
mikegcoleman/secure-cicd-maven,,repo,2023-01-09 19:43:38+00:00,
mikegcoleman/secure-cicd-maven,,repo,2023-01-09 19:33:37+00:00,
mikegcoleman/secure-cicd-maven,,repo,2023-01-09 19:31:56+00:00,
mikegcoleman/secure-cicd-maven,,repo,2023-01-03 19:07:43+00:00,
mikegcoleman/secure-cicd-maven,,repo,2023-01-03 19:00:37+00:00,
mikegcoleman/secure-cicd-maven,,repo,2023-01-03 18:58:36+00:00,
mikegcoleman/secure-cicd-maven,,repo,2023-01-03 18:57:18+00:00,
mikegcoleman/secure-cicd-maven,,repo,2023-01-02 21:55:24+00:00,
mikegcoleman/secure-cicd-maven,,repo,2023-01-02 21:35:52+00:00,
mikegcoleman/secure-cicd-maven,,repo,2023-01-02 21:19:21+00:00,
mikegcoleman/secure-cicd-maven,,repo,2022-08-31 14:09:54+00:00,
mikegcoleman/secure-cicd-maven,,repo,2022-08-31 14:04:19+00:00,
mikegcoleman/secure-cicd-maven,,repo,2022-08-31 09:53:50+00:00,
mikegcoleman/secure-cicd-maven,,repo,2022-08-31 03:04:30+00:00,
mikegcoleman/secure-cicd-maven,,repo,2022-08-31 02:09:26+00:00,
mikegcoleman/secure-cicd-maven,,repo,2022-08-31 02:01:29+00:00,
mikegcoleman/secure-cicd-maven,,repo,2022-08-31 01:54:33+00:00,
mikegcoleman/secure-cicd-maven,,repo,2022-08-31 01:16:16+00:00,
mikegcoleman/secure-cicd-maven,,repo,2022-08-30 21:56:47+00:00,
mikegcoleman/secure-cicd-maven,,repo,2022-08-30 21:49:38+00:00,
mikegcoleman/secure-cicd-maven,,repo,2022-08-30 20:15:54+00:00,
mikegcoleman/secure-cicd-maven,,repo,2022-08-30 20:09:35+00:00,
mikegcoleman/secure-cicd-maven,,repo,2022-08-30 19:57:54+00:00,
mikegcoleman/secure-cicd-maven,,repo,2022-08-30 19:24:49+00:00,
mikegcoleman/secure-cicd-maven,,repo,2022-08-30 19:20:48+00:00,
mikegcoleman/secure-cicd-maven,,repo,2022-08-30 19:06:36+00:00,
mikegcoleman/secure-cicd-maven,,repo,2022-08-29 18:27:16+00:00,
mikegcoleman/secure-cicd-maven,,repo,2022-08-29 18:19:27+00:00,
mikegcoleman/secure-cicd-maven,,repo,2022-08-29 18:06:32+00:00,
mikegcoleman/secure-cicd-maven,,repo,2022-08-29 17:54:18+00:00,
mikegcoleman/secure-cicd-maven,,repo,2022-08-29 03:26:49+00:00,
mikegcoleman/secure-cicd-maven,,repo,2022-08-29 03:09:56+00:00,
mikegcoleman/secure-cicd-maven,,repo,2022-08-17 18:28:28+00:00,
mikegcoleman/secure-cicd-maven,,repo,2022-08-17 18:23:50+00:00,
mikegcoleman/secure-cicd-maven,,repo,2022-08-17 18:10:28+00:00,
mikegcoleman/secure-cicd-maven,,repo,2022-08-17 17:59:31+00:00,
mikegcoleman/secure-cicd-maven,,repo,2022-08-17 04:52:45+00:00,
mikegcoleman/secure-cicd-maven,,repo,2022-08-17 04:03:18+00:00,
mikegcoleman/secure-cicd-maven,,repo,2022-08-17 03:49:04+00:00,
mikegcoleman/secure-cicd-maven,,repo,2022-08-17 03:42:42+00:00,
mikegcoleman/secure-cicd-maven,,repo,2022-08-16 23:38:25+00:00,
mikegcoleman/secure-cicd-maven,,repo,2022-08-16 23:26:50+00:00,
mikegcoleman/secure-cicd-maven,,repo,2022-08-16 23:06:13+00:00,
mikegcoleman/secure-cicd-maven,,repo,2022-08-16 20:44:52+00:00,
mikegcoleman/secure-cicd-maven,k8s/base/hpa.yaml,hpa_file,2022-08-16 20:44:52+00:00,
egarbarino/kubernetes-gcp,chp3/hpa.yaml,hpa_file,2019-08-05 07:15:35+00:00,
nevzatgul/jitsi-cluster,,repo,2024-08-13 14:14:47+00:00,
nevzatgul/jitsi-cluster,,repo,2024-08-13 13:11:27+00:00,
nevzatgul/jitsi-cluster,,repo,2024-08-13 13:09:26+00:00,
nevzatgul/jitsi-cluster,,repo,2024-08-13 13:06:27+00:00,
nevzatgul/jitsi-cluster,,repo,2024-08-13 13:04:43+00:00,
nevzatgul/jitsi-cluster,,repo,2024-08-13 13:04:26+00:00,
nevzatgul/jitsi-cluster,,repo,2024-08-13 12:57:47+00:00,
nevzatgul/jitsi-cluster,,repo,2024-08-13 12:56:03+00:00,
nevzatgul/jitsi-cluster,,repo,2024-08-13 12:53:51+00:00,
nevzatgul/jitsi-cluster,,repo,2024-08-13 12:42:02+00:00,
nevzatgul/jitsi-cluster,overlays/production/shard-1/jvb-hpa-patch.yaml,hpa_file,2021-01-21 12:28:43+00:00,
torneseumprogramador/kubernetes-desafio,,repo,2022-06-23 17:24:08+00:00,
torneseumprogramador/kubernetes-desafio,,repo,2022-06-23 17:10:39+00:00,
torneseumprogramador/kubernetes-desafio,,repo,2022-06-23 17:10:20+00:00,
torneseumprogramador/kubernetes-desafio,,repo,2022-06-05 11:03:08+00:00,
torneseumprogramador/kubernetes-desafio,,repo,2022-06-05 09:47:37+00:00,
torneseumprogramador/kubernetes-desafio,,repo,2022-06-05 08:38:01+00:00,
torneseumprogramador/kubernetes-desafio,,repo,2022-06-04 12:35:23+00:00,
torneseumprogramador/kubernetes-desafio,,repo,2022-06-04 12:34:49+00:00,
torneseumprogramador/kubernetes-desafio,,repo,2022-06-04 12:24:07+00:00,
torneseumprogramador/kubernetes-desafio,,repo,2022-06-04 12:23:07+00:00,
torneseumprogramador/kubernetes-desafio,,repo,2022-06-04 11:46:27+00:00,
torneseumprogramador/kubernetes-desafio,,repo,2022-06-03 10:07:33+00:00,
torneseumprogramador/kubernetes-desafio,,repo,2022-06-03 10:00:07+00:00,
torneseumprogramador/kubernetes-desafio,,repo,2022-06-02 10:57:25+00:00,
torneseumprogramador/kubernetes-desafio,,repo,2022-06-02 08:56:28+00:00,
torneseumprogramador/kubernetes-desafio,,repo,2022-06-02 08:43:57+00:00,
torneseumprogramador/kubernetes-desafio,,repo,2022-06-01 09:37:44+00:00,
torneseumprogramador/kubernetes-desafio,,repo,2022-06-01 09:36:13+00:00,
torneseumprogramador/kubernetes-desafio,,repo,2022-06-01 09:22:09+00:00,
torneseumprogramador/kubernetes-desafio,,repo,2022-06-01 09:03:47+00:00,
torneseumprogramador/kubernetes-desafio,,repo,2022-06-01 09:02:15+00:00,
torneseumprogramador/kubernetes-desafio,,repo,2022-05-31 10:39:23+00:00,
torneseumprogramador/kubernetes-desafio,,repo,2022-05-31 10:37:59+00:00,
torneseumprogramador/kubernetes-desafio,,repo,2022-05-31 10:34:11+00:00,
torneseumprogramador/kubernetes-desafio,,repo,2022-05-31 10:04:07+00:00,
torneseumprogramador/kubernetes-desafio,,repo,2022-05-31 08:51:56+00:00,
torneseumprogramador/kubernetes-desafio,,repo,2022-05-31 08:51:46+00:00,
torneseumprogramador/kubernetes-desafio,,repo,2022-05-31 01:10:30+00:00,
torneseumprogramador/kubernetes-desafio,,repo,2022-05-30 15:28:05+00:00,
torneseumprogramador/kubernetes-desafio,,repo,2022-05-30 15:27:38+00:00,
torneseumprogramador/kubernetes-desafio,,repo,2022-05-30 15:01:17+00:00,
torneseumprogramador/kubernetes-desafio,,repo,2022-05-30 15:01:08+00:00,
torneseumprogramador/kubernetes-desafio,,repo,2022-05-30 10:48:14+00:00,
torneseumprogramador/kubernetes-desafio,,repo,2022-05-30 10:47:41+00:00,
torneseumprogramador/kubernetes-desafio,,repo,2022-05-30 10:46:28+00:00,
torneseumprogramador/kubernetes-desafio,,repo,2022-05-30 10:14:29+00:00,
torneseumprogramador/kubernetes-desafio,,repo,2022-05-30 10:07:30+00:00,
torneseumprogramador/kubernetes-desafio,,repo,2022-05-30 09:26:16+00:00,
torneseumprogramador/kubernetes-desafio,,repo,2022-05-29 09:29:57+00:00,
torneseumprogramador/kubernetes-desafio,,repo,2022-05-27 23:03:34+00:00,
torneseumprogramador/kubernetes-desafio,,repo,2022-05-27 22:47:55+00:00,
torneseumprogramador/kubernetes-desafio,,repo,2022-05-27 22:46:53+00:00,
torneseumprogramador/kubernetes-desafio,,repo,2022-05-27 17:47:02+00:00,
torneseumprogramador/kubernetes-desafio,,repo,2022-05-27 15:59:57+00:00,
torneseumprogramador/kubernetes-desafio,,repo,2022-05-27 14:58:20+00:00,
torneseumprogramador/kubernetes-desafio,,repo,2022-05-27 14:58:13+00:00,
torneseumprogramador/kubernetes-desafio,,repo,2022-05-27 14:22:31+00:00,
torneseumprogramador/kubernetes-desafio,,repo,2022-05-27 13:53:26+00:00,
torneseumprogramador/kubernetes-desafio,,repo,2022-05-27 13:53:16+00:00,
torneseumprogramador/kubernetes-desafio,,repo,2022-05-27 12:23:31+00:00,
torneseumprogramador/kubernetes-desafio,,repo,2022-05-27 12:22:25+00:00,
torneseumprogramador/kubernetes-desafio,,repo,2022-05-27 11:47:14+00:00,
torneseumprogramador/kubernetes-desafio,,repo,2022-05-27 11:44:20+00:00,
torneseumprogramador/kubernetes-desafio,,repo,2022-05-27 11:44:02+00:00,
torneseumprogramador/kubernetes-desafio,,repo,2022-05-27 11:37:14+00:00,
torneseumprogramador/kubernetes-desafio,,repo,2022-05-27 11:34:04+00:00,
torneseumprogramador/kubernetes-desafio,,repo,2022-05-27 09:35:01+00:00,
torneseumprogramador/kubernetes-desafio,,repo,2022-05-27 09:30:18+00:00,
torneseumprogramador/kubernetes-desafio,,repo,2022-05-26 09:27:03+00:00,
torneseumprogramador/kubernetes-desafio,,repo,2022-05-26 02:09:33+00:00,
torneseumprogramador/kubernetes-desafio,,repo,2022-05-26 02:09:26+00:00,
torneseumprogramador/kubernetes-desafio,,repo,2022-05-26 02:04:16+00:00,
torneseumprogramador/kubernetes-desafio,,repo,2022-05-26 01:39:06+00:00,
torneseumprogramador/kubernetes-desafio,,repo,2022-05-26 00:43:24+00:00,
torneseumprogramador/kubernetes-desafio,,repo,2022-05-25 09:55:09+00:00,
torneseumprogramador/kubernetes-desafio,,repo,2022-05-25 09:47:03+00:00,
torneseumprogramador/kubernetes-desafio,,repo,2022-05-25 08:46:39+00:00,
torneseumprogramador/kubernetes-desafio,07-app-hpa-mysql-statefulset-com/7-hpa.yaml,hpa_file,2022-06-02 08:56:28+00:00,
owen2016/devops-practices,,repo,2023-09-24 16:15:03+00:00,
owen2016/devops-practices,,repo,2023-04-04 08:10:41+00:00,
owen2016/devops-practices,,repo,2022-07-31 15:44:46+00:00,
owen2016/devops-practices,,repo,2022-07-31 14:32:32+00:00,
owen2016/devops-practices,,repo,2022-03-13 08:51:50+00:00,
owen2016/devops-practices,,repo,2021-11-21 15:56:12+00:00,
owen2016/devops-practices,,repo,2021-09-15 15:17:57+00:00,
owen2016/devops-practices,,repo,2021-08-01 15:14:49+00:00,
owen2016/devops-practices,,repo,2021-08-01 12:14:52+00:00,
owen2016/devops-practices,,repo,2021-05-19 16:40:24+00:00,
owen2016/devops-practices,,repo,2021-05-19 14:45:34+00:00,
owen2016/devops-practices,,repo,2021-05-18 15:59:38+00:00,
owen2016/devops-practices,,repo,2021-05-11 23:28:10+00:00,
owen2016/devops-practices,kubernetes/kubeguide_example/Chapter_3/php-apache-hpa-v2-multimetrics.yaml,hpa_file,2020-10-19 14:26:19+00:00,
briandenicola/cncf,,repo,2026-04-14 17:41:15+00:00,
briandenicola/cncf,,repo,2026-04-14 17:40:55+00:00,
briandenicola/cncf,,repo,2026-04-14 17:40:42+00:00,
briandenicola/cncf,,repo,2026-04-14 01:59:51+00:00,
briandenicola/cncf,,repo,2026-04-10 03:46:43+00:00,
briandenicola/cncf,,repo,2026-04-02 15:26:18+00:00,
briandenicola/cncf,,repo,2026-03-31 04:41:40+00:00,
briandenicola/cncf,,repo,2026-03-31 04:41:25+00:00,
briandenicola/cncf,,repo,2026-03-31 04:41:00+00:00,
briandenicola/cncf,,repo,2026-03-31 04:40:43+00:00,
briandenicola/cncf,,repo,2026-03-31 04:40:23+00:00,
briandenicola/cncf,,repo,2026-03-31 04:40:06+00:00,
briandenicola/cncf,,repo,2026-03-31 04:39:42+00:00,
briandenicola/cncf,,repo,2026-03-29 03:14:00+00:00,
briandenicola/cncf,,repo,2026-03-27 04:58:18+00:00,
briandenicola/cncf,,repo,2026-03-26 14:08:27+00:00,
briandenicola/cncf,,repo,2026-03-19 19:28:19+00:00,
briandenicola/cncf,,repo,2026-03-13 23:10:42+00:00,
briandenicola/cncf,,repo,2026-03-05 03:34:54+00:00,
briandenicola/cncf,,repo,2026-02-28 01:13:31+00:00,
briandenicola/cncf,,repo,2026-02-13 20:11:36+00:00,
briandenicola/cncf,,repo,2026-02-13 20:11:22+00:00,
briandenicola/cncf,,repo,2026-02-13 20:11:10+00:00,
briandenicola/cncf,,repo,2026-02-13 20:10:58+00:00,
briandenicola/cncf,,repo,2026-02-13 20:10:43+00:00,
briandenicola/cncf,,repo,2026-02-07 06:29:03+00:00,
briandenicola/cncf,,repo,2026-01-22 09:46:59+00:00,
briandenicola/cncf,,repo,2026-01-21 23:51:47+00:00,
briandenicola/cncf,,repo,2026-01-21 22:47:48+00:00,
briandenicola/cncf,,repo,2025-11-27 00:23:26+00:00,
briandenicola/cncf,,repo,2025-10-17 17:43:42+00:00,
briandenicola/cncf,,repo,2025-10-17 17:43:27+00:00,
briandenicola/cncf,,repo,2025-08-22 03:33:21+00:00,
briandenicola/cncf,,repo,2025-08-22 03:20:39+00:00,
briandenicola/cncf,,repo,2025-06-25 19:23:42+00:00,
briandenicola/cncf,,repo,2025-06-24 05:17:18+00:00,
briandenicola/cncf,,repo,2025-05-16 15:20:38+00:00,
briandenicola/cncf,,repo,2025-05-02 18:31:35+00:00,
briandenicola/cncf,,repo,2025-04-29 02:17:13+00:00,
briandenicola/cncf,,repo,2025-04-28 18:23:48+00:00,
briandenicola/cncf,,repo,2025-03-10 15:53:42+00:00,
briandenicola/cncf,,repo,2025-02-23 16:31:36+00:00,
briandenicola/cncf,,repo,2025-02-23 16:30:15+00:00,
briandenicola/cncf,,repo,2025-02-20 06:49:54+00:00,
briandenicola/cncf,,repo,2024-12-13 19:12:43+00:00,
briandenicola/cncf,,repo,2024-12-13 19:12:30+00:00,
briandenicola/cncf,,repo,2024-12-13 19:12:20+00:00,
briandenicola/cncf,,repo,2024-12-13 19:12:08+00:00,
briandenicola/cncf,,repo,2024-12-12 23:10:52+00:00,
briandenicola/cncf,,repo,2024-11-24 19:23:53+00:00,
briandenicola/cncf,,repo,2024-10-31 02:35:39+00:00,
briandenicola/cncf,,repo,2024-10-26 04:30:02+00:00,
briandenicola/cncf,,repo,2024-10-04 18:16:40+00:00,
briandenicola/cncf,,repo,2024-10-04 18:16:10+00:00,
briandenicola/cncf,,repo,2024-10-04 18:13:13+00:00,
briandenicola/cncf,,repo,2024-10-04 18:11:02+00:00,
briandenicola/cncf,,repo,2024-10-04 17:54:34+00:00,
briandenicola/cncf,,repo,2024-10-04 17:09:37+00:00,
briandenicola/cncf,,repo,2024-10-04 16:57:58+00:00,
briandenicola/cncf,,repo,2024-10-04 16:57:42+00:00,
briandenicola/cncf,,repo,2024-10-04 16:55:44+00:00,
briandenicola/cncf,,repo,2024-10-04 16:42:40+00:00,
briandenicola/cncf,,repo,2024-10-04 16:41:11+00:00,
briandenicola/cncf,,repo,2024-10-04 16:27:40+00:00,
briandenicola/cncf,,repo,2024-10-04 16:27:27+00:00,
briandenicola/cncf,,repo,2024-10-04 16:27:22+00:00,
briandenicola/cncf,,repo,2024-10-02 17:30:07+00:00,
briandenicola/cncf,,repo,2024-10-02 17:29:27+00:00,
briandenicola/cncf,,repo,2024-10-02 17:28:39+00:00,
briandenicola/cncf,,repo,2024-10-02 17:28:26+00:00,
briandenicola/cncf,,repo,2024-10-02 17:28:07+00:00,
briandenicola/cncf,,repo,2024-10-02 17:27:53+00:00,
briandenicola/cncf,,repo,2024-09-28 00:39:41+00:00,
briandenicola/cncf,,repo,2024-09-21 14:52:21+00:00,
briandenicola/cncf,,repo,2024-09-03 02:50:54+00:00,
briandenicola/cncf,,repo,2024-08-30 14:08:46+00:00,
briandenicola/cncf,,repo,2024-08-06 17:47:44+00:00,
briandenicola/cncf,,repo,2024-08-06 17:47:34+00:00,
briandenicola/cncf,,repo,2024-08-06 17:46:52+00:00,
briandenicola/cncf,,repo,2024-08-06 17:46:42+00:00,
briandenicola/cncf,,repo,2024-08-06 17:46:32+00:00,
briandenicola/cncf,,repo,2024-08-06 17:46:21+00:00,
briandenicola/cncf,,repo,2024-08-06 17:46:11+00:00,
briandenicola/cncf,,repo,2024-08-06 17:45:56+00:00,
briandenicola/cncf,,repo,2024-08-06 17:45:43+00:00,
briandenicola/cncf,,repo,2024-08-06 17:45:32+00:00,
briandenicola/cncf,,repo,2024-08-06 17:45:18+00:00,
briandenicola/cncf,,repo,2024-08-06 17:42:03+00:00,
briandenicola/cncf,,repo,2024-08-06 17:41:51+00:00,
briandenicola/cncf,,repo,2024-08-06 17:41:50+00:00,
briandenicola/cncf,,repo,2024-08-06 17:41:45+00:00,
briandenicola/cncf,,repo,2024-08-06 17:41:44+00:00,
briandenicola/cncf,,repo,2024-08-06 17:41:41+00:00,
briandenicola/cncf,,repo,2024-08-06 17:41:29+00:00,
briandenicola/cncf,,repo,2024-08-06 17:40:40+00:00,
briandenicola/cncf,,repo,2024-08-06 17:40:30+00:00,
briandenicola/cncf,,repo,2024-05-30 20:03:47+00:00,
briandenicola/cncf,,repo,2024-05-29 13:41:47+00:00,
briandenicola/cncf,,repo,2024-05-29 00:23:36+00:00,
briandenicola/cncf,,repo,2024-05-28 23:03:18+00:00,
briandenicola/cncf,,repo,2024-05-28 22:30:05+00:00,
briandenicola/cncf,,repo,2024-05-28 21:26:49+00:00,
briandenicola/cncf,,repo,2024-05-28 19:40:09+00:00,
briandenicola/cncf,,repo,2024-05-28 17:44:21+00:00,
briandenicola/cncf,,repo,2024-05-28 15:45:02+00:00,
briandenicola/cncf,,repo,2024-05-28 15:19:48+00:00,
briandenicola/cncf,,repo,2024-05-28 15:16:19+00:00,
briandenicola/cncf,,repo,2024-05-28 04:10:01+00:00,
briandenicola/cncf,,repo,2024-04-23 19:49:38+00:00,
briandenicola/cncf,,repo,2024-04-23 19:19:19+00:00,
briandenicola/cncf,,repo,2024-04-23 19:17:28+00:00,
briandenicola/cncf,,repo,2024-04-23 17:53:04+00:00,
briandenicola/cncf,,repo,2024-04-12 19:11:34+00:00,
briandenicola/cncf,,repo,2024-02-27 20:54:18+00:00,
briandenicola/cncf,,repo,2024-02-27 20:24:36+00:00,
briandenicola/cncf,,repo,2024-02-27 20:24:25+00:00,
briandenicola/cncf,,repo,2024-02-27 19:37:19+00:00,
briandenicola/cncf,,repo,2024-02-27 19:08:04+00:00,
briandenicola/cncf,,repo,2024-02-27 19:05:47+00:00,
briandenicola/cncf,,repo,2024-02-27 18:38:47+00:00,
briandenicola/cncf,,repo,2024-02-27 18:31:04+00:00,
briandenicola/cncf,,repo,2024-02-27 16:23:51+00:00,
briandenicola/cncf,,repo,2024-02-27 16:23:39+00:00,
briandenicola/cncf,,repo,2024-02-27 16:23:26+00:00,
briandenicola/cncf,,repo,2024-02-27 15:28:19+00:00,
briandenicola/cncf,,repo,2024-02-27 15:25:29+00:00,
briandenicola/cncf,,repo,2024-02-27 13:56:03+00:00,
briandenicola/cncf,,repo,2024-02-08 20:23:52+00:00,
briandenicola/cncf,,repo,2023-10-07 18:03:38+00:00,
briandenicola/cncf,,repo,2023-07-20 11:22:05+00:00,
briandenicola/cncf,,repo,2023-06-21 14:24:52+00:00,
briandenicola/cncf,,repo,2023-06-20 15:04:13+00:00,
briandenicola/cncf,,repo,2023-05-31 13:22:45+00:00,
briandenicola/cncf,,repo,2023-05-31 13:22:21+00:00,
briandenicola/cncf,,repo,2023-05-31 13:21:35+00:00,
briandenicola/cncf,,repo,2023-05-02 20:43:55+00:00,
briandenicola/cncf,,repo,2023-05-02 17:35:17+00:00,
briandenicola/cncf,,repo,2023-05-02 15:50:47+00:00,
briandenicola/cncf,,repo,2023-05-02 15:03:18+00:00,
briandenicola/cncf,,repo,2023-05-02 15:03:11+00:00,
briandenicola/cncf,,repo,2023-05-02 14:53:58+00:00,
briandenicola/cncf,,repo,2023-05-02 14:51:39+00:00,
briandenicola/cncf,,repo,2023-05-02 14:18:35+00:00,
briandenicola/cncf,,repo,2023-05-02 12:45:50+00:00,
briandenicola/cncf,,repo,2023-05-02 12:41:50+00:00,
briandenicola/cncf,,repo,2023-05-02 12:33:19+00:00,
briandenicola/cncf,,repo,2023-05-02 12:33:03+00:00,
briandenicola/cncf,,repo,2023-05-02 12:30:14+00:00,
briandenicola/cncf,,repo,2023-05-01 22:04:14+00:00,
briandenicola/cncf,,repo,2023-05-01 21:33:56+00:00,
briandenicola/cncf,,repo,2023-05-01 21:20:34+00:00,
briandenicola/cncf,,repo,2023-05-01 18:19:20+00:00,
briandenicola/cncf,,repo,2023-05-01 18:14:25+00:00,
briandenicola/cncf,,repo,2023-05-01 17:24:31+00:00,
briandenicola/cncf,,repo,2023-05-01 17:23:56+00:00,
briandenicola/cncf,,repo,2023-05-01 16:51:24+00:00,
briandenicola/cncf,,repo,2023-04-28 21:04:53+00:00,
briandenicola/cncf,,repo,2023-04-28 21:01:34+00:00,
briandenicola/cncf,,repo,2023-04-28 20:52:52+00:00,
briandenicola/cncf,,repo,2023-04-28 17:43:59+00:00,
briandenicola/cncf,,repo,2023-04-28 15:50:07+00:00,
briandenicola/cncf,,repo,2023-04-28 12:43:45+00:00,
briandenicola/cncf,,repo,2023-04-28 12:43:37+00:00,
briandenicola/cncf,,repo,2023-04-28 12:28:16+00:00,
briandenicola/cncf,,repo,2023-04-28 12:21:22+00:00,
briandenicola/cncf,,repo,2023-04-28 12:20:31+00:00,
briandenicola/cncf,,repo,2023-04-28 12:12:26+00:00,
briandenicola/cncf,,repo,2023-04-28 12:02:04+00:00,
briandenicola/cncf,,repo,2023-04-28 11:33:41+00:00,
briandenicola/cncf,,repo,2023-04-28 11:33:32+00:00,
briandenicola/cncf,,repo,2023-04-28 11:13:30+00:00,
briandenicola/cncf,,repo,2023-04-28 11:12:56+00:00,
briandenicola/cncf,,repo,2023-04-28 04:09:30+00:00,
briandenicola/cncf,,repo,2023-04-28 04:08:58+00:00,
briandenicola/cncf,,repo,2023-04-28 04:08:41+00:00,
briandenicola/cncf,,repo,2023-04-28 03:45:23+00:00,
briandenicola/cncf,,repo,2023-04-28 03:44:21+00:00,
briandenicola/cncf,,repo,2023-04-28 03:07:55+00:00,
briandenicola/cncf,,repo,2023-04-28 01:16:45+00:00,
briandenicola/cncf,,repo,2023-04-28 01:15:49+00:00,
briandenicola/cncf,,repo,2023-04-28 01:15:30+00:00,
briandenicola/cncf,,repo,2023-04-28 01:15:12+00:00,
briandenicola/cncf,,repo,2023-04-27 21:12:28+00:00,
briandenicola/cncf,,repo,2023-04-27 21:07:49+00:00,
briandenicola/cncf,,repo,2023-04-27 21:07:38+00:00,
briandenicola/cncf,,repo,2023-04-27 20:28:20+00:00,
briandenicola/cncf,,repo,2023-04-27 20:21:54+00:00,
briandenicola/cncf,,repo,2023-04-27 20:04:16+00:00,
briandenicola/cncf,,repo,2023-04-27 19:56:14+00:00,
briandenicola/cncf,,repo,2023-04-27 19:53:11+00:00,
briandenicola/cncf,,repo,2023-04-27 19:38:19+00:00,
briandenicola/cncf,,repo,2023-04-27 19:35:36+00:00,
briandenicola/cncf,,repo,2023-04-27 19:09:54+00:00,
briandenicola/cncf,,repo,2023-04-27 19:06:04+00:00,
briandenicola/cncf,,repo,2023-04-27 14:39:38+00:00,
briandenicola/cncf,,repo,2023-04-27 14:28:44+00:00,
briandenicola/cncf,,repo,2023-04-27 14:26:54+00:00,
briandenicola/cncf,,repo,2023-04-26 16:03:44+00:00,
briandenicola/cncf,,repo,2023-04-20 21:25:46+00:00,
briandenicola/cncf,,repo,2023-04-20 21:10:13+00:00,
briandenicola/cncf,flagger/apps/podinfo/hpa.yaml,hpa_file,2023-03-28 20:30:20+00:00,
univesp/sou-authentication-api,kubernetes/app/autoscaler.yaml,hpa_file,2018-11-05 17:17:39+00:00,
data-platform-skn/jx-minikube-test,,repo,2021-05-12 06:35:46+00:00,
data-platform-skn/jx-minikube-test,,repo,2021-05-12 06:07:31+00:00,
data-platform-skn/jx-minikube-test,,repo,2021-05-11 22:35:46+00:00,
data-platform-skn/jx-minikube-test,,repo,2021-05-11 22:35:39+00:00,
data-platform-skn/jx-minikube-test,,repo,2021-05-11 22:35:03+00:00,
data-platform-skn/jx-minikube-test,,repo,2021-05-11 22:24:04+00:00,
data-platform-skn/jx-minikube-test,,repo,2021-05-11 22:23:55+00:00,
data-platform-skn/jx-minikube-test,,repo,2021-05-11 22:01:08+00:00,
data-platform-skn/jx-minikube-test,,repo,2021-05-11 22:00:21+00:00,
data-platform-skn/jx-minikube-test,,repo,2021-05-11 21:58:38+00:00,
data-platform-skn/jx-minikube-test,,repo,2021-05-11 21:49:53+00:00,
data-platform-skn/jx-minikube-test,,repo,2021-05-11 21:48:14+00:00,
data-platform-skn/jx-minikube-test,,repo,2021-05-11 21:41:36+00:00,
data-platform-skn/jx-minikube-test,,repo,2021-05-11 21:40:25+00:00,
data-platform-skn/jx-minikube-test,config-root/namespaces/tekton-pipelines/tekton-pipeline/tekton-pipelines-webhook-horizontalpodautoscaler.yaml,hpa_file,2021-05-11 21:48:14+00:00,
jstrachan/jx-demo-minikube2,,repo,2021-05-26 09:58:15+00:00,
jstrachan/jx-demo-minikube2,,repo,2021-05-26 09:54:54+00:00,
jstrachan/jx-demo-minikube2,,repo,2021-05-26 09:00:20+00:00,
jstrachan/jx-demo-minikube2,,repo,2021-05-26 08:52:17+00:00,
jstrachan/jx-demo-minikube2,,repo,2021-05-26 08:11:59+00:00,
jstrachan/jx-demo-minikube2,config-root/namespaces/tekton-pipelines/tekton-pipeline/tekton-pipelines-webhook-horizontalpodautoscaler.yaml,hpa_file,2021-05-26 09:54:54+00:00,
fernando-romulo-silva/image-converter-service,,repo,2025-10-05 11:54:25+00:00,
fernando-romulo-silva/image-converter-service,,repo,2024-10-11 09:53:04+00:00,
fernando-romulo-silva/image-converter-service,,repo,2024-07-13 12:55:51+00:00,
fernando-romulo-silva/image-converter-service,,repo,2024-07-04 09:26:31+00:00,
fernando-romulo-silva/image-converter-service,,repo,2024-05-16 13:42:20+00:00,
fernando-romulo-silva/image-converter-service,,repo,2024-03-15 18:06:12+00:00,
fernando-romulo-silva/image-converter-service,,repo,2024-03-13 15:14:13+00:00,
fernando-romulo-silva/image-converter-service,,repo,2024-02-27 12:57:03+00:00,
fernando-romulo-silva/image-converter-service,,repo,2024-02-27 12:24:10+00:00,
fernando-romulo-silva/image-converter-service,,repo,2024-02-25 13:44:00+00:00,
fernando-romulo-silva/image-converter-service,,repo,2024-02-24 22:45:56+00:00,
fernando-romulo-silva/image-converter-service,,repo,2024-02-24 14:49:30+00:00,
fernando-romulo-silva/image-converter-service,,repo,2024-02-08 21:57:34+00:00,
fernando-romulo-silva/image-converter-service,,repo,2024-02-07 15:08:30+00:00,
fernando-romulo-silva/image-converter-service,,repo,2024-02-07 14:55:30+00:00,
fernando-romulo-silva/image-converter-service,,repo,2024-01-29 11:26:14+00:00,
fernando-romulo-silva/image-converter-service,,repo,2024-01-19 07:48:26+00:00,
fernando-romulo-silva/image-converter-service,,repo,2024-01-18 17:22:17+00:00,
fernando-romulo-silva/image-converter-service,,repo,2023-10-07 22:45:49+00:00,
fernando-romulo-silva/image-converter-service,,repo,2023-10-07 18:09:01+00:00,
fernando-romulo-silva/image-converter-service,,repo,2023-10-07 17:56:28+00:00,
fernando-romulo-silva/image-converter-service,,repo,2023-10-07 10:45:57+00:00,
fernando-romulo-silva/image-converter-service,,repo,2023-10-05 09:36:39+00:00,
fernando-romulo-silva/image-converter-service,,repo,2023-10-04 06:10:58+00:00,
fernando-romulo-silva/image-converter-service,,repo,2023-10-03 20:43:25+00:00,
fernando-romulo-silva/image-converter-service,,repo,2023-09-30 18:17:37+00:00,
fernando-romulo-silva/image-converter-service,,repo,2023-09-30 18:15:52+00:00,
fernando-romulo-silva/image-converter-service,,repo,2023-09-24 19:20:02+00:00,
fernando-romulo-silva/image-converter-service,,repo,2023-09-03 15:53:45+00:00,
fernando-romulo-silva/image-converter-service,,repo,2023-09-03 15:53:34+00:00,
fernando-romulo-silva/image-converter-service,,repo,2023-09-03 14:41:13+00:00,
fernando-romulo-silva/image-converter-service,,repo,2023-09-03 14:40:17+00:00,
fernando-romulo-silva/image-converter-service,,repo,2023-09-02 20:26:52+00:00,
fernando-romulo-silva/image-converter-service,,repo,2023-08-04 08:09:21+00:00,
fernando-romulo-silva/image-converter-service,,repo,2023-07-30 08:08:21+00:00,
fernando-romulo-silva/image-converter-service,,repo,2023-07-29 15:47:18+00:00,
fernando-romulo-silva/image-converter-service,,repo,2023-07-29 15:41:38+00:00,
fernando-romulo-silva/image-converter-service,,repo,2023-07-29 15:37:31+00:00,
fernando-romulo-silva/image-converter-service,,repo,2023-07-29 15:14:11+00:00,
fernando-romulo-silva/image-converter-service,,repo,2023-06-19 19:24:48+00:00,
fernando-romulo-silva/image-converter-service,,repo,2023-05-07 07:47:18+00:00,
fernando-romulo-silva/image-converter-service,,repo,2023-05-03 19:37:47+00:00,
fernando-romulo-silva/image-converter-service,,repo,2023-05-03 19:35:08+00:00,
fernando-romulo-silva/image-converter-service,,repo,2023-05-03 08:14:50+00:00,
fernando-romulo-silva/image-converter-service,,repo,2023-05-03 06:50:56+00:00,
fernando-romulo-silva/image-converter-service,,repo,2023-05-01 09:25:24+00:00,
fernando-romulo-silva/image-converter-service,,repo,2023-04-30 17:58:20+00:00,
fernando-romulo-silva/image-converter-service,,repo,2023-04-30 11:17:30+00:00,
fernando-romulo-silva/image-converter-service,,repo,2023-04-29 17:10:57+00:00,
fernando-romulo-silva/image-converter-service,,repo,2023-03-03 00:07:36+00:00,
fernando-romulo-silva/image-converter-service,,repo,2023-03-01 13:47:44+00:00,
fernando-romulo-silva/image-converter-service,,repo,2023-02-27 07:33:55+00:00,
fernando-romulo-silva/image-converter-service,,repo,2023-02-26 21:28:27+00:00,
fernando-romulo-silva/image-converter-service,,repo,2023-02-18 16:28:56+00:00,
fernando-romulo-silva/image-converter-service,,repo,2023-02-04 11:34:38+00:00,
fernando-romulo-silva/image-converter-service,,repo,2022-12-13 22:02:52+00:00,
fernando-romulo-silva/image-converter-service,,repo,2022-12-13 22:02:52+00:00,
fernando-romulo-silva/image-converter-service,,repo,2022-12-08 20:11:11+00:00,
fernando-romulo-silva/image-converter-service,,repo,2022-12-08 09:38:05+00:00,
fernando-romulo-silva/image-converter-service,,repo,2022-12-03 17:34:48+00:00,
fernando-romulo-silva/image-converter-service,,repo,2022-11-28 07:33:57+00:00,
fernando-romulo-silva/image-converter-service,,repo,2022-11-27 19:28:20+00:00,
fernando-romulo-silva/image-converter-service,,repo,2022-11-25 21:02:49+00:00,
fernando-romulo-silva/image-converter-service,,repo,2022-11-15 21:53:30+00:00,
fernando-romulo-silva/image-converter-service,,repo,2022-11-15 21:45:07+00:00,
fernando-romulo-silva/image-converter-service,,repo,2022-11-15 07:51:16+00:00,
fernando-romulo-silva/image-converter-service,,repo,2022-11-08 21:45:36+00:00,
fernando-romulo-silva/image-converter-service,,repo,2022-11-06 18:17:50+00:00,
fernando-romulo-silva/image-converter-service,,repo,2022-11-06 15:25:30+00:00,
fernando-romulo-silva/image-converter-service,,repo,2022-11-05 16:59:17+00:00,
fernando-romulo-silva/image-converter-service,,repo,2022-11-01 19:13:36+00:00,
fernando-romulo-silva/image-converter-service,,repo,2022-10-30 16:17:51+00:00,
fernando-romulo-silva/image-converter-service,,repo,2022-10-23 17:53:39+00:00,
fernando-romulo-silva/image-converter-service,,repo,2022-10-23 17:48:08+00:00,
fernando-romulo-silva/image-converter-service,,repo,2022-10-22 20:14:04+00:00,
fernando-romulo-silva/image-converter-service,,repo,2022-10-20 21:26:51+00:00,
fernando-romulo-silva/image-converter-service,,repo,2022-10-10 06:41:54+00:00,
fernando-romulo-silva/image-converter-service,,repo,2022-10-09 11:13:09+00:00,
fernando-romulo-silva/image-converter-service,,repo,2022-10-09 11:08:01+00:00,
fernando-romulo-silva/image-converter-service,,repo,2022-10-09 11:02:44+00:00,
fernando-romulo-silva/image-converter-service,,repo,2022-10-07 09:33:05+00:00,
fernando-romulo-silva/image-converter-service,,repo,2022-10-06 19:21:08+00:00,
fernando-romulo-silva/image-converter-service,,repo,2022-10-06 15:57:14+00:00,
fernando-romulo-silva/image-converter-service,,repo,2022-10-06 10:52:58+00:00,
fernando-romulo-silva/image-converter-service,,repo,2022-10-02 15:48:45+00:00,
fernando-romulo-silva/image-converter-service,,repo,2022-10-02 15:32:05+00:00,
fernando-romulo-silva/image-converter-service,,repo,2022-10-01 18:58:51+00:00,
fernando-romulo-silva/image-converter-service,,repo,2022-09-27 06:12:50+00:00,
fernando-romulo-silva/image-converter-service,,repo,2022-09-25 11:26:50+00:00,
fernando-romulo-silva/image-converter-service,,repo,2022-09-25 10:06:36+00:00,
fernando-romulo-silva/image-converter-service,,repo,2022-09-23 06:42:26+00:00,
fernando-romulo-silva/image-converter-service,,repo,2022-09-23 06:41:31+00:00,
fernando-romulo-silva/image-converter-service,,repo,2022-09-22 07:21:51+00:00,
fernando-romulo-silva/image-converter-service,,repo,2022-09-22 06:04:43+00:00,
fernando-romulo-silva/image-converter-service,,repo,2022-09-13 20:52:26+00:00,
fernando-romulo-silva/image-converter-service,,repo,2022-09-11 12:03:52+00:00,
fernando-romulo-silva/image-converter-service,,repo,2022-08-26 07:53:53+00:00,
fernando-romulo-silva/image-converter-service,,repo,2022-08-20 16:05:26+00:00,
fernando-romulo-silva/image-converter-service,,repo,2022-08-20 08:32:54+00:00,
fernando-romulo-silva/image-converter-service,,repo,2022-08-15 15:37:04+00:00,
fernando-romulo-silva/image-converter-service,,repo,2022-08-15 15:09:01+00:00,
fernando-romulo-silva/image-converter-service,,repo,2022-08-13 17:56:59+00:00,
fernando-romulo-silva/image-converter-service,,repo,2022-08-06 11:26:38+00:00,
fernando-romulo-silva/image-converter-service,,repo,2022-07-31 08:41:00+00:00,
fernando-romulo-silva/image-converter-service,,repo,2022-07-30 17:50:34+00:00,
fernando-romulo-silva/image-converter-service,,repo,2022-07-24 11:44:49+00:00,
fernando-romulo-silva/image-converter-service,,repo,2022-07-17 14:26:00+00:00,
fernando-romulo-silva/image-converter-service,,repo,2022-07-15 07:41:49+00:00,
fernando-romulo-silva/image-converter-service,,repo,2022-07-11 07:12:26+00:00,
fernando-romulo-silva/image-converter-service,,repo,2022-06-20 17:21:54+00:00,
fernando-romulo-silva/image-converter-service,,repo,2022-05-21 09:01:08+00:00,
fernando-romulo-silva/image-converter-service,,repo,2022-04-30 18:40:45+00:00,
fernando-romulo-silva/image-converter-service,,repo,2022-04-15 07:58:46+00:00,
fernando-romulo-silva/image-converter-service,,repo,2022-03-29 11:02:44+00:00,
fernando-romulo-silva/image-converter-service,,repo,2022-03-25 11:24:37+00:00,
fernando-romulo-silva/image-converter-service,,repo,2022-03-14 13:05:39+00:00,
fernando-romulo-silva/image-converter-service,,repo,2022-03-14 12:00:18+00:00,
fernando-romulo-silva/image-converter-service,,repo,2022-03-13 15:00:10+00:00,
fernando-romulo-silva/image-converter-service,,repo,2022-03-13 14:28:35+00:00,
fernando-romulo-silva/image-converter-service,,repo,2022-03-12 15:26:38+00:00,
fernando-romulo-silva/image-converter-service,,repo,2022-03-08 20:38:56+00:00,
fernando-romulo-silva/image-converter-service,,repo,2022-03-08 19:10:37+00:00,
fernando-romulo-silva/image-converter-service,,repo,2022-03-08 12:37:39+00:00,
fernando-romulo-silva/image-converter-service,,repo,2022-03-06 22:06:00+00:00,
fernando-romulo-silva/image-converter-service,,repo,2022-03-04 16:00:07+00:00,
fernando-romulo-silva/image-converter-service,,repo,2022-03-02 19:20:04+00:00,
fernando-romulo-silva/image-converter-service,,repo,2022-03-01 19:34:00+00:00,
fernando-romulo-silva/image-converter-service,,repo,2022-03-01 12:36:50+00:00,
fernando-romulo-silva/image-converter-service,,repo,2022-02-28 17:10:43+00:00,
fernando-romulo-silva/image-converter-service,,repo,2022-02-26 14:21:43+00:00,
fernando-romulo-silva/image-converter-service,,repo,2022-02-22 13:22:00+00:00,
fernando-romulo-silva/image-converter-service,,repo,2022-02-21 11:57:46+00:00,
fernando-romulo-silva/image-converter-service,,repo,2022-02-18 20:34:28+00:00,
fernando-romulo-silva/image-converter-service,,repo,2022-02-18 16:15:35+00:00,
fernando-romulo-silva/image-converter-service,,repo,2022-02-17 15:35:26+00:00,
fernando-romulo-silva/image-converter-service,,repo,2022-02-17 15:09:12+00:00,
fernando-romulo-silva/image-converter-service,,repo,2022-02-16 23:24:00+00:00,
fernando-romulo-silva/image-converter-service,,repo,2022-02-15 19:16:10+00:00,
fernando-romulo-silva/image-converter-service,,repo,2022-02-14 11:18:42+00:00,
fernando-romulo-silva/image-converter-service,,repo,2022-02-12 21:00:34+00:00,
fernando-romulo-silva/image-converter-service,,repo,2022-02-11 19:37:34+00:00,
fernando-romulo-silva/image-converter-service,,repo,2022-02-07 11:45:27+00:00,
fernando-romulo-silva/image-converter-service,,repo,2022-02-04 21:25:56+00:00,
fernando-romulo-silva/image-converter-service,,repo,2022-01-31 11:14:55+00:00,
fernando-romulo-silva/image-converter-service,,repo,2022-01-26 21:14:53+00:00,
fernando-romulo-silva/image-converter-service,,repo,2022-01-25 13:45:02+00:00,
fernando-romulo-silva/image-converter-service,,repo,2022-01-24 14:21:35+00:00,
fernando-romulo-silva/image-converter-service,,repo,2022-01-22 15:47:39+00:00,
fernando-romulo-silva/image-converter-service,,repo,2022-01-21 19:46:23+00:00,
fernando-romulo-silva/image-converter-service,,repo,2022-01-17 12:42:56+00:00,
fernando-romulo-silva/image-converter-service,,repo,2022-01-13 15:36:59+00:00,
fernando-romulo-silva/image-converter-service,,repo,2022-01-10 09:55:01+00:00,
fernando-romulo-silva/image-converter-service,,repo,2022-01-07 20:36:52+00:00,
fernando-romulo-silva/image-converter-service,,repo,2022-01-04 21:29:56+00:00,
fernando-romulo-silva/image-converter-service,,repo,2022-01-04 13:02:37+00:00,
fernando-romulo-silva/image-converter-service,,repo,2021-12-20 22:12:21+00:00,
fernando-romulo-silva/image-converter-service,,repo,2021-12-19 13:47:54+00:00,
fernando-romulo-silva/image-converter-service,,repo,2021-12-19 12:26:53+00:00,
fernando-romulo-silva/image-converter-service,,repo,2021-12-15 23:41:13+00:00,
fernando-romulo-silva/image-converter-service,,repo,2021-12-13 17:54:10+00:00,
fernando-romulo-silva/image-converter-service,,repo,2021-12-06 20:30:29+00:00,
fernando-romulo-silva/image-converter-service,,repo,2021-12-06 19:09:05+00:00,
fernando-romulo-silva/image-converter-service,,repo,2021-12-06 11:23:14+00:00,
fernando-romulo-silva/image-converter-service,,repo,2021-12-05 13:54:42+00:00,
fernando-romulo-silva/image-converter-service,,repo,2021-12-03 19:44:16+00:00,
fernando-romulo-silva/image-converter-service,,repo,2021-12-03 12:33:07+00:00,
fernando-romulo-silva/image-converter-service,,repo,2021-11-29 11:01:15+00:00,
fernando-romulo-silva/image-converter-service,,repo,2021-11-21 16:10:43+00:00,
fernando-romulo-silva/image-converter-service,,repo,2021-11-21 12:48:43+00:00,
fernando-romulo-silva/image-converter-service,,repo,2021-11-11 21:13:56+00:00,
fernando-romulo-silva/image-converter-service,,repo,2021-11-06 20:14:12+00:00,
fernando-romulo-silva/image-converter-service,,repo,2021-11-03 17:59:20+00:00,
fernando-romulo-silva/image-converter-service,,repo,2021-11-02 12:00:21+00:00,
fernando-romulo-silva/image-converter-service,,repo,2021-10-31 01:09:28+00:00,
fernando-romulo-silva/image-converter-service,,repo,2021-10-31 01:09:19+00:00,
fernando-romulo-silva/image-converter-service,,repo,2021-10-25 18:42:11+00:00,
fernando-romulo-silva/image-converter-service,,repo,2021-10-22 12:45:24+00:00,
fernando-romulo-silva/image-converter-service,,repo,2021-10-22 12:35:34+00:00,
fernando-romulo-silva/image-converter-service,,repo,2021-10-18 15:30:55+00:00,
fernando-romulo-silva/image-converter-service,,repo,2021-10-17 13:55:38+00:00,
fernando-romulo-silva/image-converter-service,,repo,2021-10-16 13:22:55+00:00,
fernando-romulo-silva/image-converter-service,,repo,2021-10-16 13:16:09+00:00,
fernando-romulo-silva/image-converter-service,,repo,2021-10-14 12:08:32+00:00,
fernando-romulo-silva/image-converter-service,,repo,2021-10-11 13:59:05+00:00,
fernando-romulo-silva/image-converter-service,,repo,2021-10-07 13:14:30+00:00,
fernando-romulo-silva/image-converter-service,,repo,2021-10-04 19:48:10+00:00,
fernando-romulo-silva/image-converter-service,,repo,2021-09-27 14:32:50+00:00,
fernando-romulo-silva/image-converter-service,,repo,2021-09-22 19:49:44+00:00,
fernando-romulo-silva/image-converter-service,,repo,2021-09-22 12:14:37+00:00,
fernando-romulo-silva/image-converter-service,,repo,2021-09-21 19:38:25+00:00,
fernando-romulo-silva/image-converter-service,,repo,2021-09-20 12:15:03+00:00,
fernando-romulo-silva/image-converter-service,,repo,2021-09-20 09:40:06+00:00,
fernando-romulo-silva/image-converter-service,,repo,2021-09-18 23:26:40+00:00,
fernando-romulo-silva/image-converter-service,,repo,2021-09-15 21:25:00+00:00,
fernando-romulo-silva/image-converter-service,,repo,2021-09-13 01:36:25+00:00,
fernando-romulo-silva/image-converter-service,,repo,2021-09-12 16:04:50+00:00,
fernando-romulo-silva/image-converter-service,,repo,2021-09-12 15:35:18+00:00,
fernando-romulo-silva/image-converter-service,,repo,2021-09-10 22:13:47+00:00,
fernando-romulo-silva/image-converter-service,,repo,2021-09-09 20:37:40+00:00,
fernando-romulo-silva/image-converter-service,,repo,2021-09-07 23:12:26+00:00,
fernando-romulo-silva/image-converter-service,src/main/k8s/base/horizontalPodAutoscaler.yaml,hpa_file,2022-12-03 17:34:48+00:00,
bolecodex/100-Awesome-AWS-Introduction-Experiments,,repo,2024-08-20 06:55:17+00:00,
bolecodex/100-Awesome-AWS-Introduction-Experiments,,repo,2024-08-18 23:30:38+00:00,
bolecodex/100-Awesome-AWS-Introduction-Experiments,,repo,2024-06-22 12:25:34+00:00,
bolecodex/100-Awesome-AWS-Introduction-Experiments,,repo,2024-06-08 14:23:14+00:00,
bolecodex/100-Awesome-AWS-Introduction-Experiments,,repo,2024-05-13 16:56:52+00:00,
bolecodex/100-Awesome-AWS-Introduction-Experiments,,repo,2024-04-29 20:07:42+00:00,
bolecodex/100-Awesome-AWS-Introduction-Experiments,,repo,2024-03-26 12:04:50+00:00,
bolecodex/100-Awesome-AWS-Introduction-Experiments,,repo,2024-03-26 12:02:33+00:00,
bolecodex/100-Awesome-AWS-Introduction-Experiments,,repo,2024-03-06 20:16:27+00:00,
bolecodex/100-Awesome-AWS-Introduction-Experiments,,repo,2024-03-06 10:12:34+00:00,
bolecodex/100-Awesome-AWS-Introduction-Experiments,,repo,2024-03-06 08:02:04+00:00,
bolecodex/100-Awesome-AWS-Introduction-Experiments,,repo,2024-03-06 07:55:49+00:00,
bolecodex/100-Awesome-AWS-Introduction-Experiments,,repo,2024-03-05 22:32:30+00:00,
bolecodex/100-Awesome-AWS-Introduction-Experiments,,repo,2024-03-04 22:13:15+00:00,
bolecodex/100-Awesome-AWS-Introduction-Experiments,,repo,2024-03-04 22:05:36+00:00,
bolecodex/100-Awesome-AWS-Introduction-Experiments,,repo,2024-03-04 20:39:43+00:00,
bolecodex/100-Awesome-AWS-Introduction-Experiments,,repo,2024-03-04 20:22:21+00:00,
bolecodex/100-Awesome-AWS-Introduction-Experiments,,repo,2024-03-04 20:20:23+00:00,
bolecodex/100-Awesome-AWS-Introduction-Experiments,,repo,2024-03-04 20:16:24+00:00,
bolecodex/100-Awesome-AWS-Introduction-Experiments,,repo,2024-03-04 20:06:02+00:00,
bolecodex/100-Awesome-AWS-Introduction-Experiments,,repo,2023-05-16 23:52:28+00:00,
bolecodex/100-Awesome-AWS-Introduction-Experiments,,repo,2023-05-16 06:29:04+00:00,
bolecodex/100-Awesome-AWS-Introduction-Experiments,,repo,2023-05-16 06:08:10+00:00,
bolecodex/100-Awesome-AWS-Introduction-Experiments,,repo,2023-05-16 06:06:16+00:00,
bolecodex/100-Awesome-AWS-Introduction-Experiments,,repo,2023-05-15 23:48:10+00:00,
bolecodex/100-Awesome-AWS-Introduction-Experiments,,repo,2023-05-15 23:36:49+00:00,
bolecodex/100-Awesome-AWS-Introduction-Experiments,,repo,2023-05-15 23:31:21+00:00,
bolecodex/100-Awesome-AWS-Introduction-Experiments,,repo,2023-05-15 23:12:56+00:00,
bolecodex/100-Awesome-AWS-Introduction-Experiments,,repo,2023-05-14 22:05:56+00:00,
bolecodex/100-Awesome-AWS-Introduction-Experiments,,repo,2023-05-14 14:14:46+00:00,
bolecodex/100-Awesome-AWS-Introduction-Experiments,,repo,2023-05-14 09:36:22+00:00,
bolecodex/100-Awesome-AWS-Introduction-Experiments,,repo,2023-05-13 23:07:15+00:00,
bolecodex/100-Awesome-AWS-Introduction-Experiments,,repo,2023-05-13 20:26:45+00:00,
bolecodex/100-Awesome-AWS-Introduction-Experiments,,repo,2023-05-13 19:41:13+00:00,
bolecodex/100-Awesome-AWS-Introduction-Experiments,,repo,2023-05-13 19:39:45+00:00,
bolecodex/100-Awesome-AWS-Introduction-Experiments,,repo,2023-05-13 19:36:55+00:00,
bolecodex/100-Awesome-AWS-Introduction-Experiments,,repo,2023-05-13 19:23:59+00:00,
bolecodex/100-Awesome-AWS-Introduction-Experiments,,repo,2023-05-09 14:26:28+00:00,
bolecodex/100-Awesome-AWS-Introduction-Experiments,,repo,2023-05-07 19:56:26+00:00,
bolecodex/100-Awesome-AWS-Introduction-Experiments,,repo,2023-05-07 14:00:26+00:00,
bolecodex/100-Awesome-AWS-Introduction-Experiments,,repo,2023-04-29 23:04:55+00:00,
bolecodex/100-Awesome-AWS-Introduction-Experiments,,repo,2023-04-29 23:01:11+00:00,
bolecodex/100-Awesome-AWS-Introduction-Experiments,,repo,2023-04-29 22:30:24+00:00,
bolecodex/100-Awesome-AWS-Introduction-Experiments,,repo,2023-04-29 19:58:59+00:00,
bolecodex/100-Awesome-AWS-Introduction-Experiments,,repo,2023-04-28 21:45:53+00:00,
bolecodex/100-Awesome-AWS-Introduction-Experiments,,repo,2023-04-28 21:35:50+00:00,
bolecodex/100-Awesome-AWS-Introduction-Experiments,,repo,2023-04-28 21:31:36+00:00,
bolecodex/100-Awesome-AWS-Introduction-Experiments,,repo,2023-04-28 20:40:43+00:00,
bolecodex/100-Awesome-AWS-Introduction-Experiments,,repo,2023-04-25 19:39:57+00:00,
bolecodex/100-Awesome-AWS-Introduction-Experiments,,repo,2023-04-25 13:33:07+00:00,
bolecodex/100-Awesome-AWS-Introduction-Experiments,,repo,2023-04-24 21:35:23+00:00,
bolecodex/100-Awesome-AWS-Introduction-Experiments,,repo,2023-04-24 21:10:44+00:00,
bolecodex/100-Awesome-AWS-Introduction-Experiments,,repo,2023-04-24 20:00:57+00:00,
bolecodex/100-Awesome-AWS-Introduction-Experiments,,repo,2023-04-24 19:59:59+00:00,
bolecodex/100-Awesome-AWS-Introduction-Experiments,,repo,2023-04-23 13:10:29+00:00,
bolecodex/100-Awesome-AWS-Introduction-Experiments,,repo,2023-04-23 12:55:40+00:00,
bolecodex/100-Awesome-AWS-Introduction-Experiments,,repo,2023-04-22 20:04:28+00:00,
bolecodex/100-Awesome-AWS-Introduction-Experiments,,repo,2023-04-20 21:17:15+00:00,
bolecodex/100-Awesome-AWS-Introduction-Experiments,,repo,2023-04-18 21:14:21+00:00,
bolecodex/100-Awesome-AWS-Introduction-Experiments,,repo,2023-04-18 20:31:48+00:00,
bolecodex/100-Awesome-AWS-Introduction-Experiments,,repo,2023-04-16 19:16:55+00:00,
bolecodex/100-Awesome-AWS-Introduction-Experiments,,repo,2023-04-12 23:44:47+00:00,
bolecodex/100-Awesome-AWS-Introduction-Experiments,,repo,2023-04-10 08:40:15+00:00,
bolecodex/100-Awesome-AWS-Introduction-Experiments,,repo,2023-04-10 07:55:08+00:00,
bolecodex/100-Awesome-AWS-Introduction-Experiments,,repo,2023-04-08 18:48:35+00:00,
bolecodex/100-Awesome-AWS-Introduction-Experiments,,repo,2023-04-08 18:40:07+00:00,
bolecodex/100-Awesome-AWS-Introduction-Experiments,,repo,2023-04-08 18:35:18+00:00,
bolecodex/100-Awesome-AWS-Introduction-Experiments,,repo,2023-03-05 09:36:53+00:00,
bolecodex/100-Awesome-AWS-Introduction-Experiments,,repo,2023-03-05 09:31:25+00:00,
bolecodex/100-Awesome-AWS-Introduction-Experiments,,repo,2022-12-14 10:58:39+00:00,
bolecodex/100-Awesome-AWS-Introduction-Experiments,,repo,2022-12-14 07:38:23+00:00,
bolecodex/100-Awesome-AWS-Introduction-Experiments,,repo,2022-12-13 23:11:57+00:00,
bolecodex/100-Awesome-AWS-Introduction-Experiments,,repo,2022-12-12 21:42:38+00:00,
bolecodex/100-Awesome-AWS-Introduction-Experiments,,repo,2022-12-12 21:38:16+00:00,
bolecodex/100-Awesome-AWS-Introduction-Experiments,,repo,2022-12-11 23:40:40+00:00,
bolecodex/100-Awesome-AWS-Introduction-Experiments,,repo,2022-12-11 22:53:08+00:00,
bolecodex/100-Awesome-AWS-Introduction-Experiments,,repo,2022-12-11 15:09:26+00:00,
bolecodex/100-Awesome-AWS-Introduction-Experiments,,repo,2022-12-11 15:07:42+00:00,
bolecodex/100-Awesome-AWS-Introduction-Experiments,,repo,2022-12-11 15:06:27+00:00,
bolecodex/100-Awesome-AWS-Introduction-Experiments,,repo,2022-12-11 14:59:01+00:00,
bolecodex/100-Awesome-AWS-Introduction-Experiments,,repo,2022-12-04 15:14:51+00:00,
bolecodex/100-Awesome-AWS-Introduction-Experiments,,repo,2022-12-04 15:07:20+00:00,
bolecodex/100-Awesome-AWS-Introduction-Experiments,,repo,2022-12-04 15:06:32+00:00,
bolecodex/100-Awesome-AWS-Introduction-Experiments,,repo,2022-12-04 15:03:05+00:00,
bolecodex/100-Awesome-AWS-Introduction-Experiments,,repo,2022-12-04 14:43:08+00:00,
bolecodex/100-Awesome-AWS-Introduction-Experiments,,repo,2022-12-04 13:34:11+00:00,
bolecodex/100-Awesome-AWS-Introduction-Experiments,,repo,2022-12-04 13:32:46+00:00,
bolecodex/100-Awesome-AWS-Introduction-Experiments,,repo,2022-12-04 12:44:34+00:00,
bolecodex/100-Awesome-AWS-Introduction-Experiments,,repo,2022-12-04 12:44:05+00:00,
bolecodex/100-Awesome-AWS-Introduction-Experiments,,repo,2022-12-04 12:43:32+00:00,
bolecodex/100-Awesome-AWS-Introduction-Experiments,,repo,2022-12-04 12:42:05+00:00,
bolecodex/100-Awesome-AWS-Introduction-Experiments,,repo,2022-12-04 12:38:12+00:00,
bolecodex/100-Awesome-AWS-Introduction-Experiments,,repo,2022-11-22 09:26:31+00:00,
bolecodex/100-Awesome-AWS-Introduction-Experiments,,repo,2022-11-22 09:24:20+00:00,
bolecodex/100-Awesome-AWS-Introduction-Experiments,,repo,2022-10-17 21:45:22+00:00,
bolecodex/100-Awesome-AWS-Introduction-Experiments,,repo,2022-10-17 20:05:00+00:00,
bolecodex/100-Awesome-AWS-Introduction-Experiments,,repo,2022-10-17 20:04:50+00:00,
bolecodex/100-Awesome-AWS-Introduction-Experiments,,repo,2022-09-28 12:34:59+00:00,
bolecodex/100-Awesome-AWS-Introduction-Experiments,,repo,2022-09-27 22:50:35+00:00,
bolecodex/100-Awesome-AWS-Introduction-Experiments,,repo,2022-09-18 11:35:28+00:00,
bolecodex/100-Awesome-AWS-Introduction-Experiments,,repo,2022-09-13 22:21:42+00:00,
bolecodex/100-Awesome-AWS-Introduction-Experiments,,repo,2022-09-13 21:50:03+00:00,
bolecodex/100-Awesome-AWS-Introduction-Experiments,,repo,2022-09-13 19:39:18+00:00,
bolecodex/100-Awesome-AWS-Introduction-Experiments,,repo,2022-09-08 21:06:15+00:00,
bolecodex/100-Awesome-AWS-Introduction-Experiments,,repo,2022-09-07 18:58:00+00:00,
bolecodex/100-Awesome-AWS-Introduction-Experiments,,repo,2022-09-06 19:55:07+00:00,
bolecodex/100-Awesome-AWS-Introduction-Experiments,,repo,2022-09-06 19:52:38+00:00,
bolecodex/100-Awesome-AWS-Introduction-Experiments,,repo,2022-08-28 07:12:34+00:00,
bolecodex/100-Awesome-AWS-Introduction-Experiments,,repo,2022-08-23 22:37:20+00:00,
bolecodex/100-Awesome-AWS-Introduction-Experiments,,repo,2022-08-23 20:02:51+00:00,
bolecodex/100-Awesome-AWS-Introduction-Experiments,,repo,2022-08-21 12:07:11+00:00,
bolecodex/100-Awesome-AWS-Introduction-Experiments,,repo,2022-08-14 07:38:44+00:00,
bolecodex/100-Awesome-AWS-Introduction-Experiments,,repo,2022-08-07 11:48:12+00:00,
bolecodex/100-Awesome-AWS-Introduction-Experiments,,repo,2022-08-02 12:04:40+00:00,
bolecodex/100-Awesome-AWS-Introduction-Experiments,,repo,2022-07-31 09:14:31+00:00,
bolecodex/100-Awesome-AWS-Introduction-Experiments,,repo,2022-07-17 13:31:15+00:00,
bolecodex/100-Awesome-AWS-Introduction-Experiments,,repo,2022-07-17 11:42:42+00:00,
bolecodex/100-Awesome-AWS-Introduction-Experiments,,repo,2022-07-10 13:31:55+00:00,
bolecodex/100-Awesome-AWS-Introduction-Experiments,,repo,2022-07-10 09:35:08+00:00,
bolecodex/100-Awesome-AWS-Introduction-Experiments,,repo,2022-07-06 18:06:38+00:00,
bolecodex/100-Awesome-AWS-Introduction-Experiments,,repo,2022-07-03 17:24:19+00:00,
bolecodex/100-Awesome-AWS-Introduction-Experiments,,repo,2022-07-03 11:40:33+00:00,
bolecodex/100-Awesome-AWS-Introduction-Experiments,,repo,2022-06-26 12:06:50+00:00,
bolecodex/100-Awesome-AWS-Introduction-Experiments,,repo,2022-06-26 07:45:28+00:00,
bolecodex/100-Awesome-AWS-Introduction-Experiments,,repo,2022-06-26 05:39:12+00:00,
bolecodex/100-Awesome-AWS-Introduction-Experiments,,repo,2022-06-23 18:06:51+00:00,
bolecodex/100-Awesome-AWS-Introduction-Experiments,,repo,2022-06-19 22:02:24+00:00,
bolecodex/100-Awesome-AWS-Introduction-Experiments,,repo,2022-06-19 11:40:50+00:00,
bolecodex/100-Awesome-AWS-Introduction-Experiments,,repo,2022-06-18 10:39:26+00:00,
bolecodex/100-Awesome-AWS-Introduction-Experiments,,repo,2022-06-18 10:27:37+00:00,
bolecodex/100-Awesome-AWS-Introduction-Experiments,,repo,2022-06-16 18:38:23+00:00,
bolecodex/100-Awesome-AWS-Introduction-Experiments,,repo,2022-06-12 08:00:54+00:00,
bolecodex/100-Awesome-AWS-Introduction-Experiments,,repo,2022-06-11 11:47:27+00:00,
bolecodex/100-Awesome-AWS-Introduction-Experiments,,repo,2022-06-11 07:25:02+00:00,
bolecodex/100-Awesome-AWS-Introduction-Experiments,,repo,2022-06-05 10:30:58+00:00,
bolecodex/100-Awesome-AWS-Introduction-Experiments,,repo,2022-06-05 10:29:41+00:00,
bolecodex/100-Awesome-AWS-Introduction-Experiments,,repo,2022-06-05 10:27:29+00:00,
bolecodex/100-Awesome-AWS-Introduction-Experiments,,repo,2022-06-04 07:38:31+00:00,
bolecodex/100-Awesome-AWS-Introduction-Experiments,,repo,2022-05-29 12:09:37+00:00,
bolecodex/100-Awesome-AWS-Introduction-Experiments,,repo,2022-05-28 11:54:47+00:00,
bolecodex/100-Awesome-AWS-Introduction-Experiments,,repo,2022-05-28 11:40:46+00:00,
bolecodex/100-Awesome-AWS-Introduction-Experiments,,repo,2022-05-22 08:32:00+00:00,
bolecodex/100-Awesome-AWS-Introduction-Experiments,,repo,2022-05-22 08:09:08+00:00,
bolecodex/100-Awesome-AWS-Introduction-Experiments,,repo,2022-05-22 07:39:54+00:00,
bolecodex/100-Awesome-AWS-Introduction-Experiments,,repo,2022-05-22 07:38:28+00:00,
bolecodex/100-Awesome-AWS-Introduction-Experiments,Building Web Applications based on Amazon EKS/manifests-v2/flask-hpa.yaml,hpa_file,2022-06-18 10:27:37+00:00,
enogrob/ebook-implementing-modern-devops,src/code/Chapter07/horizontalpodautoscaler.yml,hpa_file,2018-03-10 23:54:36+00:00,
devtron-labs/devtron-installation-script,yamls/lens.yaml,hpa_file,2020-11-04 17:25:34+00:00,
devtron-labs/devtron-installation-script,yamls/lens.yaml,hpa_file,2020-10-31 05:45:27+00:00,
devtron-labs/devtron-installation-script,yamls/lens.yaml,hpa_file,2020-10-31 05:31:27+00:00,
devtron-labs/devtron-installation-script,yamls/lens.yaml,hpa_file,2020-10-31 04:50:04+00:00,
devtron-labs/devtron-installation-script,yamls/lens.yaml,hpa_file,2020-10-30 13:19:33+00:00,
Brhernann/lastreact,k8s/autoscaling.yaml,hpa_file,2020-04-13 13:31:51+00:00,
rajatgupta24/cluster-11,,repo,2022-11-18 23:30:34+00:00,
rajatgupta24/cluster-11,,repo,2022-11-18 23:29:25+00:00,
rajatgupta24/cluster-11,,repo,2022-11-18 23:22:02+00:00,
rajatgupta24/cluster-11,,repo,2022-11-18 23:20:49+00:00,
rajatgupta24/cluster-11,,repo,2022-11-18 22:41:02+00:00,
rajatgupta24/cluster-11,,repo,2022-11-18 22:39:47+00:00,
rajatgupta24/cluster-11,,repo,2022-11-18 22:22:36+00:00,
rajatgupta24/cluster-11,,repo,2022-11-18 22:09:28+00:00,
rajatgupta24/cluster-11,,repo,2022-11-18 22:05:04+00:00,
rajatgupta24/cluster-11,config-root/namespaces/tekton-pipelines/tekton-pipeline/tekton-pipelines-webhook-horizontalpodautoscaler.yaml,hpa_file,2022-11-18 22:09:28+00:00,
pmanlukas/node-app-k8s,,repo,2022-11-23 10:06:36+00:00,
pmanlukas/node-app-k8s,,repo,2022-11-15 10:09:10+00:00,
pmanlukas/node-app-k8s,,repo,2022-11-15 10:08:15+00:00,
pmanlukas/node-app-k8s,,repo,2022-11-15 10:04:30+00:00,
pmanlukas/node-app-k8s,,repo,2022-11-15 10:04:25+00:00,
pmanlukas/node-app-k8s,,repo,2022-11-15 10:02:57+00:00,
pmanlukas/node-app-k8s,,repo,2022-11-11 10:26:12+00:00,
pmanlukas/node-app-k8s,,repo,2022-11-11 10:19:10+00:00,
pmanlukas/node-app-k8s,,repo,2022-11-11 10:18:30+00:00,
pmanlukas/node-app-k8s,,repo,2022-11-10 15:20:24+00:00,
pmanlukas/node-app-k8s,,repo,2022-11-08 12:02:48+00:00,
pmanlukas/node-app-k8s,,repo,2022-11-08 11:56:09+00:00,
pmanlukas/node-app-k8s,,repo,2022-11-08 09:16:17+00:00,
pmanlukas/node-app-k8s,,repo,2022-11-07 15:02:15+00:00,
pmanlukas/node-app-k8s,,repo,2022-11-07 15:01:56+00:00,
pmanlukas/node-app-k8s,,repo,2022-11-07 14:59:45+00:00,
pmanlukas/node-app-k8s,,repo,2022-11-07 14:52:32+00:00,
pmanlukas/node-app-k8s,,repo,2022-11-07 14:48:41+00:00,
pmanlukas/node-app-k8s,,repo,2022-11-07 14:44:39+00:00,
pmanlukas/node-app-k8s,,repo,2022-11-07 12:27:13+00:00,
pmanlukas/node-app-k8s,,repo,2022-11-07 12:25:36+00:00,
pmanlukas/node-app-k8s,,repo,2022-11-07 10:54:03+00:00,
pmanlukas/node-app-k8s,,repo,2022-11-07 10:50:28+00:00,
pmanlukas/node-app-k8s,,repo,2022-11-07 10:46:29+00:00,
pmanlukas/node-app-k8s,,repo,2022-11-07 10:41:21+00:00,
pmanlukas/node-app-k8s,,repo,2022-11-07 10:29:45+00:00,
pmanlukas/node-app-k8s,,repo,2022-04-21 13:36:45+00:00,
pmanlukas/node-app-k8s,,repo,2022-04-21 13:35:20+00:00,
pmanlukas/node-app-k8s,,repo,2021-10-12 07:49:26+00:00,
pmanlukas/node-app-k8s,,repo,2021-10-12 07:39:49+00:00,
pmanlukas/node-app-k8s,,repo,2021-05-16 10:20:02+00:00,
pmanlukas/node-app-k8s,,repo,2021-05-16 09:26:34+00:00,
pmanlukas/node-app-k8s,,repo,2021-05-14 09:20:09+00:00,
pmanlukas/node-app-k8s,,repo,2021-05-14 09:18:16+00:00,
pmanlukas/node-app-k8s,k8s/base/hpa.yaml,hpa_file,2022-11-07 14:48:41+00:00,
pmanlukas/node-app-k8s,k8s/base/hpa.yaml,hpa_file,2022-11-07 12:25:36+00:00,
docttus/jenkins-cluster,,repo,2022-11-22 22:36:20+00:00,
docttus/jenkins-cluster,,repo,2022-11-22 22:35:19+00:00,
docttus/jenkins-cluster,,repo,2022-11-22 22:33:38+00:00,
docttus/jenkins-cluster,,repo,2022-11-22 22:23:48+00:00,
docttus/jenkins-cluster,,repo,2022-11-22 22:23:32+00:00,
docttus/jenkins-cluster,,repo,2022-11-22 21:46:51+00:00,
docttus/jenkins-cluster,config-root/namespaces/tekton-pipelines/tekton-pipeline/tekton-pipelines-webhook-horizontalpodautoscaler.yaml,hpa_file,2022-11-22 22:23:32+00:00,
wuanita/gcb-test,,repo,2022-08-19 18:08:07+00:00,
wuanita/gcb-test,,repo,2022-08-19 18:06:43+00:00,
wuanita/gcb-test,,repo,2022-08-19 17:28:04+00:00,
wuanita/gcb-test,,repo,2021-08-11 20:51:45+00:00,
wuanita/gcb-test,config/deployment.yaml,hpa_file,2019-11-20 17:20:31+00:00,
duyvnguyen91/finblox-assignment,,repo,2021-12-20 03:18:32+00:00,
duyvnguyen91/finblox-assignment,,repo,2021-12-20 03:17:59+00:00,
duyvnguyen91/finblox-assignment,,repo,2021-12-20 03:15:44+00:00,
duyvnguyen91/finblox-assignment,,repo,2021-11-14 11:39:53+00:00,
duyvnguyen91/finblox-assignment,,repo,2021-11-14 11:36:45+00:00,
duyvnguyen91/finblox-assignment,,repo,2021-11-14 11:17:41+00:00,
duyvnguyen91/finblox-assignment,,repo,2021-11-14 11:15:11+00:00,
duyvnguyen91/finblox-assignment,,repo,2021-11-14 10:42:41+00:00,
duyvnguyen91/finblox-assignment,,repo,2021-11-14 10:14:19+00:00,
duyvnguyen91/finblox-assignment,,repo,2021-11-14 10:12:16+00:00,
duyvnguyen91/finblox-assignment,,repo,2021-11-14 10:08:18+00:00,
duyvnguyen91/finblox-assignment,,repo,2021-11-14 10:07:44+00:00,
duyvnguyen91/finblox-assignment,,repo,2021-11-14 09:32:50+00:00,
duyvnguyen91/finblox-assignment,,repo,2021-11-14 08:33:47+00:00,
duyvnguyen91/finblox-assignment,,repo,2021-11-14 08:29:39+00:00,
duyvnguyen91/finblox-assignment,,repo,2021-11-14 05:20:15+00:00,
duyvnguyen91/finblox-assignment,,repo,2021-11-14 05:20:15+00:00,
duyvnguyen91/finblox-assignment,k8s/main.yml,hpa_file,2021-11-14 10:14:19+00:00,
duyvnguyen91/finblox-assignment,k8s/main.yml,hpa_file,2021-11-14 10:12:16+00:00,
duyvnguyen91/finblox-assignment,k8s/main.yml,hpa_file,2021-11-14 10:08:18+00:00,
duyvnguyen91/finblox-assignment,k8s/main.yml,hpa_file,2021-11-14 10:07:44+00:00,
hepyu/k8s-app-config,,repo,2021-06-15 02:35:25+00:00,
hepyu/k8s-app-config,,repo,2021-06-15 02:22:46+00:00,
hepyu/k8s-app-config,,repo,2021-06-11 05:38:26+00:00,
hepyu/k8s-app-config,,repo,2021-06-10 02:49:03+00:00,
hepyu/k8s-app-config,yaml/min-cluster-allinone/tekton/pipeline/release.yaml,hpa_file,2021-02-04 12:27:02+00:00,
conplementAG/azure-aks-kubernetes-workshop,,repo,2022-07-01 07:03:27+00:00,
conplementAG/azure-aks-kubernetes-workshop,12-autoscaling/04-custom-metric-scaling/hpa.yaml,hpa_file,2019-09-20 18:58:20+00:00,
anthonysnk/Kubernetes-docker-AWS,Kubernetes/horizontal pod autoscaler/hpa.yaml,hpa_file,2021-04-12 21:54:38+00:00,
teamdatatonic/acdm-summerschool-kubernetes,,repo,2021-11-10 11:16:01+00:00,
teamdatatonic/acdm-summerschool-kubernetes,,repo,2021-07-08 08:37:08+00:00,
teamdatatonic/acdm-summerschool-kubernetes,,repo,2021-07-08 07:16:06+00:00,
teamdatatonic/acdm-summerschool-kubernetes,,repo,2021-07-07 12:46:24+00:00,
teamdatatonic/acdm-summerschool-kubernetes,,repo,2021-07-07 10:36:34+00:00,
teamdatatonic/acdm-summerschool-kubernetes,,repo,2021-07-07 10:36:30+00:00,
teamdatatonic/acdm-summerschool-kubernetes,,repo,2021-07-07 10:33:20+00:00,
teamdatatonic/acdm-summerschool-kubernetes,,repo,2021-07-07 10:20:01+00:00,
teamdatatonic/acdm-summerschool-kubernetes,,repo,2021-07-06 08:52:53+00:00,
teamdatatonic/acdm-summerschool-kubernetes,,repo,2021-07-06 08:14:53+00:00,
teamdatatonic/acdm-summerschool-kubernetes,,repo,2021-07-06 08:08:17+00:00,
teamdatatonic/acdm-summerschool-kubernetes,,repo,2021-07-06 08:07:14+00:00,
teamdatatonic/acdm-summerschool-kubernetes,,repo,2021-07-06 08:02:50+00:00,
teamdatatonic/acdm-summerschool-kubernetes,,repo,2021-07-06 07:45:32+00:00,
teamdatatonic/acdm-summerschool-kubernetes,,repo,2021-07-06 07:39:08+00:00,
teamdatatonic/acdm-summerschool-kubernetes,,repo,2021-07-05 14:51:43+00:00,
teamdatatonic/acdm-summerschool-kubernetes,,repo,2021-07-05 14:49:16+00:00,
teamdatatonic/acdm-summerschool-kubernetes,,repo,2021-07-05 14:47:44+00:00,
teamdatatonic/acdm-summerschool-kubernetes,,repo,2021-07-05 14:43:10+00:00,
teamdatatonic/acdm-summerschool-kubernetes,,repo,2021-07-05 14:36:44+00:00,
teamdatatonic/acdm-summerschool-kubernetes,,repo,2021-07-05 14:27:09+00:00,
teamdatatonic/acdm-summerschool-kubernetes,,repo,2021-07-05 14:24:26+00:00,
teamdatatonic/acdm-summerschool-kubernetes,,repo,2021-07-05 14:21:45+00:00,
teamdatatonic/acdm-summerschool-kubernetes,,repo,2021-07-05 14:18:45+00:00,
teamdatatonic/acdm-summerschool-kubernetes,,repo,2021-07-05 14:17:08+00:00,
teamdatatonic/acdm-summerschool-kubernetes,,repo,2021-07-05 14:13:09+00:00,
teamdatatonic/acdm-summerschool-kubernetes,,repo,2021-07-05 14:08:27+00:00,
teamdatatonic/acdm-summerschool-kubernetes,,repo,2021-07-05 14:07:41+00:00,
teamdatatonic/acdm-summerschool-kubernetes,,repo,2021-07-05 14:04:57+00:00,
teamdatatonic/acdm-summerschool-kubernetes,,repo,2021-07-05 14:02:52+00:00,
teamdatatonic/acdm-summerschool-kubernetes,,repo,2021-07-05 14:02:18+00:00,
teamdatatonic/acdm-summerschool-kubernetes,,repo,2021-07-05 14:01:54+00:00,
teamdatatonic/acdm-summerschool-kubernetes,,repo,2021-07-05 13:59:31+00:00,
teamdatatonic/acdm-summerschool-kubernetes,,repo,2021-07-05 13:55:50+00:00,
teamdatatonic/acdm-summerschool-kubernetes,,repo,2021-07-05 12:00:34+00:00,
teamdatatonic/acdm-summerschool-kubernetes,,repo,2021-07-02 09:18:20+00:00,
teamdatatonic/acdm-summerschool-kubernetes,,repo,2021-07-01 12:10:28+00:00,
teamdatatonic/acdm-summerschool-kubernetes,,repo,2021-07-01 12:08:21+00:00,
teamdatatonic/acdm-summerschool-kubernetes,,repo,2021-07-01 12:06:13+00:00,
teamdatatonic/acdm-summerschool-kubernetes,,repo,2021-07-01 12:05:39+00:00,
teamdatatonic/acdm-summerschool-kubernetes,,repo,2021-07-01 12:05:23+00:00,
teamdatatonic/acdm-summerschool-kubernetes,,repo,2021-07-01 12:04:09+00:00,
teamdatatonic/acdm-summerschool-kubernetes,,repo,2021-07-01 12:02:41+00:00,
teamdatatonic/acdm-summerschool-kubernetes,,repo,2021-07-01 12:01:21+00:00,
teamdatatonic/acdm-summerschool-kubernetes,,repo,2021-07-01 11:52:47+00:00,
teamdatatonic/acdm-summerschool-kubernetes,,repo,2021-07-01 11:52:07+00:00,
teamdatatonic/acdm-summerschool-kubernetes,,repo,2021-07-01 11:46:58+00:00,
teamdatatonic/acdm-summerschool-kubernetes,,repo,2021-07-01 11:42:42+00:00,
teamdatatonic/acdm-summerschool-kubernetes,,repo,2021-07-01 11:41:55+00:00,
teamdatatonic/acdm-summerschool-kubernetes,,repo,2021-07-01 11:34:49+00:00,
teamdatatonic/acdm-summerschool-kubernetes,,repo,2021-07-01 11:32:52+00:00,
teamdatatonic/acdm-summerschool-kubernetes,,repo,2021-07-01 11:24:47+00:00,
teamdatatonic/acdm-summerschool-kubernetes,,repo,2021-07-01 11:19:53+00:00,
teamdatatonic/acdm-summerschool-kubernetes,,repo,2021-07-01 11:00:06+00:00,
teamdatatonic/acdm-summerschool-kubernetes,,repo,2021-07-01 09:23:12+00:00,
teamdatatonic/acdm-summerschool-kubernetes,,repo,2021-07-01 09:13:12+00:00,
teamdatatonic/acdm-summerschool-kubernetes,,repo,2021-07-01 09:08:44+00:00,
teamdatatonic/acdm-summerschool-kubernetes,,repo,2021-07-01 08:50:31+00:00,
teamdatatonic/acdm-summerschool-kubernetes,,repo,2021-07-01 08:48:34+00:00,
teamdatatonic/acdm-summerschool-kubernetes,,repo,2021-07-01 08:33:07+00:00,
teamdatatonic/acdm-summerschool-kubernetes,,repo,2021-07-01 08:24:32+00:00,
teamdatatonic/acdm-summerschool-kubernetes,,repo,2021-06-18 10:32:27+00:00,
teamdatatonic/acdm-summerschool-kubernetes,,repo,2021-06-18 10:27:07+00:00,
teamdatatonic/acdm-summerschool-kubernetes,,repo,2021-06-18 10:27:03+00:00,
teamdatatonic/acdm-summerschool-kubernetes,,repo,2021-06-18 09:31:23+00:00,
teamdatatonic/acdm-summerschool-kubernetes,,repo,2021-06-18 09:29:11+00:00,
teamdatatonic/acdm-summerschool-kubernetes,,repo,2021-06-18 09:27:40+00:00,
teamdatatonic/acdm-summerschool-kubernetes,,repo,2021-06-18 09:26:17+00:00,
teamdatatonic/acdm-summerschool-kubernetes,,repo,2021-06-18 09:21:25+00:00,
teamdatatonic/acdm-summerschool-kubernetes,,repo,2021-06-18 09:18:36+00:00,
teamdatatonic/acdm-summerschool-kubernetes,,repo,2021-06-18 08:52:02+00:00,
teamdatatonic/acdm-summerschool-kubernetes,,repo,2021-06-18 08:43:58+00:00,
teamdatatonic/acdm-summerschool-kubernetes,,repo,2021-06-18 08:43:53+00:00,
teamdatatonic/acdm-summerschool-kubernetes,,repo,2021-06-18 08:33:26+00:00,
teamdatatonic/acdm-summerschool-kubernetes,,repo,2021-06-18 08:25:35+00:00,
teamdatatonic/acdm-summerschool-kubernetes,,repo,2021-06-18 08:17:04+00:00,
teamdatatonic/acdm-summerschool-kubernetes,,repo,2021-06-18 07:22:58+00:00,
teamdatatonic/acdm-summerschool-kubernetes,,repo,2021-06-18 07:20:10+00:00,
teamdatatonic/acdm-summerschool-kubernetes,,repo,2021-06-18 07:18:33+00:00,
teamdatatonic/acdm-summerschool-kubernetes,,repo,2021-06-18 07:18:26+00:00,
teamdatatonic/acdm-summerschool-kubernetes,,repo,2021-06-17 12:42:32+00:00,
teamdatatonic/acdm-summerschool-kubernetes,,repo,2021-06-17 12:41:06+00:00,
teamdatatonic/acdm-summerschool-kubernetes,,repo,2021-06-17 12:37:58+00:00,
teamdatatonic/acdm-summerschool-kubernetes,,repo,2021-06-17 12:36:25+00:00,
teamdatatonic/acdm-summerschool-kubernetes,,repo,2021-06-17 12:34:15+00:00,
teamdatatonic/acdm-summerschool-kubernetes,,repo,2021-06-17 12:28:33+00:00,
teamdatatonic/acdm-summerschool-kubernetes,,repo,2021-06-17 12:14:21+00:00,
teamdatatonic/acdm-summerschool-kubernetes,,repo,2021-06-17 12:09:45+00:00,
teamdatatonic/acdm-summerschool-kubernetes,,repo,2021-06-17 11:01:00+00:00,
teamdatatonic/acdm-summerschool-kubernetes,,repo,2021-06-17 08:08:05+00:00,
teamdatatonic/acdm-summerschool-kubernetes,,repo,2021-06-17 08:03:07+00:00,
teamdatatonic/acdm-summerschool-kubernetes,,repo,2021-06-17 06:46:52+00:00,
teamdatatonic/acdm-summerschool-kubernetes,manifests/autoscale.yml,hpa_file,2021-07-07 10:36:30+00:00,
teamdatatonic/acdm-summerschool-kubernetes,manifests/autoscale.yml,hpa_file,2021-07-07 10:20:01+00:00,
teamdatatonic/acdm-summerschool-kubernetes,manifests/autoscale.yml,hpa_file,2021-07-06 08:52:53+00:00,
teamdatatonic/acdm-summerschool-kubernetes,manifests/autoscale.yml,hpa_file,2021-07-05 14:49:16+00:00,
teamdatatonic/acdm-summerschool-kubernetes,manifests/autoscale.yml,hpa_file,2021-07-05 14:43:10+00:00,
teamdatatonic/acdm-summerschool-kubernetes,manifests/autoscale.yml,hpa_file,2021-07-05 14:08:27+00:00,
teamdatatonic/acdm-summerschool-kubernetes,manifests/autoscale.yml,hpa_file,2021-07-05 14:07:41+00:00,
teamdatatonic/acdm-summerschool-kubernetes,manifests/autoscale.yml,hpa_file,2021-07-05 14:04:57+00:00,
teamdatatonic/acdm-summerschool-kubernetes,manifests/autoscale.yml,hpa_file,2021-07-05 14:02:18+00:00,
jrhuerta/celery-k8s-suffle-shard-with-autoscaling,k8s/manifest.yaml,hpa_file,2020-11-12 18:57:01+00:00,
Douglas-Marques/full-cycle-kubernetes,,repo,2021-09-12 21:40:10+00:00,
Douglas-Marques/full-cycle-kubernetes,k8s/hpa.yaml,hpa_file,2021-09-12 21:40:10+00:00,
silverbirder/gihyo-docker-kuberbetes,ch08/ch08_3_2/hpa.yaml,hpa_file,2018-09-23 12:54:58+00:00,
maxiplux/core-api-2022,,repo,2022-08-23 12:08:30+00:00,
maxiplux/core-api-2022,,repo,2022-08-23 11:56:18+00:00,
maxiplux/core-api-2022,,repo,2022-08-23 04:03:39+00:00,
maxiplux/core-api-2022,kubernetes/backend/app-hpa.yaml,hpa_file,2022-08-23 04:03:39+00:00,
eumel8/k8s-stresstest,,repo,2021-05-27 12:01:10+00:00,
eumel8/k8s-stresstest,,repo,2021-05-27 11:07:51+00:00,
eumel8/k8s-stresstest,kubernetes/hpa.yaml,hpa_file,2021-05-27 12:01:10+00:00,
flow-lab/diatom-pub,,repo,2023-02-24 10:40:36+00:00,
flow-lab/diatom-pub,,repo,2023-02-24 08:28:26+00:00,
flow-lab/diatom-pub,,repo,2023-02-23 20:53:42+00:00,
flow-lab/diatom-pub,,repo,2023-02-23 20:51:27+00:00,
flow-lab/diatom-pub,,repo,2023-02-23 20:42:48+00:00,
flow-lab/diatom-pub,,repo,2023-02-23 15:54:32+00:00,
flow-lab/diatom-pub,,repo,2023-02-23 15:47:36+00:00,
flow-lab/diatom-pub,,repo,2023-02-23 15:29:47+00:00,
flow-lab/diatom-pub,,repo,2023-02-23 15:07:20+00:00,
flow-lab/diatom-pub,,repo,2023-02-23 14:49:50+00:00,
flow-lab/diatom-pub,,repo,2023-02-23 14:34:22+00:00,
flow-lab/diatom-pub,,repo,2023-02-23 14:30:25+00:00,
flow-lab/diatom-pub,,repo,2023-02-23 14:26:27+00:00,
flow-lab/diatom-pub,,repo,2023-02-23 14:21:12+00:00,
flow-lab/diatom-pub,,repo,2023-02-18 14:32:59+00:00,
flow-lab/diatom-pub,,repo,2023-02-18 14:27:28+00:00,
flow-lab/diatom-pub,,repo,2023-02-18 01:53:42+00:00,
flow-lab/diatom-pub,,repo,2023-02-18 01:52:23+00:00,
flow-lab/diatom-pub,,repo,2023-02-18 01:10:24+00:00,
flow-lab/diatom-pub,,repo,2023-02-18 00:57:20+00:00,
flow-lab/diatom-pub,,repo,2023-02-18 00:53:03+00:00,
flow-lab/diatom-pub,,repo,2023-02-17 23:38:35+00:00,
flow-lab/diatom-pub,,repo,2023-02-17 23:34:18+00:00,
flow-lab/diatom-pub,,repo,2023-02-17 23:33:48+00:00,
flow-lab/diatom-pub,,repo,2023-02-16 17:13:44+00:00,
flow-lab/diatom-pub,,repo,2023-02-16 17:11:17+00:00,
flow-lab/diatom-pub,,repo,2023-02-16 16:58:06+00:00,
flow-lab/diatom-pub,,repo,2023-02-16 16:53:34+00:00,
flow-lab/diatom-pub,,repo,2023-02-16 16:48:52+00:00,
flow-lab/diatom-pub,,repo,2023-02-16 16:36:00+00:00,
flow-lab/diatom-pub,,repo,2023-02-16 16:31:04+00:00,
flow-lab/diatom-pub,,repo,2023-02-16 16:24:41+00:00,
flow-lab/diatom-pub,,repo,2023-02-16 16:13:06+00:00,
flow-lab/diatom-pub,,repo,2023-02-16 16:11:08+00:00,
flow-lab/diatom-pub,,repo,2023-02-16 16:00:15+00:00,
flow-lab/diatom-pub,,repo,2023-02-16 15:27:00+00:00,
flow-lab/diatom-pub,,repo,2023-02-16 15:18:08+00:00,
flow-lab/diatom-pub,,repo,2023-02-16 11:15:32+00:00,
flow-lab/diatom-pub,,repo,2023-02-16 11:07:02+00:00,
flow-lab/diatom-pub,,repo,2023-02-16 11:06:00+00:00,
flow-lab/diatom-pub,,repo,2023-02-16 11:00:06+00:00,
flow-lab/diatom-pub,,repo,2023-02-16 10:49:12+00:00,
flow-lab/diatom-pub,,repo,2023-02-16 10:46:15+00:00,
flow-lab/diatom-pub,,repo,2023-02-16 10:33:00+00:00,
flow-lab/diatom-pub,,repo,2023-02-16 10:28:50+00:00,
flow-lab/diatom-pub,,repo,2023-02-16 10:23:03+00:00,
flow-lab/diatom-pub,,repo,2023-02-16 09:54:39+00:00,
flow-lab/diatom-pub,,repo,2023-02-16 09:40:54+00:00,
flow-lab/diatom-pub,,repo,2023-02-16 09:28:50+00:00,
flow-lab/diatom-pub,,repo,2023-02-16 09:26:44+00:00,
flow-lab/diatom-pub,,repo,2023-02-16 09:25:10+00:00,
flow-lab/diatom-pub,,repo,2023-02-16 09:18:16+00:00,
flow-lab/diatom-pub,,repo,2023-02-16 09:15:40+00:00,
flow-lab/diatom-pub,,repo,2023-02-16 09:11:45+00:00,
flow-lab/diatom-pub,,repo,2023-02-16 09:08:54+00:00,
flow-lab/diatom-pub,,repo,2023-02-16 09:02:18+00:00,
flow-lab/diatom-pub,,repo,2023-02-16 08:54:23+00:00,
flow-lab/diatom-pub,,repo,2023-02-16 08:51:35+00:00,
flow-lab/diatom-pub,,repo,2023-02-16 08:50:26+00:00,
flow-lab/diatom-pub,,repo,2023-02-16 08:43:08+00:00,
flow-lab/diatom-pub,,repo,2023-02-16 08:40:10+00:00,
flow-lab/diatom-pub,,repo,2023-02-16 08:38:41+00:00,
flow-lab/diatom-pub,,repo,2023-02-16 08:34:47+00:00,
flow-lab/diatom-pub,,repo,2023-02-16 08:29:47+00:00,
flow-lab/diatom-pub,,repo,2023-02-15 22:41:28+00:00,
flow-lab/diatom-pub,,repo,2023-02-15 22:40:35+00:00,
flow-lab/diatom-pub,,repo,2023-02-15 22:33:17+00:00,
flow-lab/diatom-pub,,repo,2023-02-15 22:31:19+00:00,
flow-lab/diatom-pub,,repo,2023-02-15 22:29:46+00:00,
flow-lab/diatom-pub,,repo,2023-02-15 22:27:35+00:00,
flow-lab/diatom-pub,,repo,2023-02-15 22:21:11+00:00,
flow-lab/diatom-pub,,repo,2023-02-15 22:13:51+00:00,
flow-lab/diatom-pub,,repo,2023-02-15 21:55:07+00:00,
flow-lab/diatom-pub,,repo,2023-02-15 21:31:07+00:00,
flow-lab/diatom-pub,,repo,2023-02-15 21:30:29+00:00,
flow-lab/diatom-pub,,repo,2023-02-15 21:28:27+00:00,
flow-lab/diatom-pub,,repo,2023-02-15 20:34:00+00:00,
flow-lab/diatom-pub,,repo,2023-02-15 20:31:56+00:00,
flow-lab/diatom-pub,,repo,2023-02-15 20:20:29+00:00,
flow-lab/diatom-pub,,repo,2023-02-15 16:09:30+00:00,
flow-lab/diatom-pub,,repo,2023-02-15 16:02:44+00:00,
flow-lab/diatom-pub,,repo,2023-02-15 16:00:12+00:00,
flow-lab/diatom-pub,,repo,2023-02-15 15:59:50+00:00,
flow-lab/diatom-pub,,repo,2023-02-15 15:54:56+00:00,
flow-lab/diatom-pub,,repo,2023-02-15 15:52:06+00:00,
flow-lab/diatom-pub,,repo,2023-02-15 15:50:58+00:00,
flow-lab/diatom-pub,,repo,2023-02-15 15:47:41+00:00,
flow-lab/diatom-pub,,repo,2023-02-15 15:45:41+00:00,
flow-lab/diatom-pub,,repo,2023-02-15 15:44:00+00:00,
flow-lab/diatom-pub,,repo,2023-02-15 15:42:30+00:00,
flow-lab/diatom-pub,,repo,2023-02-15 15:39:23+00:00,
flow-lab/diatom-pub,,repo,2023-02-15 15:38:44+00:00,
flow-lab/diatom-pub,,repo,2023-02-15 15:35:39+00:00,
flow-lab/diatom-pub,,repo,2023-02-15 15:26:23+00:00,
flow-lab/diatom-pub,,repo,2023-02-15 15:25:19+00:00,
flow-lab/diatom-pub,,repo,2023-02-15 13:28:15+00:00,
flow-lab/diatom-pub,,repo,2022-10-19 17:29:19+00:00,
flow-lab/diatom-pub,,repo,2022-10-18 20:28:44+00:00,
flow-lab/diatom-pub,,repo,2022-10-18 18:53:04+00:00,
flow-lab/diatom-pub,,repo,2022-10-17 11:45:11+00:00,
flow-lab/diatom-pub,,repo,2022-10-16 19:43:47+00:00,
flow-lab/diatom-pub,,repo,2022-10-04 07:13:18+00:00,
flow-lab/diatom-pub,,repo,2022-10-03 07:48:53+00:00,
flow-lab/diatom-pub,,repo,2022-10-02 11:44:15+00:00,
flow-lab/diatom-pub,,repo,2022-10-02 11:34:09+00:00,
flow-lab/diatom-pub,,repo,2022-09-30 12:55:28+00:00,
flow-lab/diatom-pub,srv/k8s/horizontalpodautoscaler.yaml,hpa_file,2023-02-23 20:51:27+00:00,
flow-lab/diatom-pub,srv/k8s/horizontalpodautoscaler.yaml,hpa_file,2023-02-16 17:11:17+00:00,
flow-lab/diatom-pub,srv/k8s/horizontalpodautoscaler.yaml,hpa_file,2023-02-16 16:53:34+00:00,
flow-lab/diatom-pub,srv/k8s/horizontalpodautoscaler.yaml,hpa_file,2023-02-16 16:48:52+00:00,
iKubernetes/knative-in-practise,,repo,2024-08-15 07:00:49+00:00,
iKubernetes/knative-in-practise,,repo,2022-10-22 05:40:28+00:00,
iKubernetes/knative-in-practise,,repo,2022-10-09 06:19:00+00:00,
iKubernetes/knative-in-practise,,repo,2022-09-30 07:59:07+00:00,
iKubernetes/knative-in-practise,,repo,2022-06-01 10:14:25+00:00,
iKubernetes/knative-in-practise,,repo,2022-06-01 09:16:31+00:00,
iKubernetes/knative-in-practise,,repo,2022-06-01 06:25:15+00:00,
iKubernetes/knative-in-practise,,repo,2022-05-31 06:48:22+00:00,
iKubernetes/knative-in-practise,,repo,2022-03-31 04:23:25+00:00,
iKubernetes/knative-in-practise,,repo,2022-03-31 02:23:22+00:00,
iKubernetes/knative-in-practise,,repo,2022-03-31 02:03:07+00:00,
iKubernetes/knative-in-practise,,repo,2022-03-18 10:10:46+00:00,
iKubernetes/knative-in-practise,,repo,2022-03-11 07:24:52+00:00,
iKubernetes/knative-in-practise,,repo,2022-02-28 09:24:10+00:00,
iKubernetes/knative-in-practise,,repo,2022-02-28 09:21:35+00:00,
iKubernetes/knative-in-practise,deploy-knative/knative-v1.2/serving/serving-core.yaml,hpa_file,2022-05-31 06:48:22+00:00,
jorgechato/ocho-ninjas,,repo,2023-05-25 10:37:53+00:00,
jorgechato/ocho-ninjas,,repo,2023-04-17 05:49:38+00:00,
jorgechato/ocho-ninjas,,repo,2023-04-17 05:47:36+00:00,
jorgechato/ocho-ninjas,,repo,2023-04-17 05:47:23+00:00,
jorgechato/ocho-ninjas,,repo,2023-04-17 05:47:05+00:00,
jorgechato/ocho-ninjas,,repo,2023-04-17 05:28:26+00:00,
jorgechato/ocho-ninjas,,repo,2023-04-17 05:28:12+00:00,
jorgechato/ocho-ninjas,,repo,2023-04-17 05:27:57+00:00,
jorgechato/ocho-ninjas,,repo,2023-04-17 05:27:30+00:00,
jorgechato/ocho-ninjas,,repo,2023-04-17 05:23:30+00:00,
jorgechato/ocho-ninjas,,repo,2023-04-17 01:40:53+00:00,
jorgechato/ocho-ninjas,,repo,2023-04-17 01:40:42+00:00,
jorgechato/ocho-ninjas,,repo,2023-04-17 00:42:25+00:00,
jorgechato/ocho-ninjas,,repo,2023-04-17 00:42:10+00:00,
jorgechato/ocho-ninjas,,repo,2023-04-17 00:41:34+00:00,
jorgechato/ocho-ninjas,,repo,2023-04-17 00:41:18+00:00,
jorgechato/ocho-ninjas,,repo,2023-04-17 00:33:29+00:00,
jorgechato/ocho-ninjas,,repo,2023-04-17 00:33:09+00:00,
jorgechato/ocho-ninjas,,repo,2023-04-17 00:32:31+00:00,
jorgechato/ocho-ninjas,deploy/k8s.yml,hpa_file,2023-04-17 01:40:42+00:00,
jorgechato/ocho-ninjas,deploy/k8s.yml,hpa_file,2023-04-17 00:41:18+00:00,
jstrachan/jx-demo-kube-minio,,repo,2021-05-24 11:45:17+00:00,
jstrachan/jx-demo-kube-minio,,repo,2021-05-24 11:44:40+00:00,
jstrachan/jx-demo-kube-minio,,repo,2021-05-24 11:38:09+00:00,
jstrachan/jx-demo-kube-minio,,repo,2021-05-24 11:37:30+00:00,
jstrachan/jx-demo-kube-minio,,repo,2021-05-24 11:37:25+00:00,
jstrachan/jx-demo-kube-minio,,repo,2021-05-24 11:36:15+00:00,
jstrachan/jx-demo-kube-minio,,repo,2021-05-24 11:36:00+00:00,
jstrachan/jx-demo-kube-minio,,repo,2021-05-24 11:35:42+00:00,
jstrachan/jx-demo-kube-minio,,repo,2021-05-24 11:34:13+00:00,
jstrachan/jx-demo-kube-minio,,repo,2021-05-24 11:18:10+00:00,
jstrachan/jx-demo-kube-minio,,repo,2021-05-24 11:16:35+00:00,
jstrachan/jx-demo-kube-minio,,repo,2021-05-24 11:14:03+00:00,
jstrachan/jx-demo-kube-minio,,repo,2021-05-24 11:13:17+00:00,
jstrachan/jx-demo-kube-minio,,repo,2021-05-24 11:06:43+00:00,
jstrachan/jx-demo-kube-minio,config-root/namespaces/tekton-pipelines/tekton-pipeline/tekton-pipelines-webhook-horizontalpodautoscaler.yaml,hpa_file,2021-05-24 11:37:30+00:00,
jstrachan/jx-demo-kube-minio,config-root/namespaces/tekton-pipelines/tekton-pipeline/tekton-pipelines-webhook-horizontalpodautoscaler.yaml,hpa_file,2021-05-24 11:36:00+00:00,
jstrachan/jx-demo-kube-minio,config-root/namespaces/tekton-pipelines/tekton-pipeline/tekton-pipelines-webhook-horizontalpodautoscaler.yaml,hpa_file,2021-05-24 11:13:17+00:00,
leadwithnav/Kubernetes_Fundamentals,,repo,2023-12-05 15:17:47+00:00,
leadwithnav/Kubernetes_Fundamentals,,repo,2023-03-06 08:32:22+00:00,
leadwithnav/Kubernetes_Fundamentals,,repo,2023-03-05 19:46:16+00:00,
leadwithnav/Kubernetes_Fundamentals,,repo,2023-03-05 19:44:18+00:00,
leadwithnav/Kubernetes_Fundamentals,,repo,2023-03-05 19:40:52+00:00,
leadwithnav/Kubernetes_Fundamentals,,repo,2022-04-19 09:30:41+00:00,
leadwithnav/Kubernetes_Fundamentals,,repo,2022-04-19 09:15:01+00:00,
leadwithnav/Kubernetes_Fundamentals,,repo,2022-04-19 09:06:44+00:00,
leadwithnav/Kubernetes_Fundamentals,,repo,2022-04-12 12:48:14+00:00,
leadwithnav/Kubernetes_Fundamentals,,repo,2022-04-12 06:50:49+00:00,
leadwithnav/Kubernetes_Fundamentals,,repo,2022-04-12 06:46:51+00:00,
leadwithnav/Kubernetes_Fundamentals,,repo,2022-04-12 06:40:58+00:00,
leadwithnav/Kubernetes_Fundamentals,,repo,2022-04-12 06:15:11+00:00,
leadwithnav/Kubernetes_Fundamentals,,repo,2022-04-12 06:01:09+00:00,
leadwithnav/Kubernetes_Fundamentals,,repo,2022-04-12 05:59:46+00:00,
leadwithnav/Kubernetes_Fundamentals,,repo,2022-04-12 05:54:36+00:00,
leadwithnav/Kubernetes_Fundamentals,,repo,2022-04-07 05:20:52+00:00,
leadwithnav/Kubernetes_Fundamentals,,repo,2022-04-07 05:18:50+00:00,
leadwithnav/Kubernetes_Fundamentals,,repo,2022-04-07 05:17:05+00:00,
leadwithnav/Kubernetes_Fundamentals,,repo,2022-03-28 11:44:16+00:00,
leadwithnav/Kubernetes_Fundamentals,,repo,2022-03-28 11:44:00+00:00,
leadwithnav/Kubernetes_Fundamentals,,repo,2022-02-21 04:56:56+00:00,
leadwithnav/Kubernetes_Fundamentals,,repo,2022-01-28 22:13:12+00:00,
leadwithnav/Kubernetes_Fundamentals,,repo,2022-01-28 19:03:59+00:00,
leadwithnav/Kubernetes_Fundamentals,,repo,2022-01-28 13:09:33+00:00,
leadwithnav/Kubernetes_Fundamentals,,repo,2022-01-28 12:28:10+00:00,
leadwithnav/Kubernetes_Fundamentals,,repo,2022-01-28 12:24:10+00:00,
leadwithnav/Kubernetes_Fundamentals,,repo,2022-01-28 12:13:37+00:00,
leadwithnav/Kubernetes_Fundamentals,,repo,2022-01-28 10:53:18+00:00,
leadwithnav/Kubernetes_Fundamentals,,repo,2022-01-28 09:55:18+00:00,
leadwithnav/Kubernetes_Fundamentals,,repo,2022-01-28 09:02:36+00:00,
leadwithnav/Kubernetes_Fundamentals,,repo,2022-01-28 09:01:38+00:00,
leadwithnav/Kubernetes_Fundamentals,,repo,2022-01-27 21:47:24+00:00,
leadwithnav/Kubernetes_Fundamentals,,repo,2022-01-27 21:39:51+00:00,
leadwithnav/Kubernetes_Fundamentals,,repo,2022-01-27 21:12:29+00:00,
leadwithnav/Kubernetes_Fundamentals,,repo,2022-01-27 21:10:42+00:00,
leadwithnav/Kubernetes_Fundamentals,,repo,2022-01-27 20:22:24+00:00,
leadwithnav/Kubernetes_Fundamentals,,repo,2022-01-27 18:51:22+00:00,
leadwithnav/Kubernetes_Fundamentals,,repo,2022-01-27 18:44:15+00:00,
leadwithnav/Kubernetes_Fundamentals,,repo,2022-01-27 18:27:27+00:00,
leadwithnav/Kubernetes_Fundamentals,,repo,2022-01-27 18:10:37+00:00,
leadwithnav/Kubernetes_Fundamentals,,repo,2022-01-27 13:40:38+00:00,
leadwithnav/Kubernetes_Fundamentals,,repo,2022-01-27 10:37:37+00:00,
leadwithnav/Kubernetes_Fundamentals,,repo,2022-01-26 13:16:27+00:00,
leadwithnav/Kubernetes_Fundamentals,,repo,2022-01-26 09:36:56+00:00,
leadwithnav/Kubernetes_Fundamentals,,repo,2022-01-25 11:17:26+00:00,
leadwithnav/Kubernetes_Fundamentals,,repo,2022-01-11 17:08:24+00:00,
leadwithnav/Kubernetes_Fundamentals,,repo,2022-01-11 13:41:29+00:00,
leadwithnav/Kubernetes_Fundamentals,,repo,2022-01-11 13:39:40+00:00,
leadwithnav/Kubernetes_Fundamentals,,repo,2022-01-11 13:33:04+00:00,
leadwithnav/Kubernetes_Fundamentals,,repo,2022-01-11 12:57:47+00:00,
leadwithnav/Kubernetes_Fundamentals,,repo,2022-01-11 12:56:24+00:00,
leadwithnav/Kubernetes_Fundamentals,,repo,2022-01-07 13:52:55+00:00,
leadwithnav/Kubernetes_Fundamentals,,repo,2022-01-07 13:28:28+00:00,
leadwithnav/Kubernetes_Fundamentals,,repo,2022-01-07 11:12:17+00:00,
leadwithnav/Kubernetes_Fundamentals,,repo,2022-01-07 10:31:35+00:00,
leadwithnav/Kubernetes_Fundamentals,,repo,2022-01-07 10:28:21+00:00,
leadwithnav/Kubernetes_Fundamentals,,repo,2022-01-07 10:27:36+00:00,
leadwithnav/Kubernetes_Fundamentals,,repo,2022-01-07 08:30:04+00:00,
leadwithnav/Kubernetes_Fundamentals,,repo,2022-01-07 07:22:41+00:00,
leadwithnav/Kubernetes_Fundamentals,,repo,2022-01-07 07:22:20+00:00,
leadwithnav/Kubernetes_Fundamentals,,repo,2022-01-07 07:20:52+00:00,
leadwithnav/Kubernetes_Fundamentals,,repo,2022-01-07 07:13:15+00:00,
leadwithnav/Kubernetes_Fundamentals,,repo,2022-01-07 06:51:37+00:00,
leadwithnav/Kubernetes_Fundamentals,,repo,2022-01-07 06:43:21+00:00,
leadwithnav/Kubernetes_Fundamentals,,repo,2022-01-06 20:27:32+00:00,
leadwithnav/Kubernetes_Fundamentals,,repo,2022-01-06 16:48:35+00:00,
leadwithnav/Kubernetes_Fundamentals,,repo,2022-01-06 13:33:51+00:00,
leadwithnav/Kubernetes_Fundamentals,,repo,2022-01-06 10:19:25+00:00,
leadwithnav/Kubernetes_Fundamentals,,repo,2022-01-06 10:18:28+00:00,
leadwithnav/Kubernetes_Fundamentals,,repo,2022-01-06 10:15:24+00:00,
leadwithnav/Kubernetes_Fundamentals,,repo,2022-01-06 10:07:27+00:00,
leadwithnav/Kubernetes_Fundamentals,,repo,2022-01-06 09:53:19+00:00,
leadwithnav/Kubernetes_Fundamentals,,repo,2022-01-06 09:50:34+00:00,
leadwithnav/Kubernetes_Fundamentals,,repo,2022-01-06 09:45:53+00:00,
leadwithnav/Kubernetes_Fundamentals,,repo,2022-01-06 09:33:55+00:00,
leadwithnav/Kubernetes_Fundamentals,,repo,2022-01-06 09:26:35+00:00,
leadwithnav/Kubernetes_Fundamentals,,repo,2022-01-05 12:24:54+00:00,
leadwithnav/Kubernetes_Fundamentals,,repo,2022-01-05 08:06:37+00:00,
leadwithnav/Kubernetes_Fundamentals,,repo,2022-01-04 10:04:25+00:00,
leadwithnav/Kubernetes_Fundamentals,,repo,2022-01-04 10:01:17+00:00,
leadwithnav/Kubernetes_Fundamentals,,repo,2022-01-04 09:43:57+00:00,
leadwithnav/Kubernetes_Fundamentals,,repo,2022-01-04 09:35:59+00:00,
leadwithnav/Kubernetes_Fundamentals,,repo,2022-01-04 09:22:39+00:00,
leadwithnav/Kubernetes_Fundamentals,,repo,2022-01-04 04:15:14+00:00,
leadwithnav/Kubernetes_Fundamentals,,repo,2022-01-03 09:40:20+00:00,
leadwithnav/Kubernetes_Fundamentals,,repo,2022-01-03 09:36:12+00:00,
leadwithnav/Kubernetes_Fundamentals,,repo,2022-01-03 09:26:32+00:00,
leadwithnav/Kubernetes_Fundamentals,,repo,2022-01-03 09:04:59+00:00,
leadwithnav/Kubernetes_Fundamentals,,repo,2022-01-03 09:01:39+00:00,
leadwithnav/Kubernetes_Fundamentals,,repo,2022-01-02 18:23:22+00:00,
leadwithnav/Kubernetes_Fundamentals,,repo,2022-01-02 11:27:57+00:00,
leadwithnav/Kubernetes_Fundamentals,,repo,2022-01-02 11:20:32+00:00,
leadwithnav/Kubernetes_Fundamentals,,repo,2022-01-02 11:13:29+00:00,
leadwithnav/Kubernetes_Fundamentals,,repo,2022-01-02 08:10:16+00:00,
leadwithnav/Kubernetes_Fundamentals,,repo,2022-01-02 07:52:20+00:00,
leadwithnav/Kubernetes_Fundamentals,,repo,2022-01-02 07:49:01+00:00,
leadwithnav/Kubernetes_Fundamentals,,repo,2022-01-02 07:37:38+00:00,
leadwithnav/Kubernetes_Fundamentals,,repo,2022-01-02 07:32:24+00:00,
leadwithnav/Kubernetes_Fundamentals,,repo,2022-01-02 07:28:53+00:00,
leadwithnav/Kubernetes_Fundamentals,,repo,2022-01-02 07:24:39+00:00,
leadwithnav/Kubernetes_Fundamentals,,repo,2022-01-02 07:23:55+00:00,
leadwithnav/Kubernetes_Fundamentals,,repo,2022-01-02 07:21:36+00:00,
leadwithnav/Kubernetes_Fundamentals,,repo,2022-01-02 07:18:36+00:00,
leadwithnav/Kubernetes_Fundamentals,,repo,2022-01-02 07:14:32+00:00,
leadwithnav/Kubernetes_Fundamentals,,repo,2022-01-02 07:11:26+00:00,
leadwithnav/Kubernetes_Fundamentals,,repo,2022-01-02 07:08:35+00:00,
leadwithnav/Kubernetes_Fundamentals,,repo,2022-01-02 07:07:48+00:00,
leadwithnav/Kubernetes_Fundamentals,,repo,2022-01-02 07:06:53+00:00,
leadwithnav/Kubernetes_Fundamentals,,repo,2022-01-02 07:02:13+00:00,
leadwithnav/Kubernetes_Fundamentals,,repo,2022-01-02 07:00:18+00:00,
leadwithnav/Kubernetes_Fundamentals,,repo,2022-01-02 06:57:25+00:00,
leadwithnav/Kubernetes_Fundamentals,,repo,2022-01-02 06:53:52+00:00,
leadwithnav/Kubernetes_Fundamentals,,repo,2022-01-02 06:44:49+00:00,
leadwithnav/Kubernetes_Fundamentals,,repo,2022-01-02 06:35:38+00:00,
leadwithnav/Kubernetes_Fundamentals,,repo,2022-01-02 06:33:31+00:00,
leadwithnav/Kubernetes_Fundamentals,,repo,2022-01-02 06:26:31+00:00,
leadwithnav/Kubernetes_Fundamentals,,repo,2022-01-02 06:24:46+00:00,
leadwithnav/Kubernetes_Fundamentals,,repo,2022-01-01 15:49:12+00:00,
leadwithnav/Kubernetes_Fundamentals,,repo,2022-01-01 15:48:06+00:00,
leadwithnav/Kubernetes_Fundamentals,,repo,2022-01-01 15:46:20+00:00,
leadwithnav/Kubernetes_Fundamentals,,repo,2022-01-01 15:19:57+00:00,
leadwithnav/Kubernetes_Fundamentals,,repo,2022-01-01 10:33:32+00:00,
leadwithnav/Kubernetes_Fundamentals,,repo,2022-01-01 10:28:14+00:00,
leadwithnav/Kubernetes_Fundamentals,,repo,2022-01-01 10:27:36+00:00,
leadwithnav/Kubernetes_Fundamentals,,repo,2022-01-01 10:25:28+00:00,
leadwithnav/Kubernetes_Fundamentals,,repo,2022-01-01 10:23:56+00:00,
leadwithnav/Kubernetes_Fundamentals,,repo,2022-01-01 10:22:48+00:00,
leadwithnav/Kubernetes_Fundamentals,,repo,2022-01-01 10:19:58+00:00,
leadwithnav/Kubernetes_Fundamentals,,repo,2022-01-01 09:44:23+00:00,
leadwithnav/Kubernetes_Fundamentals,,repo,2021-12-31 05:45:09+00:00,
leadwithnav/Kubernetes_Fundamentals,,repo,2021-12-29 07:15:00+00:00,
leadwithnav/Kubernetes_Fundamentals,,repo,2021-12-29 07:12:22+00:00,
leadwithnav/Kubernetes_Fundamentals,,repo,2021-12-29 06:59:26+00:00,
leadwithnav/Kubernetes_Fundamentals,,repo,2021-12-28 10:24:41+00:00,
leadwithnav/Kubernetes_Fundamentals,,repo,2021-12-28 10:23:37+00:00,
leadwithnav/Kubernetes_Fundamentals,,repo,2021-12-28 10:22:35+00:00,
leadwithnav/Kubernetes_Fundamentals,,repo,2021-12-28 10:21:28+00:00,
leadwithnav/Kubernetes_Fundamentals,,repo,2021-12-28 10:20:29+00:00,
leadwithnav/Kubernetes_Fundamentals,,repo,2021-12-28 10:19:41+00:00,
leadwithnav/Kubernetes_Fundamentals,,repo,2021-12-28 10:16:38+00:00,
leadwithnav/Kubernetes_Fundamentals,,repo,2021-12-28 10:14:20+00:00,
leadwithnav/Kubernetes_Fundamentals,,repo,2021-12-28 10:12:41+00:00,
leadwithnav/Kubernetes_Fundamentals,,repo,2021-12-28 09:45:02+00:00,
leadwithnav/Kubernetes_Fundamentals,,repo,2021-12-28 09:44:13+00:00,
leadwithnav/Kubernetes_Fundamentals,,repo,2021-12-28 09:42:05+00:00,
leadwithnav/Kubernetes_Fundamentals,,repo,2021-12-28 09:37:10+00:00,
leadwithnav/Kubernetes_Fundamentals,,repo,2021-12-28 09:34:35+00:00,
leadwithnav/Kubernetes_Fundamentals,,repo,2021-12-28 09:33:15+00:00,
leadwithnav/Kubernetes_Fundamentals,,repo,2021-12-28 07:07:45+00:00,
leadwithnav/Kubernetes_Fundamentals,,repo,2021-12-28 07:05:51+00:00,
leadwithnav/Kubernetes_Fundamentals,,repo,2021-12-28 07:01:55+00:00,
leadwithnav/Kubernetes_Fundamentals,,repo,2021-12-28 07:00:25+00:00,
leadwithnav/Kubernetes_Fundamentals,,repo,2021-12-28 06:43:48+00:00,
leadwithnav/Kubernetes_Fundamentals,,repo,2021-12-28 06:35:42+00:00,
leadwithnav/Kubernetes_Fundamentals,,repo,2021-12-27 18:29:57+00:00,
leadwithnav/Kubernetes_Fundamentals,,repo,2021-12-27 18:27:59+00:00,
leadwithnav/Kubernetes_Fundamentals,,repo,2021-12-27 10:40:28+00:00,
leadwithnav/Kubernetes_Fundamentals,,repo,2021-12-27 10:39:58+00:00,
leadwithnav/Kubernetes_Fundamentals,,repo,2021-12-27 10:36:48+00:00,
leadwithnav/Kubernetes_Fundamentals,,repo,2021-12-24 17:26:59+00:00,
leadwithnav/Kubernetes_Fundamentals,,repo,2021-12-24 05:47:24+00:00,
leadwithnav/Kubernetes_Fundamentals,,repo,2021-12-23 10:14:31+00:00,
leadwithnav/Kubernetes_Fundamentals,,repo,2021-12-23 06:07:44+00:00,
leadwithnav/Kubernetes_Fundamentals,,repo,2021-12-23 05:10:23+00:00,
leadwithnav/Kubernetes_Fundamentals,,repo,2021-12-23 05:08:49+00:00,
leadwithnav/Kubernetes_Fundamentals,,repo,2021-12-23 05:02:24+00:00,
leadwithnav/Kubernetes_Fundamentals,,repo,2021-12-22 06:18:40+00:00,
leadwithnav/Kubernetes_Fundamentals,,repo,2021-12-22 05:06:30+00:00,
leadwithnav/Kubernetes_Fundamentals,,repo,2021-12-22 04:54:02+00:00,
leadwithnav/Kubernetes_Fundamentals,,repo,2021-12-22 04:43:23+00:00,
leadwithnav/Kubernetes_Fundamentals,,repo,2021-12-21 18:31:13+00:00,
leadwithnav/Kubernetes_Fundamentals,,repo,2021-12-21 16:14:31+00:00,
leadwithnav/Kubernetes_Fundamentals,,repo,2021-12-21 15:46:29+00:00,
leadwithnav/Kubernetes_Fundamentals,,repo,2021-12-21 15:45:08+00:00,
leadwithnav/Kubernetes_Fundamentals,,repo,2021-12-21 13:40:51+00:00,
leadwithnav/Kubernetes_Fundamentals,,repo,2021-12-21 13:34:57+00:00,
leadwithnav/Kubernetes_Fundamentals,,repo,2021-12-21 13:33:22+00:00,
leadwithnav/Kubernetes_Fundamentals,,repo,2021-12-21 13:26:56+00:00,
leadwithnav/Kubernetes_Fundamentals,,repo,2021-12-21 11:27:06+00:00,
leadwithnav/Kubernetes_Fundamentals,,repo,2021-12-21 09:13:25+00:00,
leadwithnav/Kubernetes_Fundamentals,,repo,2021-12-21 06:34:45+00:00,
leadwithnav/Kubernetes_Fundamentals,,repo,2021-12-21 06:21:08+00:00,
leadwithnav/Kubernetes_Fundamentals,,repo,2021-12-21 06:08:54+00:00,
leadwithnav/Kubernetes_Fundamentals,,repo,2021-12-21 06:06:37+00:00,
leadwithnav/Kubernetes_Fundamentals,,repo,2021-12-21 05:59:59+00:00,
leadwithnav/Kubernetes_Fundamentals,,repo,2021-12-21 05:42:20+00:00,
leadwithnav/Kubernetes_Fundamentals,,repo,2021-12-20 18:27:16+00:00,
leadwithnav/Kubernetes_Fundamentals,,repo,2021-12-20 17:48:12+00:00,
leadwithnav/Kubernetes_Fundamentals,,repo,2021-12-20 17:41:23+00:00,
leadwithnav/Kubernetes_Fundamentals,,repo,2021-12-20 11:19:44+00:00,
leadwithnav/Kubernetes_Fundamentals,,repo,2021-12-20 10:59:14+00:00,
leadwithnav/Kubernetes_Fundamentals,,repo,2021-12-20 08:36:10+00:00,
leadwithnav/Kubernetes_Fundamentals,,repo,2021-12-20 08:28:11+00:00,
leadwithnav/Kubernetes_Fundamentals,,repo,2021-12-20 08:16:03+00:00,
leadwithnav/Kubernetes_Fundamentals,,repo,2021-12-20 07:56:34+00:00,
leadwithnav/Kubernetes_Fundamentals,,repo,2021-12-20 07:45:43+00:00,
leadwithnav/Kubernetes_Fundamentals,,repo,2021-12-20 07:42:19+00:00,
leadwithnav/Kubernetes_Fundamentals,,repo,2021-12-20 07:22:24+00:00,
leadwithnav/Kubernetes_Fundamentals,,repo,2021-12-20 07:20:11+00:00,
leadwithnav/Kubernetes_Fundamentals,k8s_operations/hpa/autoscale.yaml,hpa_file,2022-01-11 12:56:24+00:00,
ryderdamen/the_office_chat_bot,kubernetes/hpa.yaml,hpa_file,2019-04-18 03:36:13+00:00,
HugoPfeffer/docker-kubernetes,kubernetes/horizontal-pod-autoscaler/portal-noticias-hpa.yml,hpa_file,2020-10-25 13:18:08+00:00,
CemalUnal/cloud-native-application-development-workshop,sample-app-kubernetes-manifests/3-backend.yaml,hpa_file,2020-03-29 21:38:19+00:00,
molinalucas/kubernetes-alura-digitalocean,,repo,2022-08-15 21:02:45+00:00,
molinalucas/kubernetes-alura-digitalocean,,repo,2022-08-13 21:06:36+00:00,
molinalucas/kubernetes-alura-digitalocean,,repo,2022-08-13 21:06:05+00:00,
molinalucas/kubernetes-alura-digitalocean,hpa.yaml,hpa_file,2022-08-13 21:06:05+00:00,
sabya14/Spark-On-Kubernetes,k8s/spark-worker-hpa.yml,hpa_file,2020-06-08 17:45:32+00:00,
desmax74/openshift-handbook,,repo,2022-07-21 10:00:57+00:00,
desmax74/openshift-handbook,,repo,2022-04-20 15:08:23+00:00,
desmax74/openshift-handbook,,repo,2022-04-20 15:07:31+00:00,
desmax74/openshift-handbook,,repo,2022-04-20 15:05:43+00:00,
desmax74/openshift-handbook,,repo,2022-04-08 11:18:23+00:00,
desmax74/openshift-handbook,,repo,2021-11-02 22:17:04+00:00,
desmax74/openshift-handbook,,repo,2021-11-02 22:16:46+00:00,
desmax74/openshift-handbook,,repo,2021-10-19 09:53:24+00:00,
desmax74/openshift-handbook,,repo,2021-08-30 18:57:07+00:00,
desmax74/openshift-handbook,,repo,2021-08-26 20:28:20+00:00,
desmax74/openshift-handbook,,repo,2021-08-26 20:27:58+00:00,
desmax74/openshift-handbook,,repo,2021-07-19 13:18:17+00:00,
desmax74/openshift-handbook,,repo,2021-07-19 09:26:07+00:00,
desmax74/openshift-handbook,,repo,2021-05-11 21:10:36+00:00,
desmax74/openshift-handbook,,repo,2021-05-11 21:08:58+00:00,
desmax74/openshift-handbook,,repo,2021-05-11 21:08:41+00:00,
desmax74/openshift-handbook,,repo,2021-05-10 21:20:27+00:00,
desmax74/openshift-handbook,,repo,2021-05-10 21:18:27+00:00,
desmax74/openshift-handbook,scripts/knative/serving.yaml,hpa_file,2019-02-12 11:41:09+00:00,
Topten1004/JwtToken-WebAPI,,repo,2023-02-10 19:40:23+00:00,
Topten1004/JwtToken-WebAPI,,repo,2023-02-10 19:35:32+00:00,
Topten1004/JwtToken-WebAPI,SparkTodo/manifests/hpa.yml,hpa_file,2023-02-10 19:40:23+00:00,
eltonsarmanho/Projeto-MEC-Machine-Learing,,repo,2023-03-16 01:56:48+00:00,
eltonsarmanho/Projeto-MEC-Machine-Learing,,repo,2023-03-15 23:54:08+00:00,
eltonsarmanho/Projeto-MEC-Machine-Learing,,repo,2023-03-14 22:15:13+00:00,
eltonsarmanho/Projeto-MEC-Machine-Learing,,repo,2023-03-10 01:27:42+00:00,
eltonsarmanho/Projeto-MEC-Machine-Learing,,repo,2023-03-04 02:13:07+00:00,
eltonsarmanho/Projeto-MEC-Machine-Learing,,repo,2023-03-04 02:11:56+00:00,
eltonsarmanho/Projeto-MEC-Machine-Learing,,repo,2023-03-04 02:10:58+00:00,
eltonsarmanho/Projeto-MEC-Machine-Learing,,repo,2023-03-04 02:09:03+00:00,
eltonsarmanho/Projeto-MEC-Machine-Learing,,repo,2023-01-25 20:54:57+00:00,
eltonsarmanho/Projeto-MEC-Machine-Learing,,repo,2023-01-25 20:54:24+00:00,
eltonsarmanho/Projeto-MEC-Machine-Learing,,repo,2023-01-25 20:46:34+00:00,
eltonsarmanho/Projeto-MEC-Machine-Learing,,repo,2023-01-25 20:32:51+00:00,
eltonsarmanho/Projeto-MEC-Machine-Learing,,repo,2023-01-25 20:10:20+00:00,
eltonsarmanho/Projeto-MEC-Machine-Learing,,repo,2023-01-25 02:12:18+00:00,
eltonsarmanho/Projeto-MEC-Machine-Learing,,repo,2023-01-25 02:05:03+00:00,
eltonsarmanho/Projeto-MEC-Machine-Learing,,repo,2023-01-25 01:59:25+00:00,
eltonsarmanho/Projeto-MEC-Machine-Learing,,repo,2023-01-24 21:15:35+00:00,
eltonsarmanho/Projeto-MEC-Machine-Learing,,repo,2023-01-24 18:42:21+00:00,
eltonsarmanho/Projeto-MEC-Machine-Learing,,repo,2023-01-22 02:42:29+00:00,
eltonsarmanho/Projeto-MEC-Machine-Learing,,repo,2023-01-22 02:20:08+00:00,
eltonsarmanho/Projeto-MEC-Machine-Learing,,repo,2023-01-21 19:06:48+00:00,
eltonsarmanho/Projeto-MEC-Machine-Learing,,repo,2023-01-21 18:59:02+00:00,
eltonsarmanho/Projeto-MEC-Machine-Learing,,repo,2023-01-21 18:43:54+00:00,
eltonsarmanho/Projeto-MEC-Machine-Learing,,repo,2023-01-21 18:32:07+00:00,
eltonsarmanho/Projeto-MEC-Machine-Learing,,repo,2023-01-20 22:25:06+00:00,
eltonsarmanho/Projeto-MEC-Machine-Learing,,repo,2023-01-20 22:22:15+00:00,
eltonsarmanho/Projeto-MEC-Machine-Learing,,repo,2023-01-20 22:19:43+00:00,
eltonsarmanho/Projeto-MEC-Machine-Learing,,repo,2023-01-20 22:09:52+00:00,
eltonsarmanho/Projeto-MEC-Machine-Learing,,repo,2023-01-20 22:03:02+00:00,
eltonsarmanho/Projeto-MEC-Machine-Learing,,repo,2023-01-20 15:50:19+00:00,
eltonsarmanho/Projeto-MEC-Machine-Learing,,repo,2023-01-20 12:30:09+00:00,
eltonsarmanho/Projeto-MEC-Machine-Learing,,repo,2023-01-20 00:23:07+00:00,
eltonsarmanho/Projeto-MEC-Machine-Learing,,repo,2023-01-20 00:18:20+00:00,
eltonsarmanho/Projeto-MEC-Machine-Learing,,repo,2022-12-16 14:41:59+00:00,
eltonsarmanho/Projeto-MEC-Machine-Learing,,repo,2022-12-15 23:52:11+00:00,
eltonsarmanho/Projeto-MEC-Machine-Learing,,repo,2022-12-15 23:19:24+00:00,
eltonsarmanho/Projeto-MEC-Machine-Learing,,repo,2022-12-15 16:55:58+00:00,
eltonsarmanho/Projeto-MEC-Machine-Learing,,repo,2022-12-15 03:27:17+00:00,
eltonsarmanho/Projeto-MEC-Machine-Learing,,repo,2022-12-15 03:26:59+00:00,
eltonsarmanho/Projeto-MEC-Machine-Learing,,repo,2022-12-15 01:31:14+00:00,
eltonsarmanho/Projeto-MEC-Machine-Learing,,repo,2022-12-15 01:14:39+00:00,
eltonsarmanho/Projeto-MEC-Machine-Learing,,repo,2022-12-15 01:14:17+00:00,
eltonsarmanho/Projeto-MEC-Machine-Learing,,repo,2022-12-15 00:53:08+00:00,
eltonsarmanho/Projeto-MEC-Machine-Learing,,repo,2022-12-15 00:52:44+00:00,
eltonsarmanho/Projeto-MEC-Machine-Learing,,repo,2022-12-15 00:52:31+00:00,
eltonsarmanho/Projeto-MEC-Machine-Learing,,repo,2022-12-15 00:47:06+00:00,
eltonsarmanho/Projeto-MEC-Machine-Learing,,repo,2022-12-15 00:45:02+00:00,
eltonsarmanho/Projeto-MEC-Machine-Learing,,repo,2022-12-15 00:44:34+00:00,
eltonsarmanho/Projeto-MEC-Machine-Learing,,repo,2022-12-15 00:34:42+00:00,
eltonsarmanho/Projeto-MEC-Machine-Learing,,repo,2022-12-15 00:34:15+00:00,
eltonsarmanho/Projeto-MEC-Machine-Learing,,repo,2022-12-15 00:34:04+00:00,
eltonsarmanho/Projeto-MEC-Machine-Learing,,repo,2022-12-15 00:33:08+00:00,
eltonsarmanho/Projeto-MEC-Machine-Learing,,repo,2022-12-15 00:31:00+00:00,
eltonsarmanho/Projeto-MEC-Machine-Learing,,repo,2022-12-15 00:30:48+00:00,
eltonsarmanho/Projeto-MEC-Machine-Learing,,repo,2022-12-15 00:23:53+00:00,
eltonsarmanho/Projeto-MEC-Machine-Learing,,repo,2022-12-15 00:21:49+00:00,
eltonsarmanho/Projeto-MEC-Machine-Learing,,repo,2022-12-15 00:19:24+00:00,
eltonsarmanho/Projeto-MEC-Machine-Learing,,repo,2022-12-15 00:18:39+00:00,
eltonsarmanho/Projeto-MEC-Machine-Learing,,repo,2022-12-15 00:06:08+00:00,
eltonsarmanho/Projeto-MEC-Machine-Learing,,repo,2022-12-14 23:30:39+00:00,
eltonsarmanho/Projeto-MEC-Machine-Learing,,repo,2022-12-14 20:11:23+00:00,
eltonsarmanho/Projeto-MEC-Machine-Learing,,repo,2022-12-14 18:09:43+00:00,
eltonsarmanho/Projeto-MEC-Machine-Learing,,repo,2022-12-14 04:05:54+00:00,
eltonsarmanho/Projeto-MEC-Machine-Learing,,repo,2022-12-14 03:59:55+00:00,
eltonsarmanho/Projeto-MEC-Machine-Learing,,repo,2022-12-14 03:44:51+00:00,
eltonsarmanho/Projeto-MEC-Machine-Learing,,repo,2022-12-14 03:36:58+00:00,
eltonsarmanho/Projeto-MEC-Machine-Learing,,repo,2022-12-14 03:04:46+00:00,
eltonsarmanho/Projeto-MEC-Machine-Learing,,repo,2022-12-14 03:04:18+00:00,
eltonsarmanho/Projeto-MEC-Machine-Learing,,repo,2022-12-14 02:23:10+00:00,
eltonsarmanho/Projeto-MEC-Machine-Learing,,repo,2022-12-14 02:22:55+00:00,
eltonsarmanho/Projeto-MEC-Machine-Learing,,repo,2022-12-13 23:42:03+00:00,
eltonsarmanho/Projeto-MEC-Machine-Learing,,repo,2022-12-13 16:47:41+00:00,
eltonsarmanho/Projeto-MEC-Machine-Learing,,repo,2022-12-12 15:41:38+00:00,
eltonsarmanho/Projeto-MEC-Machine-Learing,,repo,2022-12-12 15:40:44+00:00,
eltonsarmanho/Projeto-MEC-Machine-Learing,,repo,2022-12-12 14:20:17+00:00,
eltonsarmanho/Projeto-MEC-Machine-Learing,,repo,2022-12-12 03:47:39+00:00,
eltonsarmanho/Projeto-MEC-Machine-Learing,,repo,2022-12-12 03:13:11+00:00,
eltonsarmanho/Projeto-MEC-Machine-Learing,,repo,2022-12-12 02:53:22+00:00,
eltonsarmanho/Projeto-MEC-Machine-Learing,,repo,2022-12-12 02:33:19+00:00,
eltonsarmanho/Projeto-MEC-Machine-Learing,,repo,2022-12-12 01:40:16+00:00,
eltonsarmanho/Projeto-MEC-Machine-Learing,,repo,2022-12-12 01:39:59+00:00,
eltonsarmanho/Projeto-MEC-Machine-Learing,,repo,2022-12-12 01:19:33+00:00,
eltonsarmanho/Projeto-MEC-Machine-Learing,,repo,2022-12-12 00:37:12+00:00,
eltonsarmanho/Projeto-MEC-Machine-Learing,,repo,2022-12-11 22:05:48+00:00,
eltonsarmanho/Projeto-MEC-Machine-Learing,,repo,2022-12-09 23:10:55+00:00,
eltonsarmanho/Projeto-MEC-Machine-Learing,,repo,2022-12-09 23:08:55+00:00,
eltonsarmanho/Projeto-MEC-Machine-Learing,,repo,2022-12-09 23:04:01+00:00,
eltonsarmanho/Projeto-MEC-Machine-Learing,,repo,2022-12-09 22:26:37+00:00,
eltonsarmanho/Projeto-MEC-Machine-Learing,,repo,2022-12-09 04:29:01+00:00,
eltonsarmanho/Projeto-MEC-Machine-Learing,,repo,2022-12-08 22:15:34+00:00,
eltonsarmanho/Projeto-MEC-Machine-Learing,,repo,2022-12-08 22:08:58+00:00,
eltonsarmanho/Projeto-MEC-Machine-Learing,,repo,2022-12-08 21:57:56+00:00,
eltonsarmanho/Projeto-MEC-Machine-Learing,,repo,2022-12-08 21:51:37+00:00,
eltonsarmanho/Projeto-MEC-Machine-Learing,,repo,2022-12-08 20:35:48+00:00,
eltonsarmanho/Projeto-MEC-Machine-Learing,,repo,2022-12-08 18:54:28+00:00,
eltonsarmanho/Projeto-MEC-Machine-Learing,,repo,2022-12-08 18:29:29+00:00,
eltonsarmanho/Projeto-MEC-Machine-Learing,,repo,2022-12-08 18:26:05+00:00,
eltonsarmanho/Projeto-MEC-Machine-Learing,,repo,2022-12-08 18:06:44+00:00,
eltonsarmanho/Projeto-MEC-Machine-Learing,,repo,2022-12-08 17:08:05+00:00,
eltonsarmanho/Projeto-MEC-Machine-Learing,,repo,2022-12-08 15:54:32+00:00,
eltonsarmanho/Projeto-MEC-Machine-Learing,,repo,2022-12-08 15:53:59+00:00,
eltonsarmanho/Projeto-MEC-Machine-Learing,,repo,2022-12-08 15:17:08+00:00,
eltonsarmanho/Projeto-MEC-Machine-Learing,,repo,2022-12-08 15:16:29+00:00,
eltonsarmanho/Projeto-MEC-Machine-Learing,,repo,2022-12-08 14:08:54+00:00,
eltonsarmanho/Projeto-MEC-Machine-Learing,,repo,2022-12-08 13:51:18+00:00,
eltonsarmanho/Projeto-MEC-Machine-Learing,,repo,2022-12-08 13:18:42+00:00,
eltonsarmanho/Projeto-MEC-Machine-Learing,,repo,2022-12-08 03:02:19+00:00,
eltonsarmanho/Projeto-MEC-Machine-Learing,,repo,2022-12-08 03:01:14+00:00,
eltonsarmanho/Projeto-MEC-Machine-Learing,,repo,2022-12-08 01:54:44+00:00,
eltonsarmanho/Projeto-MEC-Machine-Learing,,repo,2022-12-08 01:30:03+00:00,
eltonsarmanho/Projeto-MEC-Machine-Learing,,repo,2022-12-08 01:18:18+00:00,
eltonsarmanho/Projeto-MEC-Machine-Learing,,repo,2022-12-08 01:17:09+00:00,
eltonsarmanho/Projeto-MEC-Machine-Learing,,repo,2022-12-08 01:11:43+00:00,
eltonsarmanho/Projeto-MEC-Machine-Learing,,repo,2022-12-08 01:11:24+00:00,
eltonsarmanho/Projeto-MEC-Machine-Learing,,repo,2022-12-08 01:01:35+00:00,
eltonsarmanho/Projeto-MEC-Machine-Learing,,repo,2022-12-08 01:00:51+00:00,
eltonsarmanho/Projeto-MEC-Machine-Learing,,repo,2022-12-08 00:41:18+00:00,
eltonsarmanho/Projeto-MEC-Machine-Learing,,repo,2022-12-08 00:39:57+00:00,
eltonsarmanho/Projeto-MEC-Machine-Learing,,repo,2022-12-07 20:15:44+00:00,
eltonsarmanho/Projeto-MEC-Machine-Learing,,repo,2022-12-07 17:38:17+00:00,
eltonsarmanho/Projeto-MEC-Machine-Learing,,repo,2022-12-07 02:37:34+00:00,
eltonsarmanho/Projeto-MEC-Machine-Learing,,repo,2022-12-07 02:39:33+00:00,
eltonsarmanho/Projeto-MEC-Machine-Learing,,repo,2022-12-07 02:36:57+00:00,
eltonsarmanho/Projeto-MEC-Machine-Learing,,repo,2022-12-07 02:21:06+00:00,
eltonsarmanho/Projeto-MEC-Machine-Learing,,repo,2022-12-07 01:58:55+00:00,
eltonsarmanho/Projeto-MEC-Machine-Learing,,repo,2022-12-07 01:38:33+00:00,
eltonsarmanho/Projeto-MEC-Machine-Learing,,repo,2022-12-07 01:28:30+00:00,
eltonsarmanho/Projeto-MEC-Machine-Learing,,repo,2022-12-07 01:17:11+00:00,
eltonsarmanho/Projeto-MEC-Machine-Learing,,repo,2022-12-07 01:17:05+00:00,
eltonsarmanho/Projeto-MEC-Machine-Learing,,repo,2022-12-07 01:14:57+00:00,
eltonsarmanho/Projeto-MEC-Machine-Learing,,repo,2022-12-07 01:14:48+00:00,
eltonsarmanho/Projeto-MEC-Machine-Learing,,repo,2022-12-06 23:48:48+00:00,
eltonsarmanho/Projeto-MEC-Machine-Learing,,repo,2022-12-06 23:46:22+00:00,
eltonsarmanho/Projeto-MEC-Machine-Learing,,repo,2022-12-06 23:27:24+00:00,
eltonsarmanho/Projeto-MEC-Machine-Learing,,repo,2022-12-06 23:14:59+00:00,
eltonsarmanho/Projeto-MEC-Machine-Learing,,repo,2022-12-06 23:13:50+00:00,
eltonsarmanho/Projeto-MEC-Machine-Learing,,repo,2022-12-06 23:12:36+00:00,
eltonsarmanho/Projeto-MEC-Machine-Learing,,repo,2022-12-06 23:02:54+00:00,
eltonsarmanho/Projeto-MEC-Machine-Learing,,repo,2022-12-06 22:58:40+00:00,
eltonsarmanho/Projeto-MEC-Machine-Learing,,repo,2022-12-06 22:45:46+00:00,
eltonsarmanho/Projeto-MEC-Machine-Learing,,repo,2022-12-06 22:44:37+00:00,
eltonsarmanho/Projeto-MEC-Machine-Learing,,repo,2022-12-06 22:15:29+00:00,
eltonsarmanho/Projeto-MEC-Machine-Learing,,repo,2022-12-06 22:02:47+00:00,
eltonsarmanho/Projeto-MEC-Machine-Learing,,repo,2022-12-06 22:02:15+00:00,
eltonsarmanho/Projeto-MEC-Machine-Learing,,repo,2022-12-06 21:25:24+00:00,
eltonsarmanho/Projeto-MEC-Machine-Learing,,repo,2022-12-06 21:25:17+00:00,
eltonsarmanho/Projeto-MEC-Machine-Learing,,repo,2022-12-06 21:22:37+00:00,
eltonsarmanho/Projeto-MEC-Machine-Learing,,repo,2022-12-06 18:32:34+00:00,
eltonsarmanho/Projeto-MEC-Machine-Learing,,repo,2022-12-06 18:13:16+00:00,
eltonsarmanho/Projeto-MEC-Machine-Learing,,repo,2022-12-06 17:23:50+00:00,
eltonsarmanho/Projeto-MEC-Machine-Learing,,repo,2022-12-06 16:48:50+00:00,
eltonsarmanho/Projeto-MEC-Machine-Learing,,repo,2022-12-05 11:36:42+00:00,
eltonsarmanho/Projeto-MEC-Machine-Learing,,repo,2022-12-05 02:51:00+00:00,
eltonsarmanho/Projeto-MEC-Machine-Learing,,repo,2022-12-05 02:50:23+00:00,
eltonsarmanho/Projeto-MEC-Machine-Learing,,repo,2022-12-01 21:30:14+00:00,
eltonsarmanho/Projeto-MEC-Machine-Learing,,repo,2022-12-01 20:51:51+00:00,
eltonsarmanho/Projeto-MEC-Machine-Learing,,repo,2022-11-21 21:00:09+00:00,
eltonsarmanho/Projeto-MEC-Machine-Learing,,repo,2022-11-21 20:50:04+00:00,
eltonsarmanho/Projeto-MEC-Machine-Learing,,repo,2022-11-21 20:43:50+00:00,
eltonsarmanho/Projeto-MEC-Machine-Learing,,repo,2022-11-21 20:43:32+00:00,
eltonsarmanho/Projeto-MEC-Machine-Learing,,repo,2022-11-21 20:15:57+00:00,
eltonsarmanho/Projeto-MEC-Machine-Learing,,repo,2022-11-21 16:19:09+00:00,
eltonsarmanho/Projeto-MEC-Machine-Learing,,repo,2022-11-21 16:13:26+00:00,
eltonsarmanho/Projeto-MEC-Machine-Learing,,repo,2022-11-21 14:40:39+00:00,
eltonsarmanho/Projeto-MEC-Machine-Learing,,repo,2022-11-21 14:34:51+00:00,
eltonsarmanho/Projeto-MEC-Machine-Learing,,repo,2022-11-21 20:15:57+00:00,
eltonsarmanho/Projeto-MEC-Machine-Learing,,repo,2022-11-18 20:07:43+00:00,
eltonsarmanho/Projeto-MEC-Machine-Learing,,repo,2022-11-21 16:19:09+00:00,
eltonsarmanho/Projeto-MEC-Machine-Learing,,repo,2022-11-21 16:13:26+00:00,
eltonsarmanho/Projeto-MEC-Machine-Learing,,repo,2022-11-21 14:40:39+00:00,
eltonsarmanho/Projeto-MEC-Machine-Learing,,repo,2022-11-21 14:34:51+00:00,
eltonsarmanho/Projeto-MEC-Machine-Learing,,repo,2022-11-21 14:13:27+00:00,
eltonsarmanho/Projeto-MEC-Machine-Learing,,repo,2022-11-18 20:42:36+00:00,
eltonsarmanho/Projeto-MEC-Machine-Learing,,repo,2022-11-18 20:42:36+00:00,
eltonsarmanho/Projeto-MEC-Machine-Learing,,repo,2022-11-18 20:07:43+00:00,
eltonsarmanho/Projeto-MEC-Machine-Learing,,repo,2022-11-18 18:43:21+00:00,
eltonsarmanho/Projeto-MEC-Machine-Learing,,repo,2022-11-18 14:01:59+00:00,
eltonsarmanho/Projeto-MEC-Machine-Learing,,repo,2022-11-07 04:38:57+00:00,
eltonsarmanho/Projeto-MEC-Machine-Learing,,repo,2022-11-07 03:15:38+00:00,
eltonsarmanho/Projeto-MEC-Machine-Learing,,repo,2022-11-06 20:41:07+00:00,
eltonsarmanho/Projeto-MEC-Machine-Learing,,repo,2022-10-24 19:34:37+00:00,
eltonsarmanho/Projeto-MEC-Machine-Learing,,repo,2022-10-24 18:29:32+00:00,
eltonsarmanho/Projeto-MEC-Machine-Learing,,repo,2022-10-24 18:24:02+00:00,
eltonsarmanho/Projeto-MEC-Machine-Learing,,repo,2022-10-21 05:07:20+00:00,
eltonsarmanho/Projeto-MEC-Machine-Learing,,repo,2022-09-01 02:16:17+00:00,
eltonsarmanho/Projeto-MEC-Machine-Learing,,repo,2022-08-31 18:37:57+00:00,
eltonsarmanho/Projeto-MEC-Machine-Learing,,repo,2022-08-31 15:16:52+00:00,
eltonsarmanho/Projeto-MEC-Machine-Learing,,repo,2022-08-22 19:16:59+00:00,
eltonsarmanho/Projeto-MEC-Machine-Learing,,repo,2022-08-18 14:15:59+00:00,
eltonsarmanho/Projeto-MEC-Machine-Learing,,repo,2022-08-16 05:19:03+00:00,
eltonsarmanho/Projeto-MEC-Machine-Learing,,repo,2022-08-16 03:50:19+00:00,
eltonsarmanho/Projeto-MEC-Machine-Learing,,repo,2022-08-12 20:58:58+00:00,
eltonsarmanho/Projeto-MEC-Machine-Learing,,repo,2022-08-12 20:58:17+00:00,
eltonsarmanho/Projeto-MEC-Machine-Learing,,repo,2022-08-12 20:54:24+00:00,
eltonsarmanho/Projeto-MEC-Machine-Learing,,repo,2022-08-12 20:54:05+00:00,
eltonsarmanho/Projeto-MEC-Machine-Learing,,repo,2022-08-12 14:44:54+00:00,
eltonsarmanho/Projeto-MEC-Machine-Learing,,repo,2022-08-10 10:02:54+00:00,
eltonsarmanho/Projeto-MEC-Machine-Learing,,repo,2022-08-10 09:59:25+00:00,
eltonsarmanho/Projeto-MEC-Machine-Learing,,repo,2022-08-09 15:34:01+00:00,
eltonsarmanho/Projeto-MEC-Machine-Learing,,repo,2022-08-09 15:25:55+00:00,
eltonsarmanho/Projeto-MEC-Machine-Learing,k8s/hpa.yml,hpa_file,2022-12-08 13:51:18+00:00,
bedis/haproxy_prometheus_kubernetes,application-hpa.yaml,hpa_file,2018-06-06 14:33:41+00:00,
Azure-Samples/aks-contoso-ships-sample,kubernetes/frontend.yaml,hpa_file,2020-11-16 22:19:32+00:00,
Azure-Samples/aks-contoso-ships-sample,kubernetes/frontend.yaml,hpa_file,2020-11-16 18:47:59+00:00,
Azure-Samples/aks-contoso-ships-sample,kubernetes/frontend.yaml,hpa_file,2020-10-29 17:31:10+00:00,
pentago/gitops-demo-config,,repo,2022-08-01 10:52:19+00:00,
pentago/gitops-demo-config,,repo,2022-07-28 14:34:47+00:00,
pentago/gitops-demo-config,,repo,2022-07-28 14:34:37+00:00,
pentago/gitops-demo-config,,repo,2022-07-28 14:33:42+00:00,
pentago/gitops-demo-config,,repo,2022-07-28 14:33:11+00:00,
pentago/gitops-demo-config,,repo,2022-07-27 13:02:44+00:00,
pentago/gitops-demo-config,,repo,2022-07-27 12:33:54+00:00,
pentago/gitops-demo-config,,repo,2022-07-25 12:48:44+00:00,
pentago/gitops-demo-config,base/hpa.yaml,hpa_file,2022-07-25 12:48:44+00:00,
will-ondrik/cs_term_project,,repo,2023-12-06 17:53:55+00:00,
will-ondrik/cs_term_project,,repo,2023-12-06 01:41:05+00:00,
will-ondrik/cs_term_project,,repo,2023-12-04 15:26:54+00:00,
will-ondrik/cs_term_project,,repo,2023-12-04 01:43:12+00:00,
will-ondrik/cs_term_project,,repo,2023-12-04 01:33:17+00:00,
will-ondrik/cs_term_project,,repo,2023-12-04 01:17:38+00:00,
will-ondrik/cs_term_project,,repo,2023-12-04 01:11:54+00:00,
will-ondrik/cs_term_project,,repo,2023-12-04 01:05:04+00:00,
will-ondrik/cs_term_project,,repo,2023-12-04 00:52:54+00:00,
will-ondrik/cs_term_project,,repo,2023-12-04 00:47:34+00:00,
will-ondrik/cs_term_project,,repo,2023-12-03 23:36:31+00:00,
will-ondrik/cs_term_project,,repo,2023-12-03 23:33:21+00:00,
will-ondrik/cs_term_project,,repo,2023-12-03 23:29:57+00:00,
will-ondrik/cs_term_project,,repo,2023-12-03 23:20:50+00:00,
will-ondrik/cs_term_project,,repo,2023-12-03 22:27:00+00:00,
will-ondrik/cs_term_project,kubernetes/app-horizontal-deployment.yml,hpa_file,2023-12-06 17:53:55+00:00,
will-ondrik/cs_term_project,kubernetes/app-horizontal-deployment.yml,hpa_file,2023-12-06 01:41:05+00:00,
theabramoff/Portfolio,,repo,2024-04-13 17:06:09+00:00,
theabramoff/Portfolio,,repo,2024-04-13 17:02:47+00:00,
theabramoff/Portfolio,,repo,2024-01-28 23:47:27+00:00,
theabramoff/Portfolio,,repo,2024-01-28 23:40:09+00:00,
theabramoff/Portfolio,,repo,2023-07-04 22:19:38+00:00,
theabramoff/Portfolio,,repo,2023-07-04 22:15:51+00:00,
theabramoff/Portfolio,,repo,2023-07-04 22:04:22+00:00,
theabramoff/Portfolio,,repo,2023-07-03 00:38:15+00:00,
theabramoff/Portfolio,,repo,2023-07-03 00:35:46+00:00,
theabramoff/Portfolio,,repo,2023-07-03 00:34:23+00:00,
theabramoff/Portfolio,,repo,2023-07-03 00:31:36+00:00,
theabramoff/Portfolio,,repo,2023-07-03 00:27:35+00:00,
theabramoff/Portfolio,,repo,2023-06-27 22:07:14+00:00,
theabramoff/Portfolio,,repo,2023-06-05 09:46:24+00:00,
theabramoff/Portfolio,,repo,2023-05-29 09:48:09+00:00,
theabramoff/Portfolio,,repo,2023-05-29 09:45:30+00:00,
theabramoff/Portfolio,,repo,2023-05-29 09:29:42+00:00,
theabramoff/Portfolio,,repo,2023-05-29 09:19:46+00:00,
theabramoff/Portfolio,,repo,2023-05-29 09:18:50+00:00,
theabramoff/Portfolio,,repo,2023-05-29 09:16:52+00:00,
theabramoff/Portfolio,,repo,2023-05-29 09:15:16+00:00,
theabramoff/Portfolio,,repo,2023-05-29 09:06:20+00:00,
theabramoff/Portfolio,,repo,2023-05-29 09:05:55+00:00,
theabramoff/Portfolio,,repo,2023-05-29 09:05:08+00:00,
theabramoff/Portfolio,,repo,2023-05-29 08:59:09+00:00,
theabramoff/Portfolio,,repo,2023-05-29 08:19:04+00:00,
theabramoff/Portfolio,,repo,2023-05-29 08:16:36+00:00,
theabramoff/Portfolio,,repo,2023-05-29 05:49:13+00:00,
theabramoff/Portfolio,,repo,2023-05-25 07:21:28+00:00,
theabramoff/Portfolio,,repo,2023-05-25 07:19:47+00:00,
theabramoff/Portfolio,,repo,2023-05-25 07:16:13+00:00,
theabramoff/Portfolio,,repo,2023-05-25 07:15:26+00:00,
theabramoff/Portfolio,,repo,2023-05-25 07:10:03+00:00,
theabramoff/Portfolio,,repo,2023-05-24 10:31:04+00:00,
theabramoff/Portfolio,,repo,2023-05-22 08:59:18+00:00,
theabramoff/Portfolio,,repo,2023-05-22 08:14:45+00:00,
theabramoff/Portfolio,,repo,2023-05-22 08:14:05+00:00,
theabramoff/Portfolio,,repo,2023-05-16 04:55:09+00:00,
theabramoff/Portfolio,,repo,2023-05-15 07:31:23+00:00,
theabramoff/Portfolio,,repo,2023-05-01 05:35:38+00:00,
theabramoff/Portfolio,,repo,2023-05-01 05:33:56+00:00,
theabramoff/Portfolio,,repo,2023-05-01 05:25:56+00:00,
theabramoff/Portfolio,,repo,2023-05-01 05:19:26+00:00,
theabramoff/Portfolio,,repo,2023-04-17 04:30:28+00:00,
theabramoff/Portfolio,,repo,2023-04-11 10:13:11+00:00,
theabramoff/Portfolio,,repo,2023-04-11 10:04:53+00:00,
theabramoff/Portfolio,,repo,2023-04-03 08:52:51+00:00,
theabramoff/Portfolio,DevOps Projects/sausage-store/sausage-store-infrastructure/kubernetes/backend-report/HorizontalPodAutoscaler.yaml,hpa_file,2023-04-11 10:04:53+00:00,
EmanuelsGiT/University,,repo,2024-02-18 16:02:28+00:00,
EmanuelsGiT/University,,repo,2023-07-09 20:14:53+00:00,
EmanuelsGiT/University,,repo,2023-03-31 00:21:00+00:00,
EmanuelsGiT/University,,repo,2023-03-31 00:17:02+00:00,
EmanuelsGiT/University,,repo,2022-09-13 10:21:26+00:00,
EmanuelsGiT/University,,repo,2022-09-13 10:21:11+00:00,
EmanuelsGiT/University,,repo,2022-09-13 10:20:54+00:00,
EmanuelsGiT/University,,repo,2022-09-13 10:19:43+00:00,
EmanuelsGiT/University,,repo,2022-09-13 10:19:23+00:00,
EmanuelsGiT/University,,repo,2022-06-30 23:24:44+00:00,
EmanuelsGiT/University,,repo,2022-06-12 22:47:35+00:00,
EmanuelsGiT/University,,repo,2022-05-24 14:53:28+00:00,
EmanuelsGiT/University,,repo,2022-05-10 16:18:46+00:00,
EmanuelsGiT/University,,repo,2022-05-04 16:56:11+00:00,
EmanuelsGiT/University,,repo,2022-05-03 17:37:53+00:00,
EmanuelsGiT/University,,repo,2022-05-03 17:33:51+00:00,
EmanuelsGiT/University,,repo,2022-03-14 00:23:09+00:00,
EmanuelsGiT/University,,repo,2022-03-12 16:11:56+00:00,
EmanuelsGiT/University,,repo,2022-03-12 15:57:33+00:00,
EmanuelsGiT/University,,repo,2021-11-30 11:38:30+00:00,
EmanuelsGiT/University,,repo,2021-11-23 21:55:51+00:00,
EmanuelsGiT/University,,repo,2021-11-20 15:32:08+00:00,
EmanuelsGiT/University,,repo,2021-11-20 15:16:15+00:00,
EmanuelsGiT/University,,repo,2021-11-20 15:12:32+00:00,
EmanuelsGiT/University,4ano/ASCN-Project/laravel_app/replication.yml,hpa_file,2024-02-18 16:02:28+00:00,
suhridgupta/K8s-Custom-Scheduler,,repo,2023-10-27 01:33:39+00:00,
suhridgupta/K8s-Custom-Scheduler,,repo,2023-10-27 01:27:11+00:00,
suhridgupta/K8s-Custom-Scheduler,,repo,2023-10-27 01:26:29+00:00,
suhridgupta/K8s-Custom-Scheduler,,repo,2023-10-25 02:05:29+00:00,
suhridgupta/K8s-Custom-Scheduler,,repo,2023-10-25 02:03:47+00:00,
suhridgupta/K8s-Custom-Scheduler,,repo,2023-10-25 01:54:49+00:00,
suhridgupta/K8s-Custom-Scheduler,,repo,2023-10-24 13:36:12+00:00,
suhridgupta/K8s-Custom-Scheduler,,repo,2023-10-24 11:59:16+00:00,
suhridgupta/K8s-Custom-Scheduler,Examples/autoscaling.yaml,hpa_file,2023-10-27 01:26:29+00:00,
suhridgupta/K8s-Custom-Scheduler,Examples/autoscaling.yaml,hpa_file,2023-10-24 13:36:12+00:00,
santosh-burada/FaceRecog-API,,repo,2024-04-29 14:45:16+00:00,
santosh-burada/FaceRecog-API,,repo,2024-04-25 22:54:49+00:00,
santosh-burada/FaceRecog-API,,repo,2024-04-20 04:16:57+00:00,
santosh-burada/FaceRecog-API,,repo,2024-04-17 08:23:19+00:00,
santosh-burada/FaceRecog-API,,repo,2024-04-17 08:18:26+00:00,
santosh-burada/FaceRecog-API,,repo,2024-04-17 08:15:27+00:00,
santosh-burada/FaceRecog-API,,repo,2024-04-14 21:46:28+00:00,
santosh-burada/FaceRecog-API,,repo,2024-04-13 06:44:11+00:00,
santosh-burada/FaceRecog-API,,repo,2024-04-13 05:51:18+00:00,
santosh-burada/FaceRecog-API,,repo,2024-04-13 04:39:44+00:00,
santosh-burada/FaceRecog-API,,repo,2024-04-12 22:26:33+00:00,
santosh-burada/FaceRecog-API,,repo,2024-04-12 22:22:22+00:00,
santosh-burada/FaceRecog-API,,repo,2024-04-12 22:00:37+00:00,
santosh-burada/FaceRecog-API,,repo,2024-04-12 21:15:21+00:00,
santosh-burada/FaceRecog-API,,repo,2024-04-12 21:11:53+00:00,
santosh-burada/FaceRecog-API,,repo,2024-04-12 19:55:08+00:00,
santosh-burada/FaceRecog-API,,repo,2024-04-12 17:07:43+00:00,
santosh-burada/FaceRecog-API,,repo,2024-04-12 16:13:13+00:00,
santosh-burada/FaceRecog-API,,repo,2024-04-12 11:56:40+00:00,
santosh-burada/FaceRecog-API,,repo,2024-04-08 18:22:06+00:00,
santosh-burada/FaceRecog-API,,repo,2024-03-01 11:28:44+00:00,
santosh-burada/FaceRecog-API,,repo,2024-02-08 11:32:49+00:00,
santosh-burada/FaceRecog-API,,repo,2024-02-04 23:36:16+00:00,
santosh-burada/FaceRecog-API,,repo,2023-12-14 04:14:56+00:00,
santosh-burada/FaceRecog-API,,repo,2023-09-07 22:11:29+00:00,
santosh-burada/FaceRecog-API,,repo,2023-09-07 21:26:26+00:00,
santosh-burada/FaceRecog-API,,repo,2023-09-07 07:48:04+00:00,
santosh-burada/FaceRecog-API,,repo,2023-09-02 20:57:38+00:00,
santosh-burada/FaceRecog-API,,repo,2023-08-29 06:12:37+00:00,
santosh-burada/FaceRecog-API,,repo,2023-08-23 21:03:34+00:00,
santosh-burada/FaceRecog-API,,repo,2023-08-20 04:39:29+00:00,
santosh-burada/FaceRecog-API,,repo,2023-08-18 22:46:37+00:00,
santosh-burada/FaceRecog-API,,repo,2023-08-18 22:45:47+00:00,
santosh-burada/FaceRecog-API,,repo,2023-08-18 22:44:44+00:00,
santosh-burada/FaceRecog-API,,repo,2023-08-18 22:32:48+00:00,
santosh-burada/FaceRecog-API,,repo,2023-08-18 22:25:17+00:00,
santosh-burada/FaceRecog-API,,repo,2023-08-18 21:58:58+00:00,
santosh-burada/FaceRecog-API,,repo,2023-03-31 06:37:36+00:00,
santosh-burada/FaceRecog-API,,repo,2023-03-31 06:35:37+00:00,
santosh-burada/FaceRecog-API,Deploy.yaml,hpa_file,2024-04-14 21:46:28+00:00,
santosh-burada/FaceRecog-API,Deploy.yaml,hpa_file,2024-04-13 06:44:11+00:00,
santosh-burada/FaceRecog-API,Deploy.yaml,hpa_file,2024-04-13 05:51:18+00:00,
santosh-burada/FaceRecog-API,Deploy.yaml,hpa_file,2024-04-12 22:26:33+00:00,
santosh-burada/FaceRecog-API,Deploy.yaml,hpa_file,2024-04-12 22:22:22+00:00,
santosh-burada/FaceRecog-API,Deploy.yaml,hpa_file,2024-04-12 22:00:37+00:00,
santosh-burada/FaceRecog-API,Deploy.yaml,hpa_file,2024-04-12 21:15:21+00:00,
santosh-burada/FaceRecog-API,Deploy.yaml,hpa_file,2024-04-12 21:11:53+00:00,
santosh-burada/FaceRecog-API,Deploy.yaml,hpa_file,2024-04-12 19:55:08+00:00,
santosh-burada/FaceRecog-API,Deploy.yaml,hpa_file,2024-04-12 17:07:43+00:00,
santosh-burada/FaceRecog-API,Deploy.yaml,hpa_file,2024-04-12 11:56:40+00:00,
murulii/KubernetesDeploymentStaergywithcode,,repo,2023-12-20 09:50:09+00:00,
murulii/KubernetesDeploymentStaergywithcode,,repo,2023-09-25 10:22:45+00:00,
murulii/KubernetesDeploymentStaergywithcode,,repo,2023-09-25 10:22:03+00:00,
murulii/KubernetesDeploymentStaergywithcode,,repo,2023-09-25 10:21:25+00:00,
murulii/KubernetesDeploymentStaergywithcode,,repo,2023-09-25 10:20:38+00:00,
murulii/KubernetesDeploymentStaergywithcode,,repo,2023-09-25 10:19:32+00:00,
murulii/KubernetesDeploymentStaergywithcode,,repo,2023-09-16 17:46:24+00:00,
murulii/KubernetesDeploymentStaergywithcode,,repo,2023-08-28 03:36:26+00:00,
murulii/KubernetesDeploymentStaergywithcode,,repo,2023-08-19 00:04:43+00:00,
murulii/KubernetesDeploymentStaergywithcode,,repo,2023-08-12 00:23:10+00:00,
murulii/KubernetesDeploymentStaergywithcode,,repo,2023-08-08 02:08:50+00:00,
murulii/KubernetesDeploymentStaergywithcode,,repo,2023-07-29 03:43:40+00:00,
murulii/KubernetesDeploymentStaergywithcode,,repo,2023-07-24 03:57:44+00:00,
murulii/KubernetesDeploymentStaergywithcode,,repo,2023-07-15 06:10:10+00:00,
murulii/KubernetesDeploymentStaergywithcode,,repo,2023-07-10 04:29:57+00:00,
murulii/KubernetesDeploymentStaergywithcode,,repo,2023-07-04 23:07:28+00:00,
murulii/KubernetesDeploymentStaergywithcode,,repo,2023-06-29 03:59:05+00:00,
murulii/KubernetesDeploymentStaergywithcode,,repo,2023-06-26 04:02:37+00:00,
murulii/KubernetesDeploymentStaergywithcode,,repo,2023-06-11 21:17:37+00:00,
murulii/KubernetesDeploymentStaergywithcode,,repo,2023-06-09 04:29:02+00:00,
murulii/KubernetesDeploymentStaergywithcode,,repo,2023-05-31 01:56:44+00:00,
murulii/KubernetesDeploymentStaergywithcode,,repo,2023-05-31 01:55:05+00:00,
murulii/KubernetesDeploymentStaergywithcode,,repo,2023-05-26 04:03:09+00:00,
murulii/KubernetesDeploymentStaergywithcode,,repo,2023-05-17 01:55:08+00:00,
murulii/KubernetesDeploymentStaergywithcode,,repo,2023-05-17 01:47:30+00:00,
murulii/KubernetesDeploymentStaergywithcode,,repo,2023-05-17 01:45:56+00:00,
murulii/KubernetesDeploymentStaergywithcode,,repo,2023-05-10 14:55:30+00:00,
murulii/KubernetesDeploymentStaergywithcode,,repo,2023-05-10 01:15:03+00:00,
murulii/KubernetesDeploymentStaergywithcode,,repo,2023-05-10 01:10:18+00:00,
murulii/KubernetesDeploymentStaergywithcode,,repo,2023-04-29 20:20:30+00:00,
murulii/KubernetesDeploymentStaergywithcode,,repo,2023-04-29 19:13:53+00:00,
murulii/KubernetesDeploymentStaergywithcode,,repo,2023-04-22 02:13:13+00:00,
murulii/KubernetesDeploymentStaergywithcode,,repo,2023-04-15 05:33:57+00:00,
murulii/KubernetesDeploymentStaergywithcode,,repo,2023-04-07 01:54:02+00:00,
murulii/KubernetesDeploymentStaergywithcode,,repo,2023-04-04 05:44:36+00:00,
murulii/KubernetesDeploymentStaergywithcode,,repo,2023-04-04 05:12:10+00:00,
murulii/KubernetesDeploymentStaergywithcode,,repo,2023-04-04 05:06:13+00:00,
murulii/KubernetesDeploymentStaergywithcode,,repo,2023-03-26 00:02:56+00:00,
murulii/KubernetesDeploymentStaergywithcode,,repo,2023-03-25 19:31:38+00:00,
murulii/KubernetesDeploymentStaergywithcode,,repo,2023-03-14 20:42:54+00:00,
murulii/KubernetesDeploymentStaergywithcode,,repo,2023-03-11 04:01:18+00:00,
murulii/KubernetesDeploymentStaergywithcode,,repo,2023-03-07 18:36:41+00:00,
murulii/KubernetesDeploymentStaergywithcode,,repo,2023-03-04 02:41:02+00:00,
murulii/KubernetesDeploymentStaergywithcode,,repo,2023-02-21 21:13:21+00:00,
murulii/KubernetesDeploymentStaergywithcode,,repo,2023-02-21 05:58:08+00:00,
murulii/KubernetesDeploymentStaergywithcode,,repo,2023-02-12 02:49:15+00:00,
murulii/KubernetesDeploymentStaergywithcode,,repo,2023-02-04 01:03:10+00:00,
murulii/KubernetesDeploymentStaergywithcode,,repo,2023-01-29 21:44:01+00:00,
murulii/KubernetesDeploymentStaergywithcode,,repo,2023-01-27 01:01:47+00:00,
murulii/KubernetesDeploymentStaergywithcode,,repo,2023-01-24 01:07:09+00:00,
murulii/KubernetesDeploymentStaergywithcode,,repo,2023-01-21 23:21:42+00:00,
murulii/KubernetesDeploymentStaergywithcode,,repo,2023-01-18 01:44:21+00:00,
murulii/KubernetesDeploymentStaergywithcode,,repo,2023-01-15 20:57:45+00:00,
murulii/KubernetesDeploymentStaergywithcode,,repo,2023-01-13 01:58:24+00:00,
murulii/KubernetesDeploymentStaergywithcode,,repo,2023-01-07 03:24:11+00:00,
murulii/KubernetesDeploymentStaergywithcode,,repo,2023-01-04 04:41:03+00:00,
murulii/KubernetesDeploymentStaergywithcode,,repo,2022-12-30 23:49:49+00:00,
murulii/KubernetesDeploymentStaergywithcode,,repo,2022-12-28 04:58:37+00:00,
murulii/KubernetesDeploymentStaergywithcode,,repo,2022-12-24 02:40:29+00:00,
murulii/KubernetesDeploymentStaergywithcode,,repo,2022-12-24 00:58:27+00:00,
murulii/KubernetesDeploymentStaergywithcode,,repo,2022-12-18 02:12:27+00:00,
murulii/KubernetesDeploymentStaergywithcode,,repo,2022-12-14 01:01:55+00:00,
murulii/KubernetesDeploymentStaergywithcode,,repo,2022-12-10 16:07:20+00:00,
murulii/KubernetesDeploymentStaergywithcode,,repo,2022-12-04 12:54:39+00:00,
murulii/KubernetesDeploymentStaergywithcode,,repo,2022-11-28 17:02:45+00:00,
murulii/KubernetesDeploymentStaergywithcode,,repo,2022-11-24 16:31:28+00:00,
murulii/KubernetesDeploymentStaergywithcode,,repo,2022-11-17 01:00:52+00:00,
murulii/KubernetesDeploymentStaergywithcode,,repo,2022-11-13 01:38:03+00:00,
murulii/KubernetesDeploymentStaergywithcode,,repo,2022-11-05 16:24:53+00:00,
murulii/KubernetesDeploymentStaergywithcode,,repo,2022-10-30 23:12:33+00:00,
murulii/KubernetesDeploymentStaergywithcode,,repo,2022-10-26 23:54:07+00:00,
murulii/KubernetesDeploymentStaergywithcode,,repo,2022-10-26 23:53:17+00:00,
murulii/KubernetesDeploymentStaergywithcode,,repo,2022-10-09 14:55:59+00:00,
murulii/KubernetesDeploymentStaergywithcode,,repo,2022-09-21 07:32:01+00:00,
murulii/KubernetesDeploymentStaergywithcode,,repo,2022-09-16 18:14:45+00:00,
murulii/KubernetesDeploymentStaergywithcode,,repo,2022-09-15 17:12:24+00:00,
murulii/KubernetesDeploymentStaergywithcode,,repo,2022-09-10 09:17:54+00:00,
murulii/KubernetesDeploymentStaergywithcode,,repo,2022-09-06 06:14:37+00:00,
murulii/KubernetesDeploymentStaergywithcode,,repo,2022-09-02 16:05:10+00:00,
murulii/KubernetesDeploymentStaergywithcode,,repo,2022-08-31 12:30:58+00:00,
murulii/KubernetesDeploymentStaergywithcode,,repo,2022-08-30 05:33:20+00:00,
murulii/KubernetesDeploymentStaergywithcode,,repo,2022-08-29 17:13:47+00:00,
murulii/KubernetesDeploymentStaergywithcode,,repo,2022-08-23 12:43:05+00:00,
murulii/KubernetesDeploymentStaergywithcode,,repo,2022-08-17 14:37:25+00:00,
murulii/KubernetesDeploymentStaergywithcode,,repo,2022-08-13 06:26:48+00:00,
murulii/KubernetesDeploymentStaergywithcode,,repo,2022-08-02 11:01:03+00:00,
murulii/KubernetesDeploymentStaergywithcode,,repo,2022-08-01 19:07:43+00:00,
murulii/KubernetesDeploymentStaergywithcode,,repo,2022-07-25 11:37:53+00:00,
murulii/KubernetesDeploymentStaergywithcode,,repo,2022-07-18 17:03:01+00:00,
murulii/KubernetesDeploymentStaergywithcode,,repo,2022-07-14 13:22:14+00:00,
murulii/KubernetesDeploymentStaergywithcode,,repo,2022-07-07 15:33:33+00:00,
murulii/KubernetesDeploymentStaergywithcode,,repo,2022-07-02 07:31:14+00:00,
murulii/KubernetesDeploymentStaergywithcode,,repo,2022-06-26 11:56:42+00:00,
murulii/KubernetesDeploymentStaergywithcode,,repo,2022-06-21 12:30:00+00:00,
murulii/KubernetesDeploymentStaergywithcode,,repo,2022-06-18 16:59:51+00:00,
murulii/KubernetesDeploymentStaergywithcode,,repo,2022-06-03 16:19:45+00:00,
murulii/KubernetesDeploymentStaergywithcode,,repo,2022-04-16 03:10:22+00:00,
murulii/KubernetesDeploymentStaergywithcode,,repo,2022-03-20 03:28:01+00:00,
murulii/KubernetesDeploymentStaergywithcode,,repo,2022-03-11 05:20:15+00:00,
murulii/KubernetesDeploymentStaergywithcode,,repo,2022-03-02 05:38:27+00:00,
murulii/KubernetesDeploymentStaergywithcode,,repo,2022-02-28 19:53:45+00:00,
murulii/KubernetesDeploymentStaergywithcode,,repo,2022-02-14 23:13:12+00:00,
murulii/KubernetesDeploymentStaergywithcode,,repo,2022-02-08 15:45:13+00:00,
murulii/KubernetesDeploymentStaergywithcode,,repo,2022-02-07 19:21:53+00:00,
murulii/KubernetesDeploymentStaergywithcode,,repo,2022-01-26 13:38:25+00:00,
murulii/KubernetesDeploymentStaergywithcode,,repo,2022-01-21 06:18:03+00:00,
murulii/KubernetesDeploymentStaergywithcode,,repo,2022-01-07 13:05:48+00:00,
murulii/KubernetesDeploymentStaergywithcode,,repo,2021-12-28 11:37:57+00:00,
murulii/KubernetesDeploymentStaergywithcode,,repo,2021-12-26 19:42:13+00:00,
murulii/KubernetesDeploymentStaergywithcode,,repo,2021-12-24 09:15:49+00:00,
murulii/KubernetesDeploymentStaergywithcode,,repo,2021-12-19 08:42:30+00:00,
murulii/KubernetesDeploymentStaergywithcode,,repo,2021-12-15 14:42:22+00:00,
murulii/KubernetesDeploymentStaergywithcode,,repo,2021-12-13 13:10:57+00:00,
murulii/KubernetesDeploymentStaergywithcode,,repo,2021-12-13 07:11:33+00:00,
murulii/KubernetesDeploymentStaergywithcode,,repo,2021-12-12 16:33:15+00:00,
murulii/KubernetesDeploymentStaergywithcode,,repo,2021-12-10 17:09:43+00:00,
murulii/KubernetesDeploymentStaergywithcode,,repo,2021-12-02 08:45:52+00:00,
murulii/KubernetesDeploymentStaergywithcode,,repo,2021-11-27 11:29:57+00:00,
murulii/KubernetesDeploymentStaergywithcode,,repo,2021-11-27 11:26:01+00:00,
murulii/KubernetesDeploymentStaergywithcode,,repo,2021-11-25 12:08:05+00:00,
murulii/KubernetesDeploymentStaergywithcode,,repo,2021-11-23 09:16:10+00:00,
murulii/KubernetesDeploymentStaergywithcode,,repo,2021-11-19 11:34:45+00:00,
murulii/KubernetesDeploymentStaergywithcode,,repo,2021-11-16 19:15:34+00:00,
murulii/KubernetesDeploymentStaergywithcode,,repo,2021-11-12 09:05:11+00:00,
murulii/KubernetesDeploymentStaergywithcode,,repo,2021-11-08 10:50:59+00:00,
murulii/KubernetesDeploymentStaergywithcode,,repo,2021-11-05 18:22:56+00:00,
murulii/KubernetesDeploymentStaergywithcode,,repo,2021-11-03 10:08:50+00:00,
murulii/KubernetesDeploymentStaergywithcode,,repo,2021-10-30 20:01:40+00:00,
murulii/KubernetesDeploymentStaergywithcode,,repo,2021-10-23 15:33:27+00:00,
murulii/KubernetesDeploymentStaergywithcode,,repo,2021-10-22 06:53:35+00:00,
murulii/KubernetesDeploymentStaergywithcode,,repo,2021-10-21 13:51:58+00:00,
murulii/KubernetesDeploymentStaergywithcode,,repo,2021-10-17 16:12:04+00:00,
murulii/KubernetesDeploymentStaergywithcode,,repo,2021-10-17 16:09:59+00:00,
murulii/KubernetesDeploymentStaergywithcode,,repo,2021-10-06 15:08:14+00:00,
murulii/KubernetesDeploymentStaergywithcode,,repo,2021-09-26 11:39:57+00:00,
murulii/KubernetesDeploymentStaergywithcode,,repo,2021-09-26 11:36:25+00:00,
murulii/KubernetesDeploymentStaergywithcode,,repo,2021-09-26 09:56:45+00:00,
murulii/KubernetesDeploymentStaergywithcode,,repo,2021-09-02 21:03:26+00:00,
murulii/KubernetesDeploymentStaergywithcode,,repo,2021-08-25 15:10:19+00:00,
murulii/KubernetesDeploymentStaergywithcode,,repo,2021-08-17 02:53:37+00:00,
murulii/KubernetesDeploymentStaergywithcode,,repo,2021-08-13 21:45:08+00:00,
murulii/KubernetesDeploymentStaergywithcode,,repo,2021-08-13 21:43:16+00:00,
murulii/KubernetesDeploymentStaergywithcode,,repo,2021-08-11 22:10:35+00:00,
murulii/KubernetesDeploymentStaergywithcode,,repo,2021-08-07 21:39:21+00:00,
murulii/KubernetesDeploymentStaergywithcode,,repo,2021-08-03 22:32:11+00:00,
murulii/KubernetesDeploymentStaergywithcode,,repo,2021-08-03 22:30:39+00:00,
murulii/KubernetesDeploymentStaergywithcode,,repo,2021-08-03 20:27:44+00:00,
murulii/KubernetesDeploymentStaergywithcode,,repo,2021-07-29 15:27:26+00:00,
murulii/KubernetesDeploymentStaergywithcode,,repo,2021-07-20 05:47:04+00:00,
murulii/KubernetesDeploymentStaergywithcode,,repo,2021-07-12 00:02:34+00:00,
murulii/KubernetesDeploymentStaergywithcode,,repo,2021-07-11 17:45:27+00:00,
murulii/KubernetesDeploymentStaergywithcode,,repo,2021-07-02 18:06:13+00:00,
murulii/KubernetesDeploymentStaergywithcode,,repo,2021-06-24 04:00:32+00:00,
murulii/KubernetesDeploymentStaergywithcode,,repo,2021-06-22 21:16:21+00:00,
murulii/KubernetesDeploymentStaergywithcode,,repo,2021-06-15 13:42:41+00:00,
murulii/KubernetesDeploymentStaergywithcode,,repo,2021-06-09 03:27:30+00:00,
murulii/KubernetesDeploymentStaergywithcode,,repo,2021-06-07 05:05:56+00:00,
murulii/KubernetesDeploymentStaergywithcode,,repo,2021-06-06 01:41:02+00:00,
murulii/KubernetesDeploymentStaergywithcode,,repo,2021-06-05 04:25:37+00:00,
murulii/KubernetesDeploymentStaergywithcode,,repo,2021-06-05 04:20:56+00:00,
murulii/KubernetesDeploymentStaergywithcode,,repo,2021-06-05 04:18:42+00:00,
murulii/KubernetesDeploymentStaergywithcode,,repo,2021-05-31 22:19:09+00:00,
murulii/KubernetesDeploymentStaergywithcode,,repo,2021-05-31 22:04:06+00:00,
murulii/KubernetesDeploymentStaergywithcode,,repo,2021-05-31 22:03:04+00:00,
murulii/KubernetesDeploymentStaergywithcode,,repo,2021-05-31 22:00:58+00:00,
murulii/KubernetesDeploymentStaergywithcode,,repo,2021-05-31 21:56:12+00:00,
murulii/KubernetesDeploymentStaergywithcode,,repo,2021-05-19 22:54:16+00:00,
murulii/KubernetesDeploymentStaergywithcode,,repo,2021-05-15 20:12:43+00:00,
murulii/KubernetesDeploymentStaergywithcode,,repo,2021-05-11 21:35:56+00:00,
murulii/KubernetesDeploymentStaergywithcode,,repo,2021-05-10 14:18:19+00:00,
murulii/KubernetesDeploymentStaergywithcode,,repo,2021-05-10 14:17:20+00:00,
murulii/KubernetesDeploymentStaergywithcode,,repo,2021-05-06 11:23:01+00:00,
murulii/KubernetesDeploymentStaergywithcode,,repo,2021-05-05 14:21:51+00:00,
murulii/KubernetesDeploymentStaergywithcode,,repo,2021-05-05 14:07:43+00:00,
murulii/KubernetesDeploymentStaergywithcode,,repo,2021-05-03 11:53:59+00:00,
murulii/KubernetesDeploymentStaergywithcode,,repo,2021-04-26 11:48:43+00:00,
murulii/KubernetesDeploymentStaergywithcode,,repo,2021-04-26 11:46:18+00:00,
murulii/KubernetesDeploymentStaergywithcode,,repo,2021-04-26 11:43:13+00:00,
murulii/KubernetesDeploymentStaergywithcode,,repo,2021-04-26 11:40:35+00:00,
murulii/KubernetesDeploymentStaergywithcode,,repo,2021-04-26 10:40:35+00:00,
murulii/KubernetesDeploymentStaergywithcode,lessons/143/istiod/autoscale.yaml,hpa_file,2023-01-04 04:41:03+00:00,
ignaciochemes/massive-s3-uploader,,repo,2024-03-03 21:45:01+00:00,
ignaciochemes/massive-s3-uploader,,repo,2024-01-02 00:54:00+00:00,
ignaciochemes/massive-s3-uploader,,repo,2024-01-01 18:09:58+00:00,
ignaciochemes/massive-s3-uploader,,repo,2024-01-01 18:07:28+00:00,
ignaciochemes/massive-s3-uploader,k8s/04-hpa.yml,hpa_file,2024-01-01 18:09:58+00:00,
rdmanju/kubernetes,,repo,2023-09-01 02:39:38+00:00,
rdmanju/kubernetes,,repo,2023-09-01 02:37:57+00:00,
rdmanju/kubernetes,kubernetes-hpa/hpa.yml,hpa_file,2023-09-01 02:39:38+00:00,
SJFCS/cloudnative.love,,repo,2025-03-03 06:41:51+00:00,
SJFCS/cloudnative.love,,repo,2025-03-03 06:41:15+00:00,
SJFCS/cloudnative.love,,repo,2025-03-03 06:40:14+00:00,
SJFCS/cloudnative.love,,repo,2025-03-03 06:40:01+00:00,
SJFCS/cloudnative.love,,repo,2025-03-03 06:39:26+00:00,
SJFCS/cloudnative.love,,repo,2025-03-03 06:34:11+00:00,
SJFCS/cloudnative.love,,repo,2025-03-03 06:28:25+00:00,
SJFCS/cloudnative.love,,repo,2025-03-03 06:20:38+00:00,
SJFCS/cloudnative.love,,repo,2025-01-10 16:48:27+00:00,
SJFCS/cloudnative.love,,repo,2025-01-10 16:05:16+00:00,
SJFCS/cloudnative.love,,repo,2025-01-10 08:22:55+00:00,
SJFCS/cloudnative.love,,repo,2024-10-19 05:58:08+00:00,
SJFCS/cloudnative.love,,repo,2024-09-02 06:14:02+00:00,
SJFCS/cloudnative.love,,repo,2024-09-02 05:14:05+00:00,
SJFCS/cloudnative.love,,repo,2024-09-02 05:13:01+00:00,
SJFCS/cloudnative.love,,repo,2024-08-23 06:34:20+00:00,
SJFCS/cloudnative.love,,repo,2024-08-20 15:27:10+00:00,
SJFCS/cloudnative.love,,repo,2024-07-06 12:10:43+00:00,
SJFCS/cloudnative.love,,repo,2024-06-17 15:16:44+00:00,
SJFCS/cloudnative.love,,repo,2024-06-17 15:15:23+00:00,
SJFCS/cloudnative.love,,repo,2024-04-14 15:41:16+00:00,
SJFCS/cloudnative.love,,repo,2024-04-13 08:41:45+00:00,
SJFCS/cloudnative.love,,repo,2024-04-12 13:50:46+00:00,
SJFCS/cloudnative.love,,repo,2024-04-12 09:21:34+00:00,
SJFCS/cloudnative.love,,repo,2024-04-12 09:11:07+00:00,
SJFCS/cloudnative.love,,repo,2024-04-12 08:53:07+00:00,
SJFCS/cloudnative.love,,repo,2024-04-11 17:24:31+00:00,
SJFCS/cloudnative.love,,repo,2024-04-11 17:02:26+00:00,
SJFCS/cloudnative.love,,repo,2023-11-12 07:33:38+00:00,
SJFCS/cloudnative.love,,repo,2023-10-22 11:29:47+00:00,
SJFCS/cloudnative.love,,repo,2023-09-24 13:25:03+00:00,
SJFCS/cloudnative.love,,repo,2023-08-16 12:38:29+00:00,
SJFCS/cloudnative.love,,repo,2023-08-15 13:41:18+00:00,
SJFCS/cloudnative.love,,repo,2023-07-26 09:44:48+00:00,
SJFCS/cloudnative.love,,repo,2023-07-26 09:42:56+00:00,
SJFCS/cloudnative.love,,repo,2023-07-25 09:09:26+00:00,
SJFCS/cloudnative.love,,repo,2023-07-25 05:07:18+00:00,
SJFCS/cloudnative.love,,repo,2023-07-25 04:46:58+00:00,
SJFCS/cloudnative.love,,repo,2023-07-24 09:47:51+00:00,
SJFCS/cloudnative.love,,repo,2023-07-24 05:20:28+00:00,
SJFCS/cloudnative.love,,repo,2023-07-17 09:54:26+00:00,
SJFCS/cloudnative.love,,repo,2023-07-17 07:15:23+00:00,
SJFCS/cloudnative.love,,repo,2023-07-16 12:05:43+00:00,
SJFCS/cloudnative.love,,repo,2023-07-14 09:46:56+00:00,
SJFCS/cloudnative.love,,repo,2023-07-14 09:44:30+00:00,
SJFCS/cloudnative.love,,repo,2023-07-13 09:44:00+00:00,
SJFCS/cloudnative.love,,repo,2023-07-13 05:08:35+00:00,
SJFCS/cloudnative.love,,repo,2023-07-12 11:50:47+00:00,
SJFCS/cloudnative.love,,repo,2023-07-12 11:50:15+00:00,
SJFCS/cloudnative.love,,repo,2023-07-12 05:43:05+00:00,
SJFCS/cloudnative.love,,repo,2023-07-12 02:35:42+00:00,
SJFCS/cloudnative.love,,repo,2023-07-11 09:49:27+00:00,
SJFCS/cloudnative.love,,repo,2023-07-11 00:42:06+00:00,
SJFCS/cloudnative.love,,repo,2023-07-10 10:00:35+00:00,
SJFCS/cloudnative.love,,repo,2023-07-09 13:25:27+00:00,
SJFCS/cloudnative.love,,repo,2023-07-08 13:13:31+00:00,
SJFCS/cloudnative.love,,repo,2023-07-07 09:43:22+00:00,
SJFCS/cloudnative.love,,repo,2023-07-07 08:57:35+00:00,
SJFCS/cloudnative.love,,repo,2023-07-06 13:41:26+00:00,
SJFCS/cloudnative.love,,repo,2023-07-06 04:46:13+00:00,
SJFCS/cloudnative.love,,repo,2023-07-02 13:29:23+00:00,
SJFCS/cloudnative.love,,repo,2023-06-30 09:44:12+00:00,
SJFCS/cloudnative.love,,repo,2023-06-29 10:52:17+00:00,
SJFCS/cloudnative.love,,repo,2023-06-29 10:50:45+00:00,
SJFCS/cloudnative.love,,repo,2023-06-29 09:34:53+00:00,
SJFCS/cloudnative.love,,repo,2023-06-29 09:30:49+00:00,
SJFCS/cloudnative.love,,repo,2023-06-29 06:34:46+00:00,
SJFCS/cloudnative.love,,repo,2023-06-28 14:17:36+00:00,
SJFCS/cloudnative.love,,repo,2023-06-28 12:43:14+00:00,
SJFCS/cloudnative.love,,repo,2023-06-27 13:02:50+00:00,
SJFCS/cloudnative.love,,repo,2023-06-26 10:54:54+00:00,
SJFCS/cloudnative.love,,repo,2023-06-26 09:55:58+00:00,
SJFCS/cloudnative.love,,repo,2023-06-26 07:14:57+00:00,
SJFCS/cloudnative.love,,repo,2023-06-25 13:10:12+00:00,
SJFCS/cloudnative.love,,repo,2023-06-25 09:07:38+00:00,
SJFCS/cloudnative.love,,repo,2023-06-25 09:02:58+00:00,
SJFCS/cloudnative.love,,repo,2023-06-19 09:54:04+00:00,
SJFCS/cloudnative.love,,repo,2023-06-19 08:35:46+00:00,
SJFCS/cloudnative.love,,repo,2023-06-18 13:28:02+00:00,
SJFCS/cloudnative.love,,repo,2023-06-18 08:21:57+00:00,
SJFCS/cloudnative.love,,repo,2023-06-12 10:31:11+00:00,
SJFCS/cloudnative.love,,repo,2023-06-11 13:38:53+00:00,
SJFCS/cloudnative.love,,repo,2023-06-10 08:14:37+00:00,
SJFCS/cloudnative.love,,repo,2023-06-09 09:45:56+00:00,
SJFCS/cloudnative.love,,repo,2023-06-08 10:35:18+00:00,
SJFCS/cloudnative.love,,repo,2023-06-08 10:34:46+00:00,
SJFCS/cloudnative.love,,repo,2023-06-07 13:37:16+00:00,
SJFCS/cloudnative.love,,repo,2023-06-07 11:26:58+00:00,
SJFCS/cloudnative.love,,repo,2023-06-07 11:25:45+00:00,
SJFCS/cloudnative.love,,repo,2023-06-07 11:25:13+00:00,
SJFCS/cloudnative.love,,repo,2023-06-07 11:21:17+00:00,
SJFCS/cloudnative.love,,repo,2023-06-06 14:14:15+00:00,
SJFCS/cloudnative.love,,repo,2023-06-06 09:42:51+00:00,
SJFCS/cloudnative.love,,repo,2023-06-06 09:39:58+00:00,
SJFCS/cloudnative.love,,repo,2023-06-05 09:46:33+00:00,
SJFCS/cloudnative.love,,repo,2023-06-05 09:34:36+00:00,
SJFCS/cloudnative.love,,repo,2023-06-05 01:55:50+00:00,
SJFCS/cloudnative.love,,repo,2023-06-04 13:45:49+00:00,
SJFCS/cloudnative.love,,repo,2023-06-03 03:56:17+00:00,
SJFCS/cloudnative.love,,repo,2023-06-02 13:24:47+00:00,
SJFCS/cloudnative.love,,repo,2023-06-02 09:00:33+00:00,
SJFCS/cloudnative.love,,repo,2023-06-01 09:22:15+00:00,
SJFCS/cloudnative.love,,repo,2023-05-31 12:10:50+00:00,
SJFCS/cloudnative.love,,repo,2023-05-30 08:41:24+00:00,
SJFCS/cloudnative.love,,repo,2023-05-29 13:36:47+00:00,
SJFCS/cloudnative.love,,repo,2023-05-29 11:23:04+00:00,
SJFCS/cloudnative.love,,repo,2023-05-29 08:06:32+00:00,
SJFCS/cloudnative.love,,repo,2023-05-28 13:53:58+00:00,
SJFCS/cloudnative.love,,repo,2023-05-26 09:57:16+00:00,
SJFCS/cloudnative.love,,repo,2023-05-25 09:58:37+00:00,
SJFCS/cloudnative.love,,repo,2023-05-22 13:22:34+00:00,
SJFCS/cloudnative.love,,repo,2023-05-22 09:51:48+00:00,
SJFCS/cloudnative.love,,repo,2023-05-22 05:44:57+00:00,
SJFCS/cloudnative.love,,repo,2023-05-21 13:15:05+00:00,
SJFCS/cloudnative.love,,repo,2023-05-21 11:58:26+00:00,
SJFCS/cloudnative.love,,repo,2023-05-16 11:00:09+00:00,
SJFCS/cloudnative.love,,repo,2023-05-15 13:43:25+00:00,
SJFCS/cloudnative.love,,repo,2023-05-15 05:35:19+00:00,
SJFCS/cloudnative.love,,repo,2023-05-14 13:26:00+00:00,
SJFCS/cloudnative.love,,repo,2023-05-14 13:24:44+00:00,
SJFCS/cloudnative.love,,repo,2023-05-14 13:24:25+00:00,
SJFCS/cloudnative.love,,repo,2023-05-11 13:16:02+00:00,
SJFCS/cloudnative.love,,repo,2023-05-11 08:20:19+00:00,
SJFCS/cloudnative.love,,repo,2023-05-10 13:15:43+00:00,
SJFCS/cloudnative.love,,repo,2023-05-10 11:36:57+00:00,
SJFCS/cloudnative.love,,repo,2023-05-09 13:40:09+00:00,
SJFCS/cloudnative.love,,repo,2023-05-09 09:52:46+00:00,
SJFCS/cloudnative.love,,repo,2023-05-08 10:08:44+00:00,
SJFCS/cloudnative.love,,repo,2023-05-07 13:59:13+00:00,
SJFCS/cloudnative.love,,repo,2023-05-07 05:26:32+00:00,
SJFCS/cloudnative.love,,repo,2023-05-06 11:20:43+00:00,
SJFCS/cloudnative.love,,repo,2023-05-05 13:18:02+00:00,
SJFCS/cloudnative.love,,repo,2023-05-05 13:10:48+00:00,
SJFCS/cloudnative.love,,repo,2023-05-05 09:47:35+00:00,
SJFCS/cloudnative.love,,repo,2023-05-05 09:42:16+00:00,
SJFCS/cloudnative.love,,repo,2023-05-04 10:01:23+00:00,
SJFCS/cloudnative.love,,repo,2023-05-03 13:23:23+00:00,
SJFCS/cloudnative.love,,repo,2023-05-03 13:21:48+00:00,
SJFCS/cloudnative.love,,repo,2023-05-02 04:42:38+00:00,
SJFCS/cloudnative.love,,repo,2023-05-02 04:27:59+00:00,
SJFCS/cloudnative.love,,repo,2023-05-02 04:25:01+00:00,
SJFCS/cloudnative.love,,repo,2023-05-02 04:14:33+00:00,
SJFCS/cloudnative.love,,repo,2023-04-25 07:10:55+00:00,
SJFCS/cloudnative.love,,repo,2023-04-23 03:27:16+00:00,
SJFCS/cloudnative.love,,repo,2023-04-23 03:21:42+00:00,
SJFCS/cloudnative.love,,repo,2023-04-23 03:14:40+00:00,
SJFCS/cloudnative.love,,repo,2023-04-22 02:16:54+00:00,
SJFCS/cloudnative.love,,repo,2023-04-22 01:12:08+00:00,
SJFCS/cloudnative.love,,repo,2023-04-21 09:06:09+00:00,
SJFCS/cloudnative.love,,repo,2023-04-20 10:32:42+00:00,
SJFCS/cloudnative.love,,repo,2023-04-20 09:17:47+00:00,
SJFCS/cloudnative.love,,repo,2023-04-16 10:30:04+00:00,
SJFCS/cloudnative.love,,repo,2023-04-16 06:10:27+00:00,
SJFCS/cloudnative.love,,repo,2023-04-16 04:55:22+00:00,
SJFCS/cloudnative.love,,repo,2023-04-16 04:03:54+00:00,
SJFCS/cloudnative.love,,repo,2023-04-14 10:01:58+00:00,
SJFCS/cloudnative.love,,repo,2023-04-10 14:07:12+00:00,
SJFCS/cloudnative.love,,repo,2023-04-10 03:41:15+00:00,
SJFCS/cloudnative.love,,repo,2023-04-09 13:56:44+00:00,
SJFCS/cloudnative.love,,repo,2023-04-07 07:31:02+00:00,
SJFCS/cloudnative.love,,repo,2023-04-07 07:00:09+00:00,
SJFCS/cloudnative.love,,repo,2023-04-07 06:57:45+00:00,
SJFCS/cloudnative.love,,repo,2023-04-07 05:54:39+00:00,
SJFCS/cloudnative.love,,repo,2023-04-06 13:56:44+00:00,
SJFCS/cloudnative.love,,repo,2023-04-06 09:42:28+00:00,
SJFCS/cloudnative.love,,repo,2023-04-05 14:16:46+00:00,
SJFCS/cloudnative.love,,repo,2023-04-04 10:25:57+00:00,
SJFCS/cloudnative.love,,repo,2023-04-04 10:24:45+00:00,
SJFCS/cloudnative.love,,repo,2023-04-03 14:08:57+00:00,
SJFCS/cloudnative.love,,repo,2023-04-03 09:45:38+00:00,
SJFCS/cloudnative.love,,repo,2023-04-03 01:55:15+00:00,
SJFCS/cloudnative.love,,repo,2023-04-03 00:58:47+00:00,
SJFCS/cloudnative.love,,repo,2023-04-01 09:35:06+00:00,
SJFCS/cloudnative.love,,repo,2023-04-01 09:19:44+00:00,
SJFCS/cloudnative.love,,repo,2023-03-31 10:33:48+00:00,
SJFCS/cloudnative.love,,repo,2023-03-30 14:39:10+00:00,
SJFCS/cloudnative.love,,repo,2023-03-30 10:04:13+00:00,
SJFCS/cloudnative.love,,repo,2023-03-30 10:03:51+00:00,
SJFCS/cloudnative.love,,repo,2023-03-29 09:53:42+00:00,
SJFCS/cloudnative.love,,repo,2023-03-28 13:56:19+00:00,
SJFCS/cloudnative.love,,repo,2023-03-28 10:08:23+00:00,
SJFCS/cloudnative.love,,repo,2023-03-28 07:49:23+00:00,
SJFCS/cloudnative.love,,repo,2023-03-28 07:48:25+00:00,
SJFCS/cloudnative.love,,repo,2023-03-27 15:25:37+00:00,
SJFCS/cloudnative.love,,repo,2023-03-26 13:52:51+00:00,
SJFCS/cloudnative.love,,repo,2023-03-16 07:57:24+00:00,
SJFCS/cloudnative.love,,repo,2023-03-15 15:10:27+00:00,
SJFCS/cloudnative.love,,repo,2023-03-15 04:58:41+00:00,
SJFCS/cloudnative.love,,repo,2023-03-15 04:57:37+00:00,
SJFCS/cloudnative.love,,repo,2023-03-15 04:04:35+00:00,
SJFCS/cloudnative.love,,repo,2023-03-15 04:00:45+00:00,
SJFCS/cloudnative.love,,repo,2023-03-15 03:56:11+00:00,
SJFCS/cloudnative.love,,repo,2023-03-14 14:56:59+00:00,
SJFCS/cloudnative.love,,repo,2023-03-14 10:32:44+00:00,
SJFCS/cloudnative.love,,repo,2023-03-13 14:16:10+00:00,
SJFCS/cloudnative.love,,repo,2023-03-13 10:45:24+00:00,
SJFCS/cloudnative.love,,repo,2023-03-13 07:27:52+00:00,
SJFCS/cloudnative.love,,repo,2023-03-13 07:27:12+00:00,
SJFCS/cloudnative.love,,repo,2023-03-12 14:28:32+00:00,
SJFCS/cloudnative.love,,repo,2023-03-10 10:10:35+00:00,
SJFCS/cloudnative.love,docs/03-Service-Mesh/Istio/common-ingressgateway.yaml,hpa_file,2024-04-11 17:24:31+00:00,
drriguz/knative-dockerhub-mirror,,repo,2023-07-17 07:01:32+00:00,
drriguz/knative-dockerhub-mirror,,repo,2023-07-11 11:52:50+00:00,
drriguz/knative-dockerhub-mirror,,repo,2023-03-01 11:01:34+00:00,
drriguz/knative-dockerhub-mirror,,repo,2023-03-01 10:35:40+00:00,
drriguz/knative-dockerhub-mirror,,repo,2023-02-23 20:17:33+00:00,
drriguz/knative-dockerhub-mirror,,repo,2023-02-16 18:23:48+00:00,
drriguz/knative-dockerhub-mirror,,repo,2023-02-16 17:54:26+00:00,
drriguz/knative-dockerhub-mirror,,repo,2023-02-15 10:23:06+00:00,
drriguz/knative-dockerhub-mirror,output/tektoncd-pipeline-v0.47.3-release.yaml,hpa_file,2023-07-11 11:52:50+00:00,
unitedcoresystems/Bootcampclass-2023,,repo,2024-10-14 23:25:17+00:00,
unitedcoresystems/Bootcampclass-2023,,repo,2024-03-09 03:37:56+00:00,
unitedcoresystems/Bootcampclass-2023,,repo,2024-03-09 03:19:16+00:00,
unitedcoresystems/Bootcampclass-2023,,repo,2024-03-09 03:17:34+00:00,
unitedcoresystems/Bootcampclass-2023,,repo,2024-03-05 00:31:13+00:00,
unitedcoresystems/Bootcampclass-2023,,repo,2024-03-05 13:28:19+00:00,
unitedcoresystems/Bootcampclass-2023,,repo,2024-03-05 00:25:36+00:00,
unitedcoresystems/Bootcampclass-2023,,repo,2024-03-05 00:13:49+00:00,
unitedcoresystems/Bootcampclass-2023,,repo,2024-03-04 20:30:28+00:00,
unitedcoresystems/Bootcampclass-2023,,repo,2024-03-04 20:27:14+00:00,
unitedcoresystems/Bootcampclass-2023,,repo,2024-02-27 00:29:13+00:00,
unitedcoresystems/Bootcampclass-2023,,repo,2024-02-26 23:59:34+00:00,
unitedcoresystems/Bootcampclass-2023,,repo,2024-02-26 23:42:24+00:00,
unitedcoresystems/Bootcampclass-2023,,repo,2024-02-26 23:40:15+00:00,
unitedcoresystems/Bootcampclass-2023,,repo,2024-02-24 23:07:22+00:00,
unitedcoresystems/Bootcampclass-2023,,repo,2024-02-24 16:01:52+00:00,
unitedcoresystems/Bootcampclass-2023,,repo,2024-02-20 00:25:19+00:00,
unitedcoresystems/Bootcampclass-2023,,repo,2024-02-14 20:07:45+00:00,
unitedcoresystems/Bootcampclass-2023,,repo,2024-02-13 02:25:32+00:00,
unitedcoresystems/Bootcampclass-2023,,repo,2024-02-12 23:42:19+00:00,
unitedcoresystems/Bootcampclass-2023,,repo,2024-02-11 01:54:43+00:00,
unitedcoresystems/Bootcampclass-2023,,repo,2024-02-11 01:40:41+00:00,
unitedcoresystems/Bootcampclass-2023,,repo,2024-02-11 01:33:54+00:00,
unitedcoresystems/Bootcampclass-2023,,repo,2024-02-11 01:16:59+00:00,
unitedcoresystems/Bootcampclass-2023,,repo,2024-02-03 03:31:47+00:00,
unitedcoresystems/Bootcampclass-2023,,repo,2024-02-03 03:18:53+00:00,
unitedcoresystems/Bootcampclass-2023,,repo,2024-02-03 03:16:52+00:00,
unitedcoresystems/Bootcampclass-2023,,repo,2024-01-31 15:12:43+00:00,
unitedcoresystems/Bootcampclass-2023,,repo,2024-01-29 22:05:22+00:00,
unitedcoresystems/Bootcampclass-2023,,repo,2024-01-29 22:04:50+00:00,
unitedcoresystems/Bootcampclass-2023,,repo,2024-01-29 22:04:17+00:00,
unitedcoresystems/Bootcampclass-2023,,repo,2024-01-29 21:52:14+00:00,
unitedcoresystems/Bootcampclass-2023,,repo,2024-01-26 15:48:09+00:00,
unitedcoresystems/Bootcampclass-2023,,repo,2024-01-26 14:51:27+00:00,
unitedcoresystems/Bootcampclass-2023,,repo,2024-01-25 21:14:15+00:00,
unitedcoresystems/Bootcampclass-2023,,repo,2024-01-24 01:29:20+00:00,
unitedcoresystems/Bootcampclass-2023,,repo,2024-01-23 02:16:16+00:00,
unitedcoresystems/Bootcampclass-2023,,repo,2024-01-23 00:01:44+00:00,
unitedcoresystems/Bootcampclass-2023,,repo,2024-01-22 19:55:13+00:00,
unitedcoresystems/Bootcampclass-2023,,repo,2024-01-22 19:00:36+00:00,
unitedcoresystems/Bootcampclass-2023,,repo,2024-01-22 17:55:43+00:00,
unitedcoresystems/Bootcampclass-2023,,repo,2024-01-21 05:31:29+00:00,
unitedcoresystems/Bootcampclass-2023,,repo,2024-01-21 03:54:33+00:00,
unitedcoresystems/Bootcampclass-2023,,repo,2024-01-19 15:59:40+00:00,
unitedcoresystems/Bootcampclass-2023,,repo,2024-01-18 16:35:41+00:00,
unitedcoresystems/Bootcampclass-2023,,repo,2024-01-18 16:16:23+00:00,
unitedcoresystems/Bootcampclass-2023,,repo,2024-01-18 16:08:45+00:00,
unitedcoresystems/Bootcampclass-2023,,repo,2024-01-18 16:05:58+00:00,
unitedcoresystems/Bootcampclass-2023,,repo,2024-01-18 15:07:33+00:00,
unitedcoresystems/Bootcampclass-2023,,repo,2024-01-18 14:39:49+00:00,
unitedcoresystems/Bootcampclass-2023,,repo,2024-01-18 03:29:09+00:00,
unitedcoresystems/Bootcampclass-2023,,repo,2024-01-18 02:09:15+00:00,
unitedcoresystems/Bootcampclass-2023,,repo,2024-01-17 20:43:52+00:00,
unitedcoresystems/Bootcampclass-2023,,repo,2024-01-17 20:41:53+00:00,
unitedcoresystems/Bootcampclass-2023,,repo,2024-01-17 20:17:49+00:00,
unitedcoresystems/Bootcampclass-2023,,repo,2024-01-17 20:13:52+00:00,
unitedcoresystems/Bootcampclass-2023,,repo,2024-01-17 20:06:35+00:00,
unitedcoresystems/Bootcampclass-2023,,repo,2024-01-16 21:20:56+00:00,
unitedcoresystems/Bootcampclass-2023,,repo,2024-01-16 21:07:52+00:00,
unitedcoresystems/Bootcampclass-2023,,repo,2024-01-15 21:21:37+00:00,
unitedcoresystems/Bootcampclass-2023,,repo,2024-01-15 20:44:46+00:00,
unitedcoresystems/Bootcampclass-2023,,repo,2024-01-14 20:46:58+00:00,
unitedcoresystems/Bootcampclass-2023,,repo,2024-01-14 20:35:48+00:00,
unitedcoresystems/Bootcampclass-2023,,repo,2024-01-14 20:24:14+00:00,
unitedcoresystems/Bootcampclass-2023,,repo,2024-01-14 20:06:03+00:00,
unitedcoresystems/Bootcampclass-2023,,repo,2024-01-14 19:12:08+00:00,
unitedcoresystems/Bootcampclass-2023,,repo,2024-01-14 19:11:53+00:00,
unitedcoresystems/Bootcampclass-2023,,repo,2024-01-14 19:11:37+00:00,
unitedcoresystems/Bootcampclass-2023,,repo,2024-01-14 19:09:35+00:00,
unitedcoresystems/Bootcampclass-2023,,repo,2024-01-14 19:08:36+00:00,
unitedcoresystems/Bootcampclass-2023,,repo,2024-01-14 18:23:55+00:00,
unitedcoresystems/Bootcampclass-2023,,repo,2024-01-14 18:20:31+00:00,
unitedcoresystems/Bootcampclass-2023,,repo,2024-01-13 00:56:30+00:00,
unitedcoresystems/Bootcampclass-2023,,repo,2024-01-12 04:54:37+00:00,
unitedcoresystems/Bootcampclass-2023,,repo,2024-01-12 04:16:49+00:00,
unitedcoresystems/Bootcampclass-2023,,repo,2024-01-12 03:17:35+00:00,
unitedcoresystems/Bootcampclass-2023,,repo,2024-01-12 02:06:02+00:00,
unitedcoresystems/Bootcampclass-2023,,repo,2024-01-12 01:56:08+00:00,
unitedcoresystems/Bootcampclass-2023,,repo,2024-01-11 03:47:52+00:00,
unitedcoresystems/Bootcampclass-2023,,repo,2024-01-11 03:37:19+00:00,
unitedcoresystems/Bootcampclass-2023,,repo,2024-01-10 20:05:26+00:00,
unitedcoresystems/Bootcampclass-2023,,repo,2024-01-09 12:35:07+00:00,
unitedcoresystems/Bootcampclass-2023,,repo,2024-01-09 12:35:05+00:00,
unitedcoresystems/Bootcampclass-2023,,repo,2024-01-08 15:36:58+00:00,
unitedcoresystems/Bootcampclass-2023,,repo,2024-01-08 02:13:22+00:00,
unitedcoresystems/Bootcampclass-2023,,repo,2024-01-08 02:08:53+00:00,
unitedcoresystems/Bootcampclass-2023,,repo,2024-01-08 02:08:50+00:00,
unitedcoresystems/Bootcampclass-2023,,repo,2024-01-07 01:28:11+00:00,
unitedcoresystems/Bootcampclass-2023,,repo,2024-01-05 15:53:35+00:00,
unitedcoresystems/Bootcampclass-2023,,repo,2024-01-05 03:50:35+00:00,
unitedcoresystems/Bootcampclass-2023,,repo,2024-01-05 02:11:40+00:00,
unitedcoresystems/Bootcampclass-2023,,repo,2024-01-05 02:02:59+00:00,
unitedcoresystems/Bootcampclass-2023,,repo,2024-01-05 01:33:54+00:00,
unitedcoresystems/Bootcampclass-2023,,repo,2024-01-04 21:02:04+00:00,
unitedcoresystems/Bootcampclass-2023,,repo,2024-01-04 19:40:20+00:00,
unitedcoresystems/Bootcampclass-2023,,repo,2024-01-04 19:40:17+00:00,
unitedcoresystems/Bootcampclass-2023,,repo,2024-01-04 15:30:25+00:00,
unitedcoresystems/Bootcampclass-2023,,repo,2024-01-04 15:16:39+00:00,
unitedcoresystems/Bootcampclass-2023,,repo,2024-01-04 14:59:16+00:00,
unitedcoresystems/Bootcampclass-2023,,repo,2024-01-04 04:45:53+00:00,
unitedcoresystems/Bootcampclass-2023,,repo,2024-01-04 04:36:42+00:00,
unitedcoresystems/Bootcampclass-2023,,repo,2024-01-04 04:36:39+00:00,
unitedcoresystems/Bootcampclass-2023,,repo,2024-01-03 23:49:15+00:00,
unitedcoresystems/Bootcampclass-2023,,repo,2024-01-03 21:38:41+00:00,
unitedcoresystems/Bootcampclass-2023,,repo,2024-01-03 21:38:39+00:00,
unitedcoresystems/Bootcampclass-2023,,repo,2024-01-03 20:37:38+00:00,
unitedcoresystems/Bootcampclass-2023,,repo,2024-01-03 20:34:52+00:00,
unitedcoresystems/Bootcampclass-2023,,repo,2024-01-03 20:14:14+00:00,
unitedcoresystems/Bootcampclass-2023,,repo,2024-01-03 19:57:30+00:00,
unitedcoresystems/Bootcampclass-2023,,repo,2024-01-03 17:55:19+00:00,
unitedcoresystems/Bootcampclass-2023,,repo,2024-01-03 16:04:09+00:00,
unitedcoresystems/Bootcampclass-2023,,repo,2024-01-03 15:29:52+00:00,
unitedcoresystems/Bootcampclass-2023,,repo,2024-01-03 15:28:41+00:00,
unitedcoresystems/Bootcampclass-2023,,repo,2024-01-03 15:19:44+00:00,
unitedcoresystems/Bootcampclass-2023,,repo,2024-01-01 23:36:24+00:00,
unitedcoresystems/Bootcampclass-2023,,repo,2023-12-31 04:35:54+00:00,
unitedcoresystems/Bootcampclass-2023,,repo,2023-12-31 04:33:44+00:00,
unitedcoresystems/Bootcampclass-2023,,repo,2023-12-31 03:13:19+00:00,
unitedcoresystems/Bootcampclass-2023,,repo,2023-12-31 03:13:15+00:00,
unitedcoresystems/Bootcampclass-2023,,repo,2023-12-31 02:35:48+00:00,
unitedcoresystems/Bootcampclass-2023,,repo,2023-12-26 19:45:49+00:00,
unitedcoresystems/Bootcampclass-2023,,repo,2023-12-20 23:59:55+00:00,
unitedcoresystems/Bootcampclass-2023,,repo,2023-12-18 04:50:32+00:00,
unitedcoresystems/Bootcampclass-2023,,repo,2023-12-18 04:35:41+00:00,
unitedcoresystems/Bootcampclass-2023,,repo,2023-12-18 01:25:54+00:00,
unitedcoresystems/Bootcampclass-2023,,repo,2023-12-18 01:20:55+00:00,
unitedcoresystems/Bootcampclass-2023,,repo,2023-12-18 01:05:57+00:00,
unitedcoresystems/Bootcampclass-2023,,repo,2023-12-15 17:26:24+00:00,
unitedcoresystems/Bootcampclass-2023,,repo,2023-12-14 21:34:05+00:00,
unitedcoresystems/Bootcampclass-2023,,repo,2023-12-13 20:03:11+00:00,
unitedcoresystems/Bootcampclass-2023,,repo,2023-12-12 23:52:44+00:00,
unitedcoresystems/Bootcampclass-2023,,repo,2023-12-12 23:22:54+00:00,
unitedcoresystems/Bootcampclass-2023,,repo,2023-12-12 23:22:51+00:00,
unitedcoresystems/Bootcampclass-2023,,repo,2023-12-11 21:31:23+00:00,
unitedcoresystems/Bootcampclass-2023,,repo,2023-12-11 19:35:57+00:00,
unitedcoresystems/Bootcampclass-2023,,repo,2023-12-11 18:41:47+00:00,
unitedcoresystems/Bootcampclass-2023,,repo,2023-12-11 04:10:42+00:00,
unitedcoresystems/Bootcampclass-2023,,repo,2023-12-09 14:48:28+00:00,
unitedcoresystems/Bootcampclass-2023,,repo,2023-12-06 20:42:01+00:00,
unitedcoresystems/Bootcampclass-2023,,repo,2023-12-06 04:19:33+00:00,
unitedcoresystems/Bootcampclass-2023,,repo,2023-12-06 04:18:50+00:00,
unitedcoresystems/Bootcampclass-2023,,repo,2023-12-06 04:16:20+00:00,
unitedcoresystems/Bootcampclass-2023,,repo,2023-12-06 01:54:16+00:00,
unitedcoresystems/Bootcampclass-2023,,repo,2023-12-05 22:46:52+00:00,
unitedcoresystems/Bootcampclass-2023,,repo,2023-12-05 22:17:26+00:00,
unitedcoresystems/Bootcampclass-2023,,repo,2023-12-05 21:49:42+00:00,
unitedcoresystems/Bootcampclass-2023,,repo,2023-12-05 21:47:10+00:00,
unitedcoresystems/Bootcampclass-2023,,repo,2023-12-05 21:43:21+00:00,
unitedcoresystems/Bootcampclass-2023,,repo,2023-12-05 04:30:49+00:00,
unitedcoresystems/Bootcampclass-2023,,repo,2023-12-04 01:52:50+00:00,
unitedcoresystems/Bootcampclass-2023,,repo,2023-12-04 01:51:55+00:00,
unitedcoresystems/Bootcampclass-2023,,repo,2023-12-04 01:50:30+00:00,
unitedcoresystems/Bootcampclass-2023,,repo,2023-12-04 01:48:39+00:00,
unitedcoresystems/Bootcampclass-2023,,repo,2023-12-01 02:07:42+00:00,
unitedcoresystems/Bootcampclass-2023,,repo,2023-11-29 04:10:12+00:00,
unitedcoresystems/Bootcampclass-2023,,repo,2023-11-29 03:38:23+00:00,
unitedcoresystems/Bootcampclass-2023,,repo,2023-11-29 03:12:23+00:00,
unitedcoresystems/Bootcampclass-2023,,repo,2023-11-28 03:35:39+00:00,
unitedcoresystems/Bootcampclass-2023,,repo,2023-11-27 00:24:26+00:00,
unitedcoresystems/Bootcampclass-2023,,repo,2023-11-25 20:25:17+00:00,
unitedcoresystems/Bootcampclass-2023,,repo,2023-11-25 20:24:10+00:00,
unitedcoresystems/Bootcampclass-2023,,repo,2023-11-25 20:12:05+00:00,
unitedcoresystems/Bootcampclass-2023,,repo,2023-11-22 04:13:17+00:00,
unitedcoresystems/Bootcampclass-2023,,repo,2023-11-19 22:15:19+00:00,
unitedcoresystems/Bootcampclass-2023,,repo,2023-11-18 23:46:40+00:00,
unitedcoresystems/Bootcampclass-2023,,repo,2023-11-18 19:56:27+00:00,
unitedcoresystems/Bootcampclass-2023,,repo,2023-11-18 19:48:56+00:00,
unitedcoresystems/Bootcampclass-2023,,repo,2023-11-18 19:47:57+00:00,
unitedcoresystems/Bootcampclass-2023,,repo,2023-11-18 19:47:27+00:00,
unitedcoresystems/Bootcampclass-2023,,repo,2023-11-18 19:40:30+00:00,
unitedcoresystems/Bootcampclass-2023,,repo,2023-11-18 19:34:32+00:00,
unitedcoresystems/Bootcampclass-2023,,repo,2023-11-18 19:30:13+00:00,
unitedcoresystems/Bootcampclass-2023,,repo,2023-11-18 03:06:39+00:00,
unitedcoresystems/Bootcampclass-2023,,repo,2023-11-17 23:42:23+00:00,
unitedcoresystems/Bootcampclass-2023,,repo,2023-11-17 00:24:35+00:00,
unitedcoresystems/Bootcampclass-2023,,repo,2023-11-14 16:30:14+00:00,
unitedcoresystems/Bootcampclass-2023,,repo,2023-11-11 21:23:37+00:00,
unitedcoresystems/Bootcampclass-2023,,repo,2023-11-09 03:39:47+00:00,
unitedcoresystems/Bootcampclass-2023,,repo,2023-11-08 02:59:16+00:00,
unitedcoresystems/Bootcampclass-2023,,repo,2023-11-04 20:30:28+00:00,
unitedcoresystems/Bootcampclass-2023,,repo,2023-11-02 02:09:52+00:00,
unitedcoresystems/Bootcampclass-2023,,repo,2023-10-30 02:22:16+00:00,
unitedcoresystems/Bootcampclass-2023,,repo,2023-10-24 17:02:19+00:00,
unitedcoresystems/Bootcampclass-2023,,repo,2023-10-22 21:50:54+00:00,
unitedcoresystems/Bootcampclass-2023,,repo,2023-10-21 22:30:31+00:00,
unitedcoresystems/Bootcampclass-2023,,repo,2023-10-21 13:27:49+00:00,
unitedcoresystems/Bootcampclass-2023,,repo,2023-10-20 21:53:56+00:00,
unitedcoresystems/Bootcampclass-2023,,repo,2023-10-20 21:40:49+00:00,
unitedcoresystems/Bootcampclass-2023,,repo,2023-10-20 21:01:41+00:00,
unitedcoresystems/Bootcampclass-2023,,repo,2023-10-20 21:01:16+00:00,
unitedcoresystems/Bootcampclass-2023,,repo,2023-10-20 20:59:51+00:00,
unitedcoresystems/Bootcampclass-2023,,repo,2023-10-20 18:36:38+00:00,
unitedcoresystems/Bootcampclass-2023,,repo,2023-10-20 18:32:00+00:00,
unitedcoresystems/Bootcampclass-2023,,repo,2023-10-20 18:25:50+00:00,
unitedcoresystems/Bootcampclass-2023,,repo,2023-10-20 18:25:01+00:00,
unitedcoresystems/Bootcampclass-2023,,repo,2023-10-20 18:24:26+00:00,
unitedcoresystems/Bootcampclass-2023,,repo,2023-10-20 18:22:52+00:00,
unitedcoresystems/Bootcampclass-2023,,repo,2023-10-20 18:17:18+00:00,
unitedcoresystems/Bootcampclass-2023,,repo,2023-10-20 15:10:27+00:00,
unitedcoresystems/Bootcampclass-2023,,repo,2023-10-19 22:12:22+00:00,
unitedcoresystems/Bootcampclass-2023,class_notes/Kubenetes/kubernetes-manifests-files/deployment/horizontal-pod-autoscaler.yml,hpa_file,2023-12-06 01:54:16+00:00,
fluxcd/flagger,,repo,2026-04-23 16:00:23+00:00,
fluxcd/flagger,,repo,2026-04-23 15:40:56+00:00,
fluxcd/flagger,,repo,2026-04-21 13:36:07+00:00,
fluxcd/flagger,,repo,2026-04-21 13:33:26+00:00,
fluxcd/flagger,,repo,2026-04-21 13:16:00+00:00,
fluxcd/flagger,,repo,2026-04-21 13:13:54+00:00,
fluxcd/flagger,,repo,2026-04-21 11:42:24+00:00,
fluxcd/flagger,,repo,2026-04-21 03:55:10+00:00,
fluxcd/flagger,,repo,2026-04-21 10:13:07+00:00,
fluxcd/flagger,,repo,2026-04-21 09:30:51+00:00,
fluxcd/flagger,,repo,2026-04-21 09:28:13+00:00,
fluxcd/flagger,,repo,2026-04-20 14:49:54+00:00,
fluxcd/flagger,,repo,2026-04-20 12:48:23+00:00,
fluxcd/flagger,,repo,2026-04-20 12:45:22+00:00,
fluxcd/flagger,,repo,2026-04-20 12:42:56+00:00,
fluxcd/flagger,,repo,2026-04-20 10:54:48+00:00,
fluxcd/flagger,,repo,2026-04-20 09:00:09+00:00,
fluxcd/flagger,,repo,2026-04-20 08:51:01+00:00,
fluxcd/flagger,,repo,2026-04-20 07:58:41+00:00,
fluxcd/flagger,,repo,2026-04-20 05:20:27+00:00,
fluxcd/flagger,,repo,2026-04-18 12:56:34+00:00,
fluxcd/flagger,,repo,2026-04-17 06:38:31+00:00,
fluxcd/flagger,,repo,2026-04-17 05:54:21+00:00,
fluxcd/flagger,,repo,2026-03-10 12:30:10+00:00,
fluxcd/flagger,,repo,2026-01-30 16:26:17+00:00,
fluxcd/flagger,,repo,2026-04-16 18:06:36+00:00,
fluxcd/flagger,,repo,2026-03-13 17:09:32+00:00,
fluxcd/flagger,,repo,2026-04-16 18:04:50+00:00,
fluxcd/flagger,,repo,2026-04-14 10:41:44+00:00,
fluxcd/flagger,,repo,2026-04-14 09:25:55+00:00,
fluxcd/flagger,,repo,2026-04-14 09:24:30+00:00,
fluxcd/flagger,,repo,2025-11-20 15:48:11+00:00,
fluxcd/flagger,,repo,2026-03-18 14:26:41+00:00,
fluxcd/flagger,,repo,2026-03-11 13:30:08+00:00,
fluxcd/flagger,,repo,2026-03-09 14:33:47+00:00,
fluxcd/flagger,,repo,2025-06-27 11:59:59+00:00,
fluxcd/flagger,,repo,2026-03-08 03:44:41+00:00,
fluxcd/flagger,,repo,2026-02-20 12:50:39+00:00,
fluxcd/flagger,,repo,2026-03-08 03:04:16+00:00,
fluxcd/flagger,,repo,2025-10-27 08:43:18+00:00,
fluxcd/flagger,,repo,2026-03-06 13:08:36+00:00,
fluxcd/flagger,,repo,2026-03-02 13:43:43+00:00,
fluxcd/flagger,,repo,2026-02-27 07:16:16+00:00,
fluxcd/flagger,,repo,2026-02-13 20:28:09+00:00,
fluxcd/flagger,,repo,2026-02-20 16:38:23+00:00,
fluxcd/flagger,,repo,2026-02-19 11:11:46+00:00,
fluxcd/flagger,,repo,2025-12-29 13:08:24+00:00,
fluxcd/flagger,,repo,2025-12-29 12:14:13+00:00,
fluxcd/flagger,,repo,2025-12-18 07:11:10+00:00,
fluxcd/flagger,,repo,2025-12-18 07:09:51+00:00,
fluxcd/flagger,,repo,2025-11-18 18:17:33+00:00,
fluxcd/flagger,,repo,2025-12-11 11:22:30+00:00,
fluxcd/flagger,,repo,2025-12-11 10:35:38+00:00,
fluxcd/flagger,,repo,2025-11-18 18:16:42+00:00,
fluxcd/flagger,,repo,2025-11-18 18:08:25+00:00,
fluxcd/flagger,,repo,2025-11-18 18:06:52+00:00,
fluxcd/flagger,,repo,2025-11-18 18:04:04+00:00,
fluxcd/flagger,,repo,2025-11-13 20:56:31+00:00,
fluxcd/flagger,,repo,2025-10-16 13:56:35+00:00,
fluxcd/flagger,,repo,2025-10-16 12:35:30+00:00,
fluxcd/flagger,,repo,2025-10-16 11:46:03+00:00,
fluxcd/flagger,,repo,2025-10-16 10:34:13+00:00,
fluxcd/flagger,,repo,2025-10-16 10:23:31+00:00,
fluxcd/flagger,,repo,2025-10-15 17:00:11+00:00,
fluxcd/flagger,,repo,2025-10-16 09:51:36+00:00,
fluxcd/flagger,,repo,2025-10-16 09:10:36+00:00,
fluxcd/flagger,,repo,2025-10-16 08:03:49+00:00,
fluxcd/flagger,,repo,2025-04-07 23:19:53+00:00,
fluxcd/flagger,,repo,2025-04-08 21:16:37+00:00,
fluxcd/flagger,,repo,2025-04-10 18:34:42+00:00,
fluxcd/flagger,,repo,2025-10-15 16:14:05+00:00,
fluxcd/flagger,,repo,2025-10-15 13:31:22+00:00,
fluxcd/flagger,,repo,2025-10-15 13:55:58+00:00,
fluxcd/flagger,,repo,2025-10-15 12:39:39+00:00,
fluxcd/flagger,,repo,2025-10-15 11:15:47+00:00,
fluxcd/flagger,,repo,2025-10-15 09:41:37+00:00,
fluxcd/flagger,,repo,2025-10-15 09:25:16+00:00,
fluxcd/flagger,,repo,2025-10-15 08:33:49+00:00,
fluxcd/flagger,,repo,2025-10-15 08:31:34+00:00,
fluxcd/flagger,,repo,2025-10-07 16:16:36+00:00,
fluxcd/flagger,,repo,2025-10-07 16:15:53+00:00,
fluxcd/flagger,,repo,2025-10-07 16:15:21+00:00,
fluxcd/flagger,,repo,2025-10-15 06:52:08+00:00,
fluxcd/flagger,,repo,2025-10-14 21:33:38+00:00,
fluxcd/flagger,,repo,2025-09-05 21:24:53+00:00,
fluxcd/flagger,,repo,2025-10-14 20:56:08+00:00,
fluxcd/flagger,,repo,2025-09-11 16:08:56+00:00,
fluxcd/flagger,,repo,2025-09-11 16:08:26+00:00,
fluxcd/flagger,,repo,2025-09-11 16:07:47+00:00,
fluxcd/flagger,,repo,2025-10-14 19:00:07+00:00,
fluxcd/flagger,,repo,2025-10-10 20:38:58+00:00,
fluxcd/flagger,,repo,2025-10-10 17:48:23+00:00,
fluxcd/flagger,,repo,2025-10-10 17:45:43+00:00,
fluxcd/flagger,,repo,2025-10-08 07:53:20+00:00,
fluxcd/flagger,,repo,2025-09-29 17:13:42+00:00,
fluxcd/flagger,,repo,2025-10-08 06:49:27+00:00,
fluxcd/flagger,,repo,2025-07-08 15:02:08+00:00,
fluxcd/flagger,,repo,2025-07-08 08:08:12+00:00,
fluxcd/flagger,,repo,2025-10-07 10:14:17+00:00,
fluxcd/flagger,,repo,2024-12-12 00:33:31+00:00,
fluxcd/flagger,,repo,2025-10-06 18:34:53+00:00,
fluxcd/flagger,,repo,2025-10-06 17:57:43+00:00,
fluxcd/flagger,,repo,2025-04-21 07:23:30+00:00,
fluxcd/flagger,,repo,2025-04-20 16:15:37+00:00,
fluxcd/flagger,,repo,2025-04-02 11:40:43+00:00,
fluxcd/flagger,,repo,2025-03-31 14:10:26+00:00,
fluxcd/flagger,,repo,2025-03-31 12:39:11+00:00,
fluxcd/flagger,,repo,2025-03-30 13:04:02+00:00,
fluxcd/flagger,,repo,2025-03-29 18:00:24+00:00,
fluxcd/flagger,,repo,2025-03-28 07:00:10+00:00,
fluxcd/flagger,,repo,2025-03-28 06:56:38+00:00,
fluxcd/flagger,,repo,2025-01-14 18:07:35+00:00,
fluxcd/flagger,,repo,2025-03-24 10:32:30+00:00,
fluxcd/flagger,,repo,2025-03-24 06:07:48+00:00,
fluxcd/flagger,,repo,2025-03-22 19:57:45+00:00,
fluxcd/flagger,,repo,2025-03-23 08:14:29+00:00,
fluxcd/flagger,,repo,2025-03-23 07:31:44+00:00,
fluxcd/flagger,,repo,2025-03-23 07:29:16+00:00,
fluxcd/flagger,,repo,2025-03-23 07:19:45+00:00,
fluxcd/flagger,,repo,2025-03-23 07:17:55+00:00,
fluxcd/flagger,,repo,2025-03-23 06:59:45+00:00,
fluxcd/flagger,,repo,2025-03-23 06:50:59+00:00,
fluxcd/flagger,,repo,2025-03-23 06:45:20+00:00,
fluxcd/flagger,,repo,2025-03-23 06:40:43+00:00,
fluxcd/flagger,,repo,2025-03-23 06:39:29+00:00,
fluxcd/flagger,,repo,2025-03-18 18:26:46+00:00,
fluxcd/flagger,,repo,2025-01-31 16:33:15+00:00,
fluxcd/flagger,,repo,2025-02-22 08:36:22+00:00,
fluxcd/flagger,,repo,2025-02-12 17:02:52+00:00,
fluxcd/flagger,,repo,2025-02-11 17:19:54+00:00,
fluxcd/flagger,,repo,2024-07-10 15:00:06+00:00,
fluxcd/flagger,,repo,2025-01-26 07:44:37+00:00,
fluxcd/flagger,,repo,2025-01-14 09:32:59+00:00,
fluxcd/flagger,,repo,2025-01-13 18:45:52+00:00,
fluxcd/flagger,,repo,2025-01-14 07:48:03+00:00,
fluxcd/flagger,,repo,2025-01-13 18:48:26+00:00,
fluxcd/flagger,,repo,2024-09-24 16:21:20+00:00,
fluxcd/flagger,,repo,2024-12-23 12:12:52+00:00,
fluxcd/flagger,,repo,2024-12-23 11:28:50+00:00,
fluxcd/flagger,,repo,2024-12-17 09:42:02+00:00,
fluxcd/flagger,,repo,2024-12-17 08:26:07+00:00,
fluxcd/flagger,,repo,2024-12-17 08:06:24+00:00,
fluxcd/flagger,,repo,2024-12-17 08:05:54+00:00,
fluxcd/flagger,,repo,2024-12-16 17:11:48+00:00,
fluxcd/flagger,,repo,2024-12-16 17:09:11+00:00,
fluxcd/flagger,,repo,2024-12-16 17:08:56+00:00,
fluxcd/flagger,,repo,2024-12-16 16:46:05+00:00,
fluxcd/flagger,,repo,2024-12-16 14:29:55+00:00,
fluxcd/flagger,,repo,2024-12-16 11:48:55+00:00,
fluxcd/flagger,,repo,2024-12-13 16:52:29+00:00,
fluxcd/flagger,,repo,2024-12-10 02:25:41+00:00,
fluxcd/flagger,,repo,2024-12-13 14:23:12+00:00,
fluxcd/flagger,,repo,2024-12-13 14:21:33+00:00,
fluxcd/flagger,,repo,2024-12-13 14:21:12+00:00,
fluxcd/flagger,,repo,2024-12-13 14:11:25+00:00,
fluxcd/flagger,,repo,2024-11-18 13:47:16+00:00,
fluxcd/flagger,,repo,2024-11-26 12:38:33+00:00,
fluxcd/flagger,,repo,2024-11-26 12:12:17+00:00,
fluxcd/flagger,,repo,2024-11-26 12:03:12+00:00,
fluxcd/flagger,,repo,2024-11-26 11:56:09+00:00,
fluxcd/flagger,,repo,2024-11-26 07:38:53+00:00,
fluxcd/flagger,,repo,2024-11-25 17:56:35+00:00,
fluxcd/flagger,,repo,2024-11-25 14:51:22+00:00,
fluxcd/flagger,,repo,2024-11-25 14:49:23+00:00,
fluxcd/flagger,,repo,2024-11-25 14:43:40+00:00,
fluxcd/flagger,,repo,2024-11-25 14:41:19+00:00,
fluxcd/flagger,,repo,2024-11-25 14:33:38+00:00,
fluxcd/flagger,,repo,2024-11-25 14:24:48+00:00,
fluxcd/flagger,,repo,2024-11-24 13:34:25+00:00,
fluxcd/flagger,,repo,2024-11-23 18:50:47+00:00,
fluxcd/flagger,,repo,2024-11-23 18:35:40+00:00,
fluxcd/flagger,,repo,2024-11-23 13:59:22+00:00,
fluxcd/flagger,,repo,2024-11-23 12:42:21+00:00,
fluxcd/flagger,,repo,2024-11-23 09:31:29+00:00,
fluxcd/flagger,,repo,2024-11-23 09:16:22+00:00,
fluxcd/flagger,,repo,2024-11-23 09:13:25+00:00,
fluxcd/flagger,,repo,2024-10-03 23:59:43+00:00,
fluxcd/flagger,,repo,2024-11-21 13:36:21+00:00,
fluxcd/flagger,,repo,2024-11-11 07:18:02+00:00,
fluxcd/flagger,,repo,2024-10-26 14:48:02+00:00,
fluxcd/flagger,,repo,2024-10-18 17:52:02+00:00,
fluxcd/flagger,,repo,2024-10-07 20:49:57+00:00,
fluxcd/flagger,,repo,2024-10-07 19:17:19+00:00,
fluxcd/flagger,,repo,2024-09-11 06:42:44+00:00,
fluxcd/flagger,,repo,2024-07-30 13:30:43+00:00,
fluxcd/flagger,,repo,2024-07-30 07:35:06+00:00,
fluxcd/flagger,,repo,2024-07-29 09:50:11+00:00,
fluxcd/flagger,,repo,2024-07-29 09:48:47+00:00,
fluxcd/flagger,,repo,2024-07-29 09:12:00+00:00,
fluxcd/flagger,,repo,2024-07-29 09:11:29+00:00,
fluxcd/flagger,,repo,2024-07-26 10:21:33+00:00,
fluxcd/flagger,,repo,2024-07-22 14:00:36+00:00,
fluxcd/flagger,,repo,2024-07-22 13:27:26+00:00,
fluxcd/flagger,,repo,2024-07-17 12:37:10+00:00,
fluxcd/flagger,,repo,2024-07-17 09:36:28+00:00,
fluxcd/flagger,,repo,2024-07-26 09:57:24+00:00,
fluxcd/flagger,,repo,2024-07-19 17:02:50+00:00,
fluxcd/flagger,,repo,2024-07-17 09:37:26+00:00,
fluxcd/flagger,,repo,2024-07-10 14:53:58+00:00,
fluxcd/flagger,,repo,2024-07-10 14:51:48+00:00,
fluxcd/flagger,kustomize/podinfo/hpa.yaml,hpa_file,2023-08-11 17:35:04+00:00,
fluxcd/flagger,kustomize/podinfo/hpa.yaml,hpa_file,2020-12-07 09:24:01+00:00,
fluxcd/flagger,kustomize/podinfo/hpa.yaml,hpa_file,2019-07-26 10:19:36+00:00,
rgrandl/weaver-app,,repo,2023-07-29 00:36:20+00:00,
rgrandl/weaver-app,,repo,2023-07-29 00:33:14+00:00,
rgrandl/weaver-app,,repo,2023-07-29 00:25:45+00:00,
rgrandl/weaver-app,,repo,2023-07-29 00:05:15+00:00,
rgrandl/weaver-app,,repo,2023-07-29 00:01:02+00:00,
rgrandl/weaver-app,,repo,2023-07-28 23:47:13+00:00,
rgrandl/weaver-app,,repo,2023-07-28 23:41:50+00:00,
rgrandl/weaver-app,,repo,2023-07-28 23:37:45+00:00,
rgrandl/weaver-app,,repo,2023-07-28 23:18:58+00:00,
rgrandl/weaver-app,,repo,2023-07-28 23:18:14+00:00,
rgrandl/weaver-app,,repo,2023-07-28 22:57:07+00:00,
rgrandl/weaver-app,,repo,2023-07-28 22:40:09+00:00,
rgrandl/weaver-app,,repo,2023-07-28 22:19:29+00:00,
rgrandl/weaver-app,,repo,2023-07-28 21:45:14+00:00,
rgrandl/weaver-app,,repo,2023-07-28 21:44:21+00:00,
rgrandl/weaver-app,,repo,2023-07-28 21:40:08+00:00,
rgrandl/weaver-app,,repo,2023-07-28 21:32:29+00:00,
rgrandl/weaver-app,,repo,2023-07-28 21:03:03+00:00,
rgrandl/weaver-app,,repo,2023-07-28 20:56:46+00:00,
rgrandl/weaver-app,kube_weaver-app.yaml,hpa_file,2023-07-29 00:36:20+00:00,
rgrandl/weaver-app,kube_weaver-app.yaml,hpa_file,2023-07-29 00:33:14+00:00,
rgrandl/weaver-app,kube_weaver-app.yaml,hpa_file,2023-07-29 00:25:45+00:00,
rgrandl/weaver-app,kube_weaver-app.yaml,hpa_file,2023-07-29 00:05:15+00:00,
rgrandl/weaver-app,kube_weaver-app.yaml,hpa_file,2023-07-29 00:01:02+00:00,
erichnp/fiap-soft-arch-food-service,,repo,2024-03-17 19:30:43+00:00,
erichnp/fiap-soft-arch-food-service,,repo,2024-03-17 19:30:07+00:00,
erichnp/fiap-soft-arch-food-service,,repo,2024-03-10 23:27:19+00:00,
erichnp/fiap-soft-arch-food-service,,repo,2024-03-10 23:21:29+00:00,
erichnp/fiap-soft-arch-food-service,,repo,2024-03-10 18:43:39+00:00,
erichnp/fiap-soft-arch-food-service,,repo,2024-03-10 18:40:41+00:00,
erichnp/fiap-soft-arch-food-service,,repo,2024-03-10 17:59:59+00:00,
erichnp/fiap-soft-arch-food-service,,repo,2024-03-10 17:57:47+00:00,
erichnp/fiap-soft-arch-food-service,,repo,2024-03-10 17:57:17+00:00,
erichnp/fiap-soft-arch-food-service,,repo,2024-03-10 17:56:31+00:00,
erichnp/fiap-soft-arch-food-service,,repo,2024-03-10 17:54:45+00:00,
erichnp/fiap-soft-arch-food-service,,repo,2024-03-09 13:57:14+00:00,
erichnp/fiap-soft-arch-food-service,,repo,2024-02-18 20:54:36+00:00,
erichnp/fiap-soft-arch-food-service,manifests/food-service-backend-autosacling.yaml,hpa_file,2024-03-10 17:54:45+00:00,
MrThuy/fc-kubernets,,repo,2024-02-22 02:45:17+00:00,
MrThuy/fc-kubernets,fc-k8s/k8s/hpa.yaml,hpa_file,2024-02-22 02:45:17+00:00,
MounaGC/helloworld,,repo,2023-08-03 08:43:44+00:00,
MounaGC/helloworld,,repo,2023-08-03 08:37:10+00:00,
MounaGC/helloworld,,repo,2023-08-03 08:35:45+00:00,
MounaGC/helloworld,,repo,2023-08-02 20:20:41+00:00,
MounaGC/helloworld,deployment.yaml,hpa_file,2023-08-03 08:37:10+00:00,
MounaGC/helloworld,deployment.yaml,hpa_file,2023-08-02 20:20:41+00:00,
unfor19/kubernetes-quickstart,,repo,2023-07-03 16:23:35+00:00,
unfor19/kubernetes-quickstart,,repo,2023-07-03 16:09:44+00:00,
unfor19/kubernetes-quickstart,,repo,2023-07-03 16:07:41+00:00,
unfor19/kubernetes-quickstart,,repo,2023-06-30 07:20:47+00:00,
unfor19/kubernetes-quickstart,hpa.yml,hpa_file,2023-07-03 16:23:35+00:00,
unfor19/kubernetes-quickstart,hpa.yml,hpa_file,2023-07-03 16:07:41+00:00,
chatgut/MicroServiceAuth,,repo,2023-05-25 09:13:50+00:00,
chatgut/MicroServiceAuth,,repo,2023-05-25 06:49:35+00:00,
chatgut/MicroServiceAuth,,repo,2023-05-24 12:23:16+00:00,
chatgut/MicroServiceAuth,,repo,2023-05-24 08:26:02+00:00,
chatgut/MicroServiceAuth,,repo,2023-05-24 07:52:12+00:00,
chatgut/MicroServiceAuth,,repo,2023-05-23 15:07:33+00:00,
chatgut/MicroServiceAuth,,repo,2023-05-20 10:26:16+00:00,
chatgut/MicroServiceAuth,,repo,2023-05-20 08:06:16+00:00,
chatgut/MicroServiceAuth,,repo,2023-05-16 09:31:05+00:00,
chatgut/MicroServiceAuth,,repo,2023-05-12 19:59:16+00:00,
chatgut/MicroServiceAuth,,repo,2023-05-12 09:47:19+00:00,
chatgut/MicroServiceAuth,,repo,2023-05-12 07:49:11+00:00,
chatgut/MicroServiceAuth,,repo,2023-05-10 13:14:23+00:00,
chatgut/MicroServiceAuth,,repo,2023-05-10 11:56:14+00:00,
chatgut/MicroServiceAuth,,repo,2023-05-09 08:55:07+00:00,
chatgut/MicroServiceAuth,,repo,2023-05-09 08:51:27+00:00,
chatgut/MicroServiceAuth,,repo,2023-05-09 08:28:27+00:00,
chatgut/MicroServiceAuth,,repo,2023-05-06 20:13:34+00:00,
chatgut/MicroServiceAuth,,repo,2023-05-06 20:09:16+00:00,
chatgut/MicroServiceAuth,,repo,2023-05-06 20:05:53+00:00,
chatgut/MicroServiceAuth,,repo,2023-05-06 19:46:51+00:00,
chatgut/MicroServiceAuth,,repo,2023-05-06 19:26:06+00:00,
chatgut/MicroServiceAuth,,repo,2023-05-06 19:10:37+00:00,
chatgut/MicroServiceAuth,,repo,2023-05-06 19:03:44+00:00,
chatgut/MicroServiceAuth,,repo,2023-05-06 14:53:37+00:00,
chatgut/MicroServiceAuth,,repo,2023-05-06 14:06:40+00:00,
chatgut/MicroServiceAuth,,repo,2023-05-05 21:15:40+00:00,
chatgut/MicroServiceAuth,hpa.yaml,hpa_file,2023-05-12 19:59:16+00:00,
denizturkmen/Kubernetes_Solutions,,repo,2025-10-07 19:10:05+00:00,
denizturkmen/Kubernetes_Solutions,,repo,2025-10-07 19:01:00+00:00,
denizturkmen/Kubernetes_Solutions,,repo,2025-10-07 18:31:33+00:00,
denizturkmen/Kubernetes_Solutions,,repo,2025-10-07 17:52:19+00:00,
denizturkmen/Kubernetes_Solutions,,repo,2025-10-07 17:04:46+00:00,
denizturkmen/Kubernetes_Solutions,,repo,2025-08-25 14:04:53+00:00,
denizturkmen/Kubernetes_Solutions,,repo,2025-08-02 10:51:35+00:00,
denizturkmen/Kubernetes_Solutions,,repo,2025-08-01 16:59:31+00:00,
denizturkmen/Kubernetes_Solutions,,repo,2025-08-01 16:00:47+00:00,
denizturkmen/Kubernetes_Solutions,,repo,2025-07-10 19:43:01+00:00,
denizturkmen/Kubernetes_Solutions,,repo,2025-04-30 12:57:59+00:00,
denizturkmen/Kubernetes_Solutions,,repo,2025-04-27 17:46:36+00:00,
denizturkmen/Kubernetes_Solutions,,repo,2025-04-26 18:30:42+00:00,
denizturkmen/Kubernetes_Solutions,,repo,2025-04-26 18:27:44+00:00,
denizturkmen/Kubernetes_Solutions,,repo,2025-04-26 18:23:54+00:00,
denizturkmen/Kubernetes_Solutions,,repo,2025-04-26 17:36:57+00:00,
denizturkmen/Kubernetes_Solutions,,repo,2025-04-26 17:18:56+00:00,
denizturkmen/Kubernetes_Solutions,,repo,2025-04-25 19:51:59+00:00,
denizturkmen/Kubernetes_Solutions,,repo,2025-04-25 19:33:55+00:00,
denizturkmen/Kubernetes_Solutions,,repo,2025-04-25 13:07:43+00:00,
denizturkmen/Kubernetes_Solutions,,repo,2025-04-19 11:09:47+00:00,
denizturkmen/Kubernetes_Solutions,,repo,2025-03-10 09:12:16+00:00,
denizturkmen/Kubernetes_Solutions,,repo,2025-03-04 09:41:09+00:00,
denizturkmen/Kubernetes_Solutions,,repo,2025-03-03 17:48:17+00:00,
denizturkmen/Kubernetes_Solutions,,repo,2025-03-03 17:30:22+00:00,
denizturkmen/Kubernetes_Solutions,,repo,2025-03-03 12:39:10+00:00,
denizturkmen/Kubernetes_Solutions,,repo,2025-03-03 12:32:37+00:00,
denizturkmen/Kubernetes_Solutions,,repo,2025-02-19 11:59:19+00:00,
denizturkmen/Kubernetes_Solutions,,repo,2024-09-01 15:05:35+00:00,
denizturkmen/Kubernetes_Solutions,,repo,2024-08-11 18:41:54+00:00,
denizturkmen/Kubernetes_Solutions,,repo,2024-08-11 18:39:33+00:00,
denizturkmen/Kubernetes_Solutions,,repo,2024-08-11 18:25:59+00:00,
denizturkmen/Kubernetes_Solutions,,repo,2024-08-11 18:19:14+00:00,
denizturkmen/Kubernetes_Solutions,,repo,2024-08-11 18:16:31+00:00,
denizturkmen/Kubernetes_Solutions,,repo,2024-08-11 18:15:52+00:00,
denizturkmen/Kubernetes_Solutions,,repo,2024-08-11 18:08:04+00:00,
denizturkmen/Kubernetes_Solutions,,repo,2024-07-21 16:48:35+00:00,
denizturkmen/Kubernetes_Solutions,,repo,2024-07-20 12:35:14+00:00,
denizturkmen/Kubernetes_Solutions,,repo,2024-06-30 15:16:05+00:00,
denizturkmen/Kubernetes_Solutions,,repo,2024-06-30 12:17:28+00:00,
denizturkmen/Kubernetes_Solutions,,repo,2024-06-30 11:37:03+00:00,
denizturkmen/Kubernetes_Solutions,,repo,2024-06-29 20:25:16+00:00,
denizturkmen/Kubernetes_Solutions,,repo,2024-06-29 20:17:51+00:00,
denizturkmen/Kubernetes_Solutions,,repo,2024-06-29 20:05:06+00:00,
denizturkmen/Kubernetes_Solutions,,repo,2024-06-29 20:03:03+00:00,
denizturkmen/Kubernetes_Solutions,,repo,2024-06-29 20:01:34+00:00,
denizturkmen/Kubernetes_Solutions,,repo,2024-06-29 19:58:50+00:00,
denizturkmen/Kubernetes_Solutions,,repo,2024-06-28 12:52:37+00:00,
denizturkmen/Kubernetes_Solutions,,repo,2024-06-18 12:54:25+00:00,
denizturkmen/Kubernetes_Solutions,,repo,2024-06-17 10:11:45+00:00,
denizturkmen/Kubernetes_Solutions,,repo,2024-06-13 15:43:10+00:00,
denizturkmen/Kubernetes_Solutions,,repo,2024-05-30 16:25:28+00:00,
denizturkmen/Kubernetes_Solutions,,repo,2024-05-27 18:05:52+00:00,
denizturkmen/Kubernetes_Solutions,,repo,2024-05-27 17:06:56+00:00,
denizturkmen/Kubernetes_Solutions,,repo,2024-05-27 16:54:17+00:00,
denizturkmen/Kubernetes_Solutions,,repo,2024-05-26 08:36:15+00:00,
denizturkmen/Kubernetes_Solutions,,repo,2024-05-26 07:34:48+00:00,
denizturkmen/Kubernetes_Solutions,,repo,2024-05-26 07:28:24+00:00,
denizturkmen/Kubernetes_Solutions,,repo,2024-05-26 06:39:32+00:00,
denizturkmen/Kubernetes_Solutions,,repo,2024-05-20 18:59:08+00:00,
denizturkmen/Kubernetes_Solutions,,repo,2024-05-20 18:56:33+00:00,
denizturkmen/Kubernetes_Solutions,,repo,2024-05-20 18:56:00+00:00,
denizturkmen/Kubernetes_Solutions,,repo,2024-05-19 19:46:07+00:00,
denizturkmen/Kubernetes_Solutions,,repo,2024-05-19 19:43:35+00:00,
denizturkmen/Kubernetes_Solutions,,repo,2024-05-19 19:43:00+00:00,
denizturkmen/Kubernetes_Solutions,,repo,2024-05-19 19:38:18+00:00,
denizturkmen/Kubernetes_Solutions,,repo,2024-05-19 09:36:08+00:00,
denizturkmen/Kubernetes_Solutions,,repo,2024-05-12 18:09:06+00:00,
denizturkmen/Kubernetes_Solutions,,repo,2024-05-12 07:55:58+00:00,
denizturkmen/Kubernetes_Solutions,,repo,2024-05-10 19:15:08+00:00,
denizturkmen/Kubernetes_Solutions,,repo,2024-05-10 17:56:25+00:00,
denizturkmen/Kubernetes_Solutions,,repo,2024-01-28 12:19:53+00:00,
denizturkmen/Kubernetes_Solutions,,repo,2023-12-31 16:24:08+00:00,
denizturkmen/Kubernetes_Solutions,,repo,2023-12-31 12:23:53+00:00,
denizturkmen/Kubernetes_Solutions,,repo,2023-11-20 18:10:04+00:00,
denizturkmen/Kubernetes_Solutions,,repo,2023-11-12 18:18:46+00:00,
denizturkmen/Kubernetes_Solutions,,repo,2023-09-26 17:25:06+00:00,
denizturkmen/Kubernetes_Solutions,,repo,2023-09-25 18:50:18+00:00,
denizturkmen/Kubernetes_Solutions,,repo,2023-09-25 18:37:27+00:00,
denizturkmen/Kubernetes_Solutions,,repo,2023-09-24 14:15:52+00:00,
denizturkmen/Kubernetes_Solutions,,repo,2023-09-24 14:09:06+00:00,
denizturkmen/Kubernetes_Solutions,,repo,2023-09-24 13:58:51+00:00,
denizturkmen/Kubernetes_Solutions,,repo,2023-09-24 13:55:13+00:00,
denizturkmen/Kubernetes_Solutions,,repo,2023-09-24 13:54:00+00:00,
denizturkmen/Kubernetes_Solutions,,repo,2023-09-23 11:25:11+00:00,
denizturkmen/Kubernetes_Solutions,,repo,2023-09-23 11:24:24+00:00,
denizturkmen/Kubernetes_Solutions,,repo,2023-09-23 10:59:52+00:00,
denizturkmen/Kubernetes_Solutions,,repo,2023-09-22 19:14:03+00:00,
denizturkmen/Kubernetes_Solutions,,repo,2023-09-18 16:54:41+00:00,
denizturkmen/Kubernetes_Solutions,,repo,2023-09-16 14:56:40+00:00,
denizturkmen/Kubernetes_Solutions,,repo,2023-09-14 16:46:55+00:00,
denizturkmen/Kubernetes_Solutions,,repo,2023-09-14 16:46:24+00:00,
denizturkmen/Kubernetes_Solutions,,repo,2023-09-13 18:09:26+00:00,
denizturkmen/Kubernetes_Solutions,,repo,2023-09-12 17:30:31+00:00,
denizturkmen/Kubernetes_Solutions,,repo,2023-09-11 18:12:50+00:00,
denizturkmen/Kubernetes_Solutions,,repo,2023-09-11 18:11:07+00:00,
denizturkmen/Kubernetes_Solutions,,repo,2023-09-10 14:16:06+00:00,
denizturkmen/Kubernetes_Solutions,,repo,2023-09-10 13:48:50+00:00,
denizturkmen/Kubernetes_Solutions,,repo,2023-09-10 13:46:06+00:00,
denizturkmen/Kubernetes_Solutions,,repo,2023-09-10 13:39:11+00:00,
denizturkmen/Kubernetes_Solutions,,repo,2023-09-09 08:01:59+00:00,
denizturkmen/Kubernetes_Solutions,,repo,2023-09-09 07:05:04+00:00,
denizturkmen/Kubernetes_Solutions,,repo,2023-09-08 19:34:44+00:00,
denizturkmen/Kubernetes_Solutions,,repo,2023-09-08 19:26:54+00:00,
denizturkmen/Kubernetes_Solutions,,repo,2023-09-08 19:25:48+00:00,
denizturkmen/Kubernetes_Solutions,,repo,2023-09-08 19:24:30+00:00,
denizturkmen/Kubernetes_Solutions,,repo,2023-09-08 19:17:04+00:00,
denizturkmen/Kubernetes_Solutions,,repo,2023-09-07 16:58:43+00:00,
denizturkmen/Kubernetes_Solutions,,repo,2023-09-07 16:40:33+00:00,
denizturkmen/Kubernetes_Solutions,,repo,2023-09-05 18:56:15+00:00,
denizturkmen/Kubernetes_Solutions,,repo,2023-09-05 18:46:58+00:00,
denizturkmen/Kubernetes_Solutions,,repo,2023-09-05 18:26:16+00:00,
denizturkmen/Kubernetes_Solutions,,repo,2023-09-05 18:02:03+00:00,
denizturkmen/Kubernetes_Solutions,,repo,2023-09-05 17:55:43+00:00,
denizturkmen/Kubernetes_Solutions,,repo,2023-09-04 17:30:40+00:00,
denizturkmen/Kubernetes_Solutions,,repo,2023-09-04 17:25:33+00:00,
denizturkmen/Kubernetes_Solutions,,repo,2023-09-04 17:24:46+00:00,
denizturkmen/Kubernetes_Solutions,,repo,2023-09-03 10:02:34+00:00,
denizturkmen/Kubernetes_Solutions,,repo,2023-09-03 09:26:38+00:00,
denizturkmen/Kubernetes_Solutions,,repo,2023-09-02 15:47:05+00:00,
denizturkmen/Kubernetes_Solutions,,repo,2023-09-02 14:08:35+00:00,
denizturkmen/Kubernetes_Solutions,,repo,2023-09-02 14:03:47+00:00,
denizturkmen/Kubernetes_Solutions,,repo,2023-09-02 13:56:18+00:00,
denizturkmen/Kubernetes_Solutions,,repo,2023-09-02 13:44:31+00:00,
denizturkmen/Kubernetes_Solutions,,repo,2023-09-02 13:43:39+00:00,
denizturkmen/Kubernetes_Solutions,,repo,2023-09-02 13:40:56+00:00,
denizturkmen/Kubernetes_Solutions,,repo,2023-09-02 13:38:13+00:00,
denizturkmen/Kubernetes_Solutions,,repo,2023-09-02 13:37:25+00:00,
denizturkmen/Kubernetes_Solutions,,repo,2023-09-02 13:36:57+00:00,
denizturkmen/Kubernetes_Solutions,,repo,2023-09-02 13:35:00+00:00,
denizturkmen/Kubernetes_Solutions,,repo,2023-09-02 13:33:26+00:00,
denizturkmen/Kubernetes_Solutions,,repo,2023-09-02 13:32:49+00:00,
denizturkmen/Kubernetes_Solutions,,repo,2023-08-30 14:15:16+00:00,
denizturkmen/Kubernetes_Solutions,,repo,2023-08-30 14:13:52+00:00,
denizturkmen/Kubernetes_Solutions,,repo,2023-08-30 14:12:55+00:00,
denizturkmen/Kubernetes_Solutions,,repo,2023-08-30 13:51:54+00:00,
denizturkmen/Kubernetes_Solutions,,repo,2023-08-30 13:47:44+00:00,
denizturkmen/Kubernetes_Solutions,,repo,2023-08-28 17:45:13+00:00,
denizturkmen/Kubernetes_Solutions,,repo,2023-08-28 10:59:28+00:00,
denizturkmen/Kubernetes_Solutions,,repo,2023-08-28 10:26:39+00:00,
denizturkmen/Kubernetes_Solutions,,repo,2023-08-28 05:37:36+00:00,
denizturkmen/Kubernetes_Solutions,,repo,2023-08-27 17:15:04+00:00,
denizturkmen/Kubernetes_Solutions,,repo,2023-08-27 16:32:13+00:00,
denizturkmen/Kubernetes_Solutions,,repo,2023-08-27 16:19:27+00:00,
denizturkmen/Kubernetes_Solutions,,repo,2023-08-27 16:09:45+00:00,
denizturkmen/Kubernetes_Solutions,,repo,2023-08-27 16:09:31+00:00,
denizturkmen/Kubernetes_Solutions,,repo,2023-08-27 15:49:44+00:00,
denizturkmen/Kubernetes_Solutions,,repo,2023-08-27 15:49:14+00:00,
denizturkmen/Kubernetes_Solutions,,repo,2023-08-27 15:47:36+00:00,
denizturkmen/Kubernetes_Solutions,,repo,2023-08-27 15:43:06+00:00,
denizturkmen/Kubernetes_Solutions,,repo,2023-08-27 15:40:10+00:00,
denizturkmen/Kubernetes_Solutions,,repo,2023-08-27 15:39:40+00:00,
denizturkmen/Kubernetes_Solutions,,repo,2023-08-25 16:13:19+00:00,
denizturkmen/Kubernetes_Solutions,,repo,2023-08-25 15:42:11+00:00,
denizturkmen/Kubernetes_Solutions,,repo,2023-08-25 15:30:07+00:00,
denizturkmen/Kubernetes_Solutions,,repo,2023-08-21 19:14:13+00:00,
denizturkmen/Kubernetes_Solutions,,repo,2023-08-21 17:42:35+00:00,
denizturkmen/Kubernetes_Solutions,,repo,2023-08-21 17:41:27+00:00,
denizturkmen/Kubernetes_Solutions,,repo,2023-08-20 15:27:21+00:00,
denizturkmen/Kubernetes_Solutions,,repo,2023-08-20 15:07:52+00:00,
denizturkmen/Kubernetes_Solutions,,repo,2023-08-20 14:54:05+00:00,
denizturkmen/Kubernetes_Solutions,,repo,2023-08-20 08:35:46+00:00,
denizturkmen/Kubernetes_Solutions,,repo,2023-08-20 08:20:36+00:00,
denizturkmen/Kubernetes_Solutions,,repo,2023-08-20 08:14:28+00:00,
denizturkmen/Kubernetes_Solutions,,repo,2023-08-20 08:12:34+00:00,
denizturkmen/Kubernetes_Solutions,,repo,2023-08-20 08:01:59+00:00,
denizturkmen/Kubernetes_Solutions,,repo,2023-08-20 07:31:56+00:00,
denizturkmen/Kubernetes_Solutions,,repo,2023-08-20 07:16:29+00:00,
denizturkmen/Kubernetes_Solutions,,repo,2023-08-19 20:37:00+00:00,
denizturkmen/Kubernetes_Solutions,,repo,2023-08-19 19:48:43+00:00,
denizturkmen/Kubernetes_Solutions,,repo,2023-08-19 19:47:57+00:00,
denizturkmen/Kubernetes_Solutions,,repo,2023-08-19 19:29:46+00:00,
denizturkmen/Kubernetes_Solutions,,repo,2023-08-19 19:26:51+00:00,
denizturkmen/Kubernetes_Solutions,,repo,2023-08-19 19:24:50+00:00,
denizturkmen/Kubernetes_Solutions,,repo,2023-08-19 13:35:57+00:00,
denizturkmen/Kubernetes_Solutions,,repo,2023-08-19 13:34:26+00:00,
denizturkmen/Kubernetes_Solutions,,repo,2023-08-19 13:33:24+00:00,
denizturkmen/Kubernetes_Solutions,,repo,2023-08-19 13:32:54+00:00,
denizturkmen/Kubernetes_Solutions,,repo,2023-08-19 13:32:18+00:00,
denizturkmen/Kubernetes_Solutions,,repo,2023-08-19 12:02:08+00:00,
denizturkmen/Kubernetes_Solutions,,repo,2023-08-19 11:55:51+00:00,
denizturkmen/Kubernetes_Solutions,,repo,2023-08-19 10:52:39+00:00,
denizturkmen/Kubernetes_Solutions,,repo,2023-08-19 07:57:43+00:00,
denizturkmen/Kubernetes_Solutions,,repo,2023-08-19 07:45:42+00:00,
denizturkmen/Kubernetes_Solutions,,repo,2023-08-19 07:43:01+00:00,
denizturkmen/Kubernetes_Solutions,,repo,2023-08-19 07:23:01+00:00,
denizturkmen/Kubernetes_Solutions,,repo,2023-08-19 07:16:16+00:00,
denizturkmen/Kubernetes_Solutions,,repo,2023-08-19 06:59:32+00:00,
denizturkmen/Kubernetes_Solutions,,repo,2023-08-19 06:57:34+00:00,
denizturkmen/Kubernetes_Solutions,,repo,2023-08-18 18:43:17+00:00,
denizturkmen/Kubernetes_Solutions,,repo,2023-08-18 16:40:06+00:00,
denizturkmen/Kubernetes_Solutions,,repo,2023-08-18 14:28:30+00:00,
denizturkmen/Kubernetes_Solutions,,repo,2023-08-18 13:20:06+00:00,
denizturkmen/Kubernetes_Solutions,,repo,2023-08-18 13:07:51+00:00,
denizturkmen/Kubernetes_Solutions,,repo,2023-08-18 12:53:00+00:00,
denizturkmen/Kubernetes_Solutions,,repo,2023-08-16 18:25:45+00:00,
denizturkmen/Kubernetes_Solutions,,repo,2023-08-16 18:25:09+00:00,
denizturkmen/Kubernetes_Solutions,,repo,2023-08-16 18:23:42+00:00,
denizturkmen/Kubernetes_Solutions,,repo,2023-08-16 18:22:03+00:00,
denizturkmen/Kubernetes_Solutions,,repo,2023-08-15 18:55:18+00:00,
denizturkmen/Kubernetes_Solutions,Advance in K8s/Horizontal Pod AutoScaling for K8s/Template-Horizontal-PodAuto-Scaling.yaml,hpa_file,2023-08-27 17:15:04+00:00,
denizturkmen/Kubernetes_Solutions,Advance in K8s/Horizontal Pod AutoScaling for K8s/Template-Horizontal-PodAuto-Scaling.yaml,hpa_file,2023-08-27 16:19:27+00:00,
dineshtamang14/Loki-Monitoring-Stack,,repo,2023-05-31 11:22:46+00:00,
dineshtamang14/Loki-Monitoring-Stack,,repo,2023-05-31 10:51:24+00:00,
dineshtamang14/Loki-Monitoring-Stack,,repo,2023-05-31 10:42:45+00:00,
dineshtamang14/Loki-Monitoring-Stack,,repo,2023-05-31 07:31:20+00:00,
dineshtamang14/Loki-Monitoring-Stack,,repo,2023-05-31 07:30:50+00:00,
dineshtamang14/Loki-Monitoring-Stack,,repo,2023-05-31 07:26:31+00:00,
dineshtamang14/Loki-Monitoring-Stack,kubernetes/movies-hpa.yml,hpa_file,2023-05-31 10:42:45+00:00,
dineshtamang14/Loki-Monitoring-Stack,kubernetes/movies-hpa.yml,hpa_file,2023-05-31 07:30:50+00:00,
Henchway/SDE24-DevOps-Exercise1,,repo,2023-10-31 16:48:56+00:00,
Henchway/SDE24-DevOps-Exercise1,,repo,2023-10-31 16:44:54+00:00,
Henchway/SDE24-DevOps-Exercise1,,repo,2023-10-31 16:40:52+00:00,
Henchway/SDE24-DevOps-Exercise1,,repo,2023-10-31 16:37:00+00:00,
Henchway/SDE24-DevOps-Exercise1,,repo,2023-10-26 09:12:37+00:00,
Henchway/SDE24-DevOps-Exercise1,,repo,2023-10-25 17:19:25+00:00,
Henchway/SDE24-DevOps-Exercise1,,repo,2023-10-25 17:16:56+00:00,
Henchway/SDE24-DevOps-Exercise1,,repo,2023-10-25 17:16:11+00:00,
Henchway/SDE24-DevOps-Exercise1,,repo,2023-10-23 11:53:43+00:00,
Henchway/SDE24-DevOps-Exercise1,,repo,2023-10-23 11:52:21+00:00,
Henchway/SDE24-DevOps-Exercise1,,repo,2023-10-23 11:49:43+00:00,
Henchway/SDE24-DevOps-Exercise1,,repo,2023-10-23 11:47:16+00:00,
Henchway/SDE24-DevOps-Exercise1,,repo,2023-10-19 13:12:25+00:00,
Henchway/SDE24-DevOps-Exercise1,,repo,2023-10-19 13:09:46+00:00,
Henchway/SDE24-DevOps-Exercise1,,repo,2023-10-19 13:05:44+00:00,
Henchway/SDE24-DevOps-Exercise1,,repo,2023-10-16 21:18:56+00:00,
Henchway/SDE24-DevOps-Exercise1,,repo,2023-10-16 20:32:16+00:00,
Henchway/SDE24-DevOps-Exercise1,,repo,2023-10-16 20:31:08+00:00,
Henchway/SDE24-DevOps-Exercise1,,repo,2023-10-16 20:26:41+00:00,
Henchway/SDE24-DevOps-Exercise1,,repo,2023-10-16 20:16:12+00:00,
Henchway/SDE24-DevOps-Exercise1,,repo,2023-10-16 18:27:38+00:00,
Henchway/SDE24-DevOps-Exercise1,,repo,2023-10-16 18:19:01+00:00,
Henchway/SDE24-DevOps-Exercise1,,repo,2023-10-16 18:15:18+00:00,
Henchway/SDE24-DevOps-Exercise1,,repo,2023-10-16 17:46:37+00:00,
Henchway/SDE24-DevOps-Exercise1,,repo,2023-10-16 17:43:24+00:00,
Henchway/SDE24-DevOps-Exercise1,,repo,2023-10-16 17:37:35+00:00,
Henchway/SDE24-DevOps-Exercise1,,repo,2023-10-16 17:24:19+00:00,
Henchway/SDE24-DevOps-Exercise1,,repo,2023-10-16 17:23:08+00:00,
Henchway/SDE24-DevOps-Exercise1,,repo,2023-10-16 17:09:15+00:00,
Henchway/SDE24-DevOps-Exercise1,,repo,2023-10-16 16:59:56+00:00,
Henchway/SDE24-DevOps-Exercise1,,repo,2023-10-16 16:51:16+00:00,
Henchway/SDE24-DevOps-Exercise1,,repo,2023-10-16 16:49:10+00:00,
Henchway/SDE24-DevOps-Exercise1,,repo,2023-10-16 16:46:21+00:00,
Henchway/SDE24-DevOps-Exercise1,,repo,2023-10-16 16:43:19+00:00,
Henchway/SDE24-DevOps-Exercise1,,repo,2023-10-16 16:40:24+00:00,
Henchway/SDE24-DevOps-Exercise1,,repo,2023-10-16 16:28:59+00:00,
Henchway/SDE24-DevOps-Exercise1,,repo,2023-10-16 16:17:41+00:00,
Henchway/SDE24-DevOps-Exercise1,kubernetes/kubernetes.yml,hpa_file,2023-10-25 17:16:56+00:00,
me-when-the-uh/vk-education-SRE,,repo,2023-11-22 21:19:55+00:00,
me-when-the-uh/vk-education-SRE,,repo,2023-07-24 15:33:56+00:00,
me-when-the-uh/vk-education-SRE,,repo,2023-07-15 12:51:48+00:00,
me-when-the-uh/vk-education-SRE,,repo,2023-07-15 12:43:11+00:00,
me-when-the-uh/vk-education-SRE,,repo,2023-07-15 12:43:01+00:00,
me-when-the-uh/vk-education-SRE,,repo,2023-07-12 19:55:48+00:00,
me-when-the-uh/vk-education-SRE,,repo,2023-07-12 19:55:38+00:00,
me-when-the-uh/vk-education-SRE,,repo,2023-07-12 19:53:56+00:00,
me-when-the-uh/vk-education-SRE,,repo,2023-07-12 19:52:22+00:00,
me-when-the-uh/vk-education-SRE,,repo,2023-05-12 09:50:12+00:00,
me-when-the-uh/vk-education-SRE,,repo,2023-04-11 21:10:14+00:00,
me-when-the-uh/vk-education-SRE,,repo,2023-04-11 21:08:20+00:00,
me-when-the-uh/vk-education-SRE,Kubernetes/5.yaml,hpa_file,2023-11-22 21:19:55+00:00,
neyo55/capstone-git,,repo,2024-04-18 13:19:10+00:00,
neyo55/capstone-git,,repo,2024-04-16 09:20:29+00:00,
neyo55/capstone-git,,repo,2024-03-23 00:14:43+00:00,
neyo55/capstone-git,,repo,2024-03-21 00:01:04+00:00,
neyo55/capstone-git,,repo,2024-03-20 22:35:46+00:00,
neyo55/capstone-git,,repo,2024-03-20 22:15:32+00:00,
neyo55/capstone-git,,repo,2024-03-20 20:54:08+00:00,
neyo55/capstone-git,,repo,2024-03-20 17:18:26+00:00,
neyo55/capstone-git,,repo,2024-03-20 16:49:26+00:00,
neyo55/capstone-git,,repo,2024-03-20 16:47:19+00:00,
neyo55/capstone-git,,repo,2024-03-20 16:45:55+00:00,
neyo55/capstone-git,,repo,2024-03-20 16:42:03+00:00,
neyo55/capstone-git,,repo,2024-03-20 16:33:02+00:00,
neyo55/capstone-git,,repo,2024-03-20 14:02:04+00:00,
neyo55/capstone-git,,repo,2024-03-20 13:16:20+00:00,
neyo55/capstone-git,,repo,2024-03-20 13:14:20+00:00,
neyo55/capstone-git,,repo,2024-03-20 11:02:25+00:00,
neyo55/capstone-git,,repo,2024-03-20 10:53:25+00:00,
neyo55/capstone-git,,repo,2024-03-20 10:48:15+00:00,
neyo55/capstone-git,,repo,2024-03-20 10:15:19+00:00,
neyo55/capstone-git,,repo,2024-03-19 10:19:55+00:00,
neyo55/capstone-git,,repo,2024-03-19 08:57:41+00:00,
neyo55/capstone-git,,repo,2024-03-19 00:14:04+00:00,
neyo55/capstone-git,,repo,2024-03-18 23:57:08+00:00,
neyo55/capstone-git,,repo,2024-03-18 23:52:16+00:00,
neyo55/capstone-git,,repo,2024-03-18 23:45:39+00:00,
neyo55/capstone-git,,repo,2024-03-18 23:39:11+00:00,
neyo55/capstone-git,,repo,2024-03-18 23:27:45+00:00,
neyo55/capstone-git,,repo,2024-03-18 23:00:00+00:00,
neyo55/capstone-git,,repo,2024-03-16 18:35:05+00:00,
neyo55/capstone-git,,repo,2024-03-16 14:47:09+00:00,
neyo55/capstone-git,,repo,2024-03-15 16:12:09+00:00,
neyo55/capstone-git,,repo,2024-03-15 10:54:10+00:00,
neyo55/capstone-git,,repo,2024-03-15 10:46:01+00:00,
neyo55/capstone-git,,repo,2024-03-15 03:27:11+00:00,
neyo55/capstone-git,,repo,2024-03-15 03:24:56+00:00,
neyo55/capstone-git,,repo,2024-03-14 21:38:59+00:00,
neyo55/capstone-git,,repo,2024-03-14 14:40:04+00:00,
neyo55/capstone-git,,repo,2024-03-14 00:27:25+00:00,
neyo55/capstone-git,,repo,2024-03-13 21:27:51+00:00,
neyo55/capstone-git,,repo,2024-03-13 13:48:03+00:00,
neyo55/capstone-git,,repo,2024-03-13 13:27:35+00:00,
neyo55/capstone-git,,repo,2024-03-13 13:00:33+00:00,
neyo55/capstone-git,,repo,2024-03-13 12:21:22+00:00,
neyo55/capstone-git,,repo,2024-03-13 11:02:53+00:00,
neyo55/capstone-git,,repo,2024-03-13 10:13:14+00:00,
neyo55/capstone-git,,repo,2024-03-13 09:36:34+00:00,
neyo55/capstone-git,,repo,2024-03-13 09:34:29+00:00,
neyo55/capstone-git,,repo,2024-03-12 21:51:27+00:00,
neyo55/capstone-git,,repo,2024-03-12 16:57:07+00:00,
neyo55/capstone-git,,repo,2024-03-12 15:32:44+00:00,
neyo55/capstone-git,,repo,2024-03-12 15:29:18+00:00,
neyo55/capstone-git,,repo,2024-03-12 05:34:13+00:00,
neyo55/capstone-git,,repo,2024-03-12 03:12:36+00:00,
neyo55/capstone-git,,repo,2024-03-12 03:09:20+00:00,
neyo55/capstone-git,,repo,2024-03-12 02:51:22+00:00,
neyo55/capstone-git,,repo,2024-03-12 02:44:09+00:00,
neyo55/capstone-git,,repo,2024-03-12 01:15:57+00:00,
neyo55/capstone-git,,repo,2024-03-12 00:14:36+00:00,
neyo55/capstone-git,,repo,2024-03-11 23:21:22+00:00,
neyo55/capstone-git,,repo,2024-03-11 23:20:00+00:00,
neyo55/capstone-git,,repo,2024-03-11 22:39:30+00:00,
neyo55/capstone-git,,repo,2024-03-11 21:12:05+00:00,
neyo55/capstone-git,,repo,2024-03-11 16:13:44+00:00,
neyo55/capstone-git,,repo,2024-03-11 12:41:16+00:00,
neyo55/capstone-git,,repo,2024-03-11 12:28:35+00:00,
neyo55/capstone-git,,repo,2024-03-11 11:37:30+00:00,
neyo55/capstone-git,,repo,2024-03-11 11:27:10+00:00,
neyo55/capstone-git,apps/autoscaling/payment-hsc.yaml,hpa_file,2024-03-14 00:27:25+00:00,
indalyadav56/meetspace_backend,,repo,2024-05-12 00:51:17+00:00,
indalyadav56/meetspace_backend,,repo,2024-05-11 08:34:37+00:00,
indalyadav56/meetspace_backend,,repo,2024-05-11 08:00:58+00:00,
indalyadav56/meetspace_backend,,repo,2024-05-11 01:35:32+00:00,
indalyadav56/meetspace_backend,,repo,2024-04-07 02:55:40+00:00,
indalyadav56/meetspace_backend,,repo,2024-04-07 02:36:05+00:00,
indalyadav56/meetspace_backend,,repo,2024-03-19 02:01:06+00:00,
indalyadav56/meetspace_backend,,repo,2024-03-17 01:25:42+00:00,
indalyadav56/meetspace_backend,,repo,2024-03-09 03:31:21+00:00,
indalyadav56/meetspace_backend,,repo,2024-03-07 02:46:12+00:00,
indalyadav56/meetspace_backend,,repo,2024-03-06 14:55:47+00:00,
indalyadav56/meetspace_backend,,repo,2024-03-04 02:31:14+00:00,
indalyadav56/meetspace_backend,,repo,2024-03-03 02:26:36+00:00,
indalyadav56/meetspace_backend,,repo,2024-03-02 04:06:00+00:00,
indalyadav56/meetspace_backend,,repo,2024-03-02 03:13:11+00:00,
indalyadav56/meetspace_backend,,repo,2024-03-02 03:12:01+00:00,
indalyadav56/meetspace_backend,,repo,2024-03-02 03:10:45+00:00,
indalyadav56/meetspace_backend,,repo,2024-03-02 01:48:24+00:00,
indalyadav56/meetspace_backend,,repo,2024-02-27 03:48:46+00:00,
indalyadav56/meetspace_backend,,repo,2024-02-27 03:48:03+00:00,
indalyadav56/meetspace_backend,,repo,2024-02-27 03:32:20+00:00,
indalyadav56/meetspace_backend,,repo,2024-02-23 01:43:23+00:00,
indalyadav56/meetspace_backend,,repo,2024-02-22 04:17:33+00:00,
indalyadav56/meetspace_backend,,repo,2024-02-19 00:55:27+00:00,
indalyadav56/meetspace_backend,,repo,2024-02-17 03:38:03+00:00,
indalyadav56/meetspace_backend,,repo,2024-02-16 03:07:12+00:00,
indalyadav56/meetspace_backend,,repo,2024-02-14 03:33:07+00:00,
indalyadav56/meetspace_backend,,repo,2024-02-14 01:06:27+00:00,
indalyadav56/meetspace_backend,,repo,2024-02-14 01:05:32+00:00,
indalyadav56/meetspace_backend,,repo,2024-02-14 01:03:50+00:00,
indalyadav56/meetspace_backend,,repo,2024-02-12 01:30:12+00:00,
indalyadav56/meetspace_backend,,repo,2024-02-08 03:30:02+00:00,
indalyadav56/meetspace_backend,,repo,2024-02-07 02:22:56+00:00,
indalyadav56/meetspace_backend,,repo,2024-02-06 03:53:03+00:00,
indalyadav56/meetspace_backend,,repo,2024-02-05 05:17:17+00:00,
indalyadav56/meetspace_backend,,repo,2024-02-05 05:14:58+00:00,
indalyadav56/meetspace_backend,,repo,2024-02-05 04:03:32+00:00,
indalyadav56/meetspace_backend,,repo,2024-02-05 03:38:18+00:00,
indalyadav56/meetspace_backend,,repo,2024-02-04 13:21:00+00:00,
indalyadav56/meetspace_backend,,repo,2024-02-04 13:12:27+00:00,
indalyadav56/meetspace_backend,,repo,2024-02-04 12:27:58+00:00,
indalyadav56/meetspace_backend,,repo,2024-02-04 12:18:23+00:00,
indalyadav56/meetspace_backend,,repo,2024-02-04 04:49:58+00:00,
indalyadav56/meetspace_backend,,repo,2024-02-03 02:01:35+00:00,
indalyadav56/meetspace_backend,,repo,2024-02-02 14:20:29+00:00,
indalyadav56/meetspace_backend,,repo,2024-02-02 04:32:13+00:00,
indalyadav56/meetspace_backend,,repo,2024-02-02 03:06:43+00:00,
indalyadav56/meetspace_backend,,repo,2024-02-01 03:41:27+00:00,
indalyadav56/meetspace_backend,,repo,2024-02-01 02:42:40+00:00,
indalyadav56/meetspace_backend,,repo,2024-01-31 14:49:00+00:00,
indalyadav56/meetspace_backend,,repo,2024-01-31 03:30:43+00:00,
indalyadav56/meetspace_backend,,repo,2024-01-30 03:05:31+00:00,
indalyadav56/meetspace_backend,,repo,2024-01-29 02:47:51+00:00,
indalyadav56/meetspace_backend,,repo,2024-01-28 10:47:44+00:00,
indalyadav56/meetspace_backend,,repo,2024-01-28 05:32:14+00:00,
indalyadav56/meetspace_backend,,repo,2024-01-28 03:21:29+00:00,
indalyadav56/meetspace_backend,,repo,2024-01-27 12:51:38+00:00,
indalyadav56/meetspace_backend,,repo,2024-01-27 11:53:34+00:00,
indalyadav56/meetspace_backend,,repo,2024-01-27 10:56:14+00:00,
indalyadav56/meetspace_backend,,repo,2024-01-27 10:20:02+00:00,
indalyadav56/meetspace_backend,,repo,2024-01-27 10:18:57+00:00,
indalyadav56/meetspace_backend,,repo,2024-01-27 04:50:24+00:00,
indalyadav56/meetspace_backend,,repo,2024-01-25 13:08:14+00:00,
indalyadav56/meetspace_backend,k8s/postgres.yaml,hpa_file,2024-03-09 03:31:21+00:00,
mUsman3/kubernetes-101,,repo,2024-09-01 15:08:15+00:00,
mUsman3/kubernetes-101,,repo,2023-09-22 01:07:20+00:00,
mUsman3/kubernetes-101,,repo,2023-08-26 00:03:29+00:00,
mUsman3/kubernetes-101,,repo,2023-08-25 00:49:02+00:00,
mUsman3/kubernetes-101,,repo,2023-08-19 00:03:46+00:00,
mUsman3/kubernetes-101,,repo,2023-08-18 23:58:13+00:00,
mUsman3/kubernetes-101,,repo,2023-08-18 23:51:48+00:00,
mUsman3/kubernetes-101,,repo,2023-08-18 00:41:39+00:00,
mUsman3/kubernetes-101,,repo,2023-08-18 00:09:40+00:00,
mUsman3/kubernetes-101,,repo,2023-08-17 00:49:39+00:00,
mUsman3/kubernetes-101,hpa.yaml,hpa_file,2023-08-18 00:41:39+00:00,
Hareeshyadavn/Hareeshyadavn,,repo,2024-04-17 07:15:30+00:00,
Hareeshyadavn/Hareeshyadavn,,repo,2024-03-29 17:51:46+00:00,
Hareeshyadavn/Hareeshyadavn,,repo,2024-03-29 10:42:17+00:00,
Hareeshyadavn/Hareeshyadavn,,repo,2024-03-28 08:11:08+00:00,
Hareeshyadavn/Hareeshyadavn,,repo,2024-03-22 12:09:52+00:00,
Hareeshyadavn/Hareeshyadavn,,repo,2024-03-22 11:50:02+00:00,
Hareeshyadavn/Hareeshyadavn,,repo,2024-03-22 11:48:40+00:00,
Hareeshyadavn/Hareeshyadavn,,repo,2024-03-17 07:52:30+00:00,
Hareeshyadavn/Hareeshyadavn,,repo,2024-03-13 19:35:21+00:00,
Hareeshyadavn/Hareeshyadavn,,repo,2024-03-13 19:05:05+00:00,
Hareeshyadavn/Hareeshyadavn,,repo,2024-03-13 19:04:12+00:00,
Hareeshyadavn/Hareeshyadavn,,repo,2024-03-13 18:52:31+00:00,
Hareeshyadavn/Hareeshyadavn,,repo,2024-03-13 18:52:21+00:00,
Hareeshyadavn/Hareeshyadavn,,repo,2024-03-13 18:41:50+00:00,
Hareeshyadavn/Hareeshyadavn,,repo,2024-03-13 18:36:17+00:00,
Hareeshyadavn/Hareeshyadavn,,repo,2024-03-13 14:52:53+00:00,
Hareeshyadavn/Hareeshyadavn,,repo,2024-03-13 14:51:07+00:00,
Hareeshyadavn/Hareeshyadavn,,repo,2024-03-13 14:49:00+00:00,
Hareeshyadavn/Hareeshyadavn,,repo,2024-03-13 14:44:03+00:00,
Hareeshyadavn/Hareeshyadavn,,repo,2024-03-13 14:39:31+00:00,
Hareeshyadavn/Hareeshyadavn,,repo,2024-03-13 14:34:32+00:00,
Hareeshyadavn/Hareeshyadavn,,repo,2024-03-13 13:36:02+00:00,
Hareeshyadavn/Hareeshyadavn,,repo,2024-03-13 12:59:34+00:00,
Hareeshyadavn/Hareeshyadavn,,repo,2024-03-13 12:21:27+00:00,
Hareeshyadavn/Hareeshyadavn,,repo,2024-03-13 10:59:43+00:00,
Hareeshyadavn/Hareeshyadavn,,repo,2024-03-13 10:08:23+00:00,
Hareeshyadavn/Hareeshyadavn,,repo,2024-03-04 10:05:05+00:00,
Hareeshyadavn/Hareeshyadavn,,repo,2024-02-26 12:27:27+00:00,
Hareeshyadavn/Hareeshyadavn,,repo,2024-02-26 12:24:31+00:00,
Hareeshyadavn/Hareeshyadavn,,repo,2024-02-26 12:08:48+00:00,
Hareeshyadavn/Hareeshyadavn,,repo,2024-02-25 16:24:56+00:00,
Hareeshyadavn/Hareeshyadavn,,repo,2024-02-23 21:24:15+00:00,
Hareeshyadavn/Hareeshyadavn,,repo,2024-02-23 21:23:18+00:00,
Hareeshyadavn/Hareeshyadavn,,repo,2024-02-23 21:13:53+00:00,
Hareeshyadavn/Hareeshyadavn,,repo,2024-02-23 21:09:21+00:00,
Hareeshyadavn/Hareeshyadavn,,repo,2024-02-23 20:58:12+00:00,
Hareeshyadavn/Hareeshyadavn,,repo,2024-02-23 20:43:44+00:00,
Hareeshyadavn/Hareeshyadavn,,repo,2024-02-23 18:41:57+00:00,
Hareeshyadavn/Hareeshyadavn,,repo,2024-02-23 18:35:26+00:00,
Hareeshyadavn/Hareeshyadavn,,repo,2024-02-23 18:00:48+00:00,
Hareeshyadavn/Hareeshyadavn,,repo,2024-02-22 10:30:18+00:00,
Hareeshyadavn/Hareeshyadavn,,repo,2024-02-22 10:21:34+00:00,
Hareeshyadavn/Hareeshyadavn,,repo,2024-02-22 10:18:37+00:00,
Hareeshyadavn/Hareeshyadavn,,repo,2024-02-22 10:06:50+00:00,
Hareeshyadavn/Hareeshyadavn,,repo,2024-02-22 10:03:07+00:00,
Hareeshyadavn/Hareeshyadavn,,repo,2024-02-22 10:01:49+00:00,
Hareeshyadavn/Hareeshyadavn,,repo,2024-02-22 09:59:23+00:00,
Hareeshyadavn/Hareeshyadavn,,repo,2024-02-22 09:54:17+00:00,
Hareeshyadavn/Hareeshyadavn,,repo,2024-02-22 09:45:09+00:00,
Hareeshyadavn/Hareeshyadavn,,repo,2024-02-22 09:42:39+00:00,
Hareeshyadavn/Hareeshyadavn,,repo,2024-02-22 09:38:08+00:00,
Hareeshyadavn/Hareeshyadavn,,repo,2024-02-22 09:36:01+00:00,
Hareeshyadavn/Hareeshyadavn,,repo,2024-02-22 09:31:34+00:00,
Hareeshyadavn/Hareeshyadavn,,repo,2024-02-22 09:28:59+00:00,
Hareeshyadavn/Hareeshyadavn,,repo,2024-02-22 08:58:22+00:00,
Hareeshyadavn/Hareeshyadavn,,repo,2024-02-21 18:18:44+00:00,
Hareeshyadavn/Hareeshyadavn,,repo,2024-02-15 14:55:36+00:00,
Hareeshyadavn/Hareeshyadavn,,repo,2024-02-15 14:14:17+00:00,
Hareeshyadavn/Hareeshyadavn,,repo,2024-02-15 13:48:11+00:00,
Hareeshyadavn/Hareeshyadavn,,repo,2024-02-15 13:27:50+00:00,
Hareeshyadavn/Hareeshyadavn,,repo,2024-02-15 13:08:17+00:00,
Hareeshyadavn/Hareeshyadavn,,repo,2024-02-15 13:06:24+00:00,
Hareeshyadavn/Hareeshyadavn,,repo,2024-02-14 17:42:38+00:00,
Hareeshyadavn/Hareeshyadavn,,repo,2024-02-13 11:31:23+00:00,
Hareeshyadavn/Hareeshyadavn,,repo,2024-02-13 11:29:34+00:00,
Hareeshyadavn/Hareeshyadavn,,repo,2024-02-13 01:25:17+00:00,
Hareeshyadavn/Hareeshyadavn,,repo,2024-02-12 09:12:13+00:00,
Hareeshyadavn/Hareeshyadavn,,repo,2024-02-12 09:05:11+00:00,
Hareeshyadavn/Hareeshyadavn,,repo,2024-02-09 16:04:07+00:00,
Hareeshyadavn/Hareeshyadavn,,repo,2024-02-09 11:38:17+00:00,
Hareeshyadavn/Hareeshyadavn,,repo,2024-02-09 11:36:14+00:00,
Hareeshyadavn/Hareeshyadavn,,repo,2024-02-09 11:12:13+00:00,
Hareeshyadavn/Hareeshyadavn,,repo,2024-02-09 10:56:46+00:00,
Hareeshyadavn/Hareeshyadavn,,repo,2024-02-09 10:51:29+00:00,
Hareeshyadavn/Hareeshyadavn,,repo,2024-02-09 10:49:12+00:00,
Hareeshyadavn/Hareeshyadavn,,repo,2024-02-09 10:42:58+00:00,
Hareeshyadavn/Hareeshyadavn,,repo,2024-02-08 09:43:45+00:00,
Hareeshyadavn/Hareeshyadavn,,repo,2024-02-08 09:42:08+00:00,
Hareeshyadavn/Hareeshyadavn,,repo,2024-02-08 09:41:11+00:00,
Hareeshyadavn/Hareeshyadavn,,repo,2024-02-08 09:32:41+00:00,
Hareeshyadavn/Hareeshyadavn,,repo,2024-02-08 03:56:18+00:00,
Hareeshyadavn/Hareeshyadavn,,repo,2024-02-08 03:55:13+00:00,
Hareeshyadavn/Hareeshyadavn,,repo,2024-02-07 12:25:27+00:00,
Hareeshyadavn/Hareeshyadavn,,repo,2024-02-07 12:24:48+00:00,
Hareeshyadavn/Hareeshyadavn,,repo,2024-02-07 12:21:14+00:00,
Hareeshyadavn/Hareeshyadavn,,repo,2024-02-07 12:11:34+00:00,
Hareeshyadavn/Hareeshyadavn,,repo,2024-02-07 11:42:48+00:00,
Hareeshyadavn/Hareeshyadavn,,repo,2024-02-07 11:34:25+00:00,
Hareeshyadavn/Hareeshyadavn,,repo,2024-02-07 11:23:30+00:00,
Hareeshyadavn/Hareeshyadavn,,repo,2024-02-07 11:07:30+00:00,
Hareeshyadavn/Hareeshyadavn,,repo,2024-02-04 14:24:52+00:00,
Hareeshyadavn/Hareeshyadavn,,repo,2024-02-04 14:23:06+00:00,
Hareeshyadavn/Hareeshyadavn,,repo,2024-02-04 01:14:38+00:00,
Hareeshyadavn/Hareeshyadavn,,repo,2024-02-04 00:12:00+00:00,
Hareeshyadavn/Hareeshyadavn,,repo,2024-02-04 00:00:32+00:00,
Hareeshyadavn/Hareeshyadavn,,repo,2024-02-01 17:38:58+00:00,
Hareeshyadavn/Hareeshyadavn,,repo,2024-01-30 17:40:05+00:00,
Hareeshyadavn/Hareeshyadavn,,repo,2024-01-30 17:29:00+00:00,
Hareeshyadavn/Hareeshyadavn,,repo,2024-01-30 17:26:39+00:00,
Hareeshyadavn/Hareeshyadavn,,repo,2024-01-30 17:25:21+00:00,
Hareeshyadavn/Hareeshyadavn,,repo,2024-01-30 17:17:05+00:00,
Hareeshyadavn/Hareeshyadavn,,repo,2024-01-30 17:06:28+00:00,
Hareeshyadavn/Hareeshyadavn,,repo,2024-01-30 16:52:07+00:00,
Hareeshyadavn/Hareeshyadavn,,repo,2024-01-30 16:50:23+00:00,
Hareeshyadavn/Hareeshyadavn,,repo,2024-01-30 16:38:36+00:00,
Hareeshyadavn/Hareeshyadavn,,repo,2024-01-30 16:21:12+00:00,
Hareeshyadavn/Hareeshyadavn,,repo,2024-01-30 16:11:19+00:00,
Hareeshyadavn/Hareeshyadavn,,repo,2024-01-30 16:10:35+00:00,
Hareeshyadavn/Hareeshyadavn,,repo,2024-01-30 16:07:47+00:00,
Hareeshyadavn/Hareeshyadavn,,repo,2024-01-30 16:01:18+00:00,
Hareeshyadavn/Hareeshyadavn,,repo,2024-01-30 15:28:06+00:00,
Hareeshyadavn/Hareeshyadavn,,repo,2024-01-30 15:25:16+00:00,
Hareeshyadavn/Hareeshyadavn,,repo,2024-01-30 15:19:27+00:00,
Hareeshyadavn/Hareeshyadavn,,repo,2024-01-30 14:37:57+00:00,
Hareeshyadavn/Hareeshyadavn,,repo,2024-01-30 14:37:44+00:00,
Hareeshyadavn/Hareeshyadavn,,repo,2024-01-30 14:35:53+00:00,
Hareeshyadavn/Hareeshyadavn,,repo,2024-01-30 14:34:57+00:00,
Hareeshyadavn/Hareeshyadavn,,repo,2024-01-30 14:34:37+00:00,
Hareeshyadavn/Hareeshyadavn,,repo,2024-01-30 14:30:23+00:00,
Hareeshyadavn/Hareeshyadavn,,repo,2024-01-30 14:27:36+00:00,
Hareeshyadavn/Hareeshyadavn,,repo,2024-01-30 14:22:14+00:00,
Hareeshyadavn/Hareeshyadavn,,repo,2024-01-30 14:19:53+00:00,
Hareeshyadavn/Hareeshyadavn,,repo,2024-01-30 14:18:35+00:00,
Hareeshyadavn/Hareeshyadavn,,repo,2024-01-30 14:17:59+00:00,
Hareeshyadavn/Hareeshyadavn,,repo,2024-01-30 13:37:50+00:00,
Hareeshyadavn/Hareeshyadavn,,repo,2024-01-30 13:29:19+00:00,
Hareeshyadavn/Hareeshyadavn,,repo,2024-01-30 13:28:00+00:00,
Hareeshyadavn/Hareeshyadavn,,repo,2024-01-28 07:28:55+00:00,
Hareeshyadavn/Hareeshyadavn,,repo,2024-01-28 07:25:45+00:00,
Hareeshyadavn/Hareeshyadavn,,repo,2024-01-28 07:20:52+00:00,
Hareeshyadavn/Hareeshyadavn,,repo,2024-01-28 07:00:23+00:00,
Hareeshyadavn/Hareeshyadavn,,repo,2024-01-28 06:57:17+00:00,
Hareeshyadavn/Hareeshyadavn,,repo,2024-01-27 18:14:05+00:00,
Hareeshyadavn/Hareeshyadavn,,repo,2024-01-27 16:38:30+00:00,
Hareeshyadavn/Hareeshyadavn,,repo,2024-01-27 15:38:17+00:00,
Hareeshyadavn/Hareeshyadavn,,repo,2024-01-27 12:19:38+00:00,
Hareeshyadavn/Hareeshyadavn,,repo,2024-01-27 12:16:46+00:00,
Hareeshyadavn/Hareeshyadavn,,repo,2024-01-27 12:16:04+00:00,
Hareeshyadavn/Hareeshyadavn,,repo,2024-01-26 08:12:39+00:00,
Hareeshyadavn/Hareeshyadavn,,repo,2024-01-25 16:09:02+00:00,
Hareeshyadavn/Hareeshyadavn,,repo,2024-01-25 06:35:00+00:00,
Hareeshyadavn/Hareeshyadavn,,repo,2024-01-25 04:56:40+00:00,
Hareeshyadavn/Hareeshyadavn,,repo,2024-01-25 04:39:38+00:00,
Hareeshyadavn/Hareeshyadavn,,repo,2024-01-21 17:03:45+00:00,
Hareeshyadavn/Hareeshyadavn,,repo,2024-01-12 20:46:46+00:00,
Hareeshyadavn/Hareeshyadavn,,repo,2024-01-12 20:45:47+00:00,
Hareeshyadavn/Hareeshyadavn,,repo,2024-01-12 20:40:20+00:00,
Hareeshyadavn/Hareeshyadavn,,repo,2024-01-10 18:53:24+00:00,
Hareeshyadavn/Hareeshyadavn,,repo,2024-01-10 18:52:35+00:00,
Hareeshyadavn/Hareeshyadavn,,repo,2024-01-10 06:57:24+00:00,
Hareeshyadavn/Hareeshyadavn,,repo,2024-01-08 15:04:47+00:00,
Hareeshyadavn/Hareeshyadavn,,repo,2024-01-08 08:11:37+00:00,
Hareeshyadavn/Hareeshyadavn,,repo,2024-01-07 08:14:05+00:00,
Hareeshyadavn/Hareeshyadavn,,repo,2024-01-07 08:13:40+00:00,
Hareeshyadavn/Hareeshyadavn,,repo,2024-01-07 08:11:39+00:00,
Hareeshyadavn/Hareeshyadavn,,repo,2024-01-07 08:06:28+00:00,
Hareeshyadavn/Hareeshyadavn,,repo,2024-01-07 08:03:49+00:00,
Hareeshyadavn/Hareeshyadavn,,repo,2024-01-07 07:58:31+00:00,
Hareeshyadavn/Hareeshyadavn,,repo,2024-01-07 07:22:00+00:00,
Hareeshyadavn/Hareeshyadavn,,repo,2024-01-06 16:31:37+00:00,
Hareeshyadavn/Hareeshyadavn,,repo,2024-01-06 13:57:51+00:00,
Hareeshyadavn/Hareeshyadavn,,repo,2024-01-05 06:33:38+00:00,
Hareeshyadavn/Hareeshyadavn,,repo,2024-01-04 18:45:03+00:00,
Hareeshyadavn/Hareeshyadavn,,repo,2024-01-04 13:34:23+00:00,
Hareeshyadavn/Hareeshyadavn,,repo,2024-01-03 14:08:35+00:00,
Hareeshyadavn/Hareeshyadavn,,repo,2024-01-02 18:46:53+00:00,
Hareeshyadavn/Hareeshyadavn,,repo,2024-01-02 16:28:01+00:00,
Hareeshyadavn/Hareeshyadavn,,repo,2024-01-02 10:51:20+00:00,
Hareeshyadavn/Hareeshyadavn,,repo,2023-12-31 15:48:44+00:00,
Hareeshyadavn/Hareeshyadavn,,repo,2023-12-28 17:45:20+00:00,
Hareeshyadavn/Hareeshyadavn,,repo,2023-12-28 17:28:16+00:00,
Hareeshyadavn/Hareeshyadavn,,repo,2023-12-28 17:24:33+00:00,
Hareeshyadavn/Hareeshyadavn,,repo,2023-12-28 02:31:12+00:00,
Hareeshyadavn/Hareeshyadavn,,repo,2023-12-28 02:27:37+00:00,
Hareeshyadavn/Hareeshyadavn,,repo,2023-12-28 02:25:02+00:00,
Hareeshyadavn/Hareeshyadavn,,repo,2023-12-28 02:20:03+00:00,
Hareeshyadavn/Hareeshyadavn,,repo,2023-12-28 00:16:27+00:00,
Hareeshyadavn/Hareeshyadavn,,repo,2023-12-25 01:06:59+00:00,
Hareeshyadavn/Hareeshyadavn,,repo,2023-12-25 00:10:32+00:00,
Hareeshyadavn/Hareeshyadavn,,repo,2023-12-24 23:54:42+00:00,
Hareeshyadavn/Hareeshyadavn,,repo,2023-12-24 11:07:21+00:00,
Hareeshyadavn/Hareeshyadavn,,repo,2023-12-24 06:24:20+00:00,
Hareeshyadavn/Hareeshyadavn,,repo,2023-12-18 03:04:34+00:00,
Hareeshyadavn/Hareeshyadavn,,repo,2023-12-18 02:39:47+00:00,
Hareeshyadavn/Hareeshyadavn,,repo,2023-12-18 00:21:00+00:00,
Hareeshyadavn/Hareeshyadavn,,repo,2023-12-18 00:18:21+00:00,
Hareeshyadavn/Hareeshyadavn,,repo,2023-12-18 00:05:40+00:00,
Hareeshyadavn/Hareeshyadavn,,repo,2023-12-17 07:58:51+00:00,
Hareeshyadavn/Hareeshyadavn,,repo,2023-12-17 07:15:40+00:00,
Hareeshyadavn/Hareeshyadavn,,repo,2023-12-17 07:15:05+00:00,
Hareeshyadavn/Hareeshyadavn,,repo,2023-12-17 07:14:15+00:00,
Hareeshyadavn/Hareeshyadavn,,repo,2023-12-15 12:43:04+00:00,
Hareeshyadavn/Hareeshyadavn,,repo,2023-12-15 12:19:05+00:00,
Hareeshyadavn/Hareeshyadavn,,repo,2023-12-15 12:15:42+00:00,
Hareeshyadavn/Hareeshyadavn,,repo,2023-12-15 12:03:06+00:00,
Hareeshyadavn/Hareeshyadavn,,repo,2023-12-15 12:02:19+00:00,
Hareeshyadavn/Hareeshyadavn,,repo,2023-12-13 20:26:31+00:00,
Hareeshyadavn/Hareeshyadavn,,repo,2023-12-13 20:24:23+00:00,
Hareeshyadavn/Hareeshyadavn,,repo,2023-12-13 19:56:53+00:00,
Hareeshyadavn/Hareeshyadavn,,repo,2023-12-13 19:56:03+00:00,
Hareeshyadavn/Hareeshyadavn,kubernetes/autoscaling/hpa/hpa.yml,hpa_file,2024-01-10 18:52:35+00:00,
Sonal0409/26June-DevOpsBatch-Evening,,repo,2023-07-25 16:28:03+00:00,
Sonal0409/26June-DevOpsBatch-Evening,,repo,2023-07-25 16:27:09+00:00,
Sonal0409/26June-DevOpsBatch-Evening,,repo,2023-07-25 16:26:48+00:00,
Sonal0409/26June-DevOpsBatch-Evening,,repo,2023-07-25 16:09:29+00:00,
Sonal0409/26June-DevOpsBatch-Evening,,repo,2023-07-24 17:06:48+00:00,
Sonal0409/26June-DevOpsBatch-Evening,,repo,2023-07-21 17:08:33+00:00,
Sonal0409/26June-DevOpsBatch-Evening,,repo,2023-07-21 17:07:26+00:00,
Sonal0409/26June-DevOpsBatch-Evening,,repo,2023-07-21 14:50:52+00:00,
Sonal0409/26June-DevOpsBatch-Evening,,repo,2023-07-21 14:50:15+00:00,
Sonal0409/26June-DevOpsBatch-Evening,,repo,2023-07-21 14:49:23+00:00,
Sonal0409/26June-DevOpsBatch-Evening,,repo,2023-07-20 17:15:50+00:00,
Sonal0409/26June-DevOpsBatch-Evening,,repo,2023-07-20 17:14:16+00:00,
Sonal0409/26June-DevOpsBatch-Evening,,repo,2023-07-20 17:11:04+00:00,
Sonal0409/26June-DevOpsBatch-Evening,,repo,2023-07-20 17:10:32+00:00,
Sonal0409/26June-DevOpsBatch-Evening,,repo,2023-07-19 15:00:50+00:00,
Sonal0409/26June-DevOpsBatch-Evening,,repo,2023-07-19 14:58:34+00:00,
Sonal0409/26June-DevOpsBatch-Evening,,repo,2023-07-14 17:04:50+00:00,
Sonal0409/26June-DevOpsBatch-Evening,,repo,2023-07-14 17:03:18+00:00,
Sonal0409/26June-DevOpsBatch-Evening,,repo,2023-07-14 16:55:38+00:00,
Sonal0409/26June-DevOpsBatch-Evening,,repo,2023-07-14 16:35:51+00:00,
Sonal0409/26June-DevOpsBatch-Evening,,repo,2023-07-14 15:11:41+00:00,
Sonal0409/26June-DevOpsBatch-Evening,,repo,2023-07-14 15:09:38+00:00,
Sonal0409/26June-DevOpsBatch-Evening,,repo,2023-07-12 17:07:06+00:00,
Sonal0409/26June-DevOpsBatch-Evening,,repo,2023-07-11 17:18:44+00:00,
Sonal0409/26June-DevOpsBatch-Evening,,repo,2023-07-10 17:10:21+00:00,
Sonal0409/26June-DevOpsBatch-Evening,,repo,2023-07-07 17:09:00+00:00,
Sonal0409/26June-DevOpsBatch-Evening,,repo,2023-07-07 17:03:40+00:00,
Sonal0409/26June-DevOpsBatch-Evening,,repo,2023-07-06 17:17:15+00:00,
Sonal0409/26June-DevOpsBatch-Evening,,repo,2023-07-05 16:59:06+00:00,
Sonal0409/26June-DevOpsBatch-Evening,,repo,2023-07-05 16:13:11+00:00,
Sonal0409/26June-DevOpsBatch-Evening,,repo,2023-07-05 14:51:22+00:00,
Sonal0409/26June-DevOpsBatch-Evening,,repo,2023-07-04 14:54:46+00:00,
Sonal0409/26June-DevOpsBatch-Evening,,repo,2023-07-03 14:49:50+00:00,
Sonal0409/26June-DevOpsBatch-Evening,,repo,2023-06-30 16:38:43+00:00,
Sonal0409/26June-DevOpsBatch-Evening,,repo,2023-06-30 15:00:01+00:00,
Sonal0409/26June-DevOpsBatch-Evening,,repo,2023-06-29 14:39:45+00:00,
Sonal0409/26June-DevOpsBatch-Evening,,repo,2023-06-28 13:53:50+00:00,
Sonal0409/26June-DevOpsBatch-Evening,,repo,2023-06-28 13:53:07+00:00,
Sonal0409/26June-DevOpsBatch-Evening,,repo,2023-06-26 17:26:20+00:00,
Sonal0409/26June-DevOpsBatch-Evening,,repo,2023-06-26 17:15:35+00:00,
Sonal0409/26June-DevOpsBatch-Evening,Kubernetes/hpa/hpa.yml,hpa_file,2023-07-21 14:49:23+00:00,
bhasker-manikyala/Purdue_B35,,repo,2025-08-02 16:49:06+00:00,
bhasker-manikyala/Purdue_B35,,repo,2025-05-28 14:24:44+00:00,
bhasker-manikyala/Purdue_B35,,repo,2025-05-24 17:34:18+00:00,
bhasker-manikyala/Purdue_B35,,repo,2025-01-26 05:07:19+00:00,
bhasker-manikyala/Purdue_B35,,repo,2025-01-25 05:19:12+00:00,
bhasker-manikyala/Purdue_B35,,repo,2024-11-30 05:10:39+00:00,
bhasker-manikyala/Purdue_B35,,repo,2024-08-13 16:45:13+00:00,
bhasker-manikyala/Purdue_B35,,repo,2024-08-06 14:44:33+00:00,
bhasker-manikyala/Purdue_B35,,repo,2024-07-31 17:05:49+00:00,
bhasker-manikyala/Purdue_B35,,repo,2024-07-31 17:05:30+00:00,
bhasker-manikyala/Purdue_B35,,repo,2024-05-12 05:03:59+00:00,
bhasker-manikyala/Purdue_B35,,repo,2024-05-12 05:02:00+00:00,
bhasker-manikyala/Purdue_B35,,repo,2024-05-12 05:00:45+00:00,
bhasker-manikyala/Purdue_B35,,repo,2024-04-14 05:34:22+00:00,
bhasker-manikyala/Purdue_B35,,repo,2024-04-14 05:33:32+00:00,
bhasker-manikyala/Purdue_B35,,repo,2024-04-07 17:05:23+00:00,
bhasker-manikyala/Purdue_B35,,repo,2024-03-02 05:11:06+00:00,
bhasker-manikyala/Purdue_B35,,repo,2024-02-25 17:12:30+00:00,
bhasker-manikyala/Purdue_B35,,repo,2024-02-25 16:36:13+00:00,
bhasker-manikyala/Purdue_B35,,repo,2024-02-25 16:33:10+00:00,
bhasker-manikyala/Purdue_B35,,repo,2024-01-28 16:34:53+00:00,
bhasker-manikyala/Purdue_B35,,repo,2024-01-17 14:40:31+00:00,
bhasker-manikyala/Purdue_B35,,repo,2024-01-17 14:29:28+00:00,
bhasker-manikyala/Purdue_B35,,repo,2024-01-10 17:11:24+00:00,
bhasker-manikyala/Purdue_B35,,repo,2024-01-09 14:47:48+00:00,
bhasker-manikyala/Purdue_B35,,repo,2024-01-09 14:47:22+00:00,
bhasker-manikyala/Purdue_B35,,repo,2024-01-07 05:57:06+00:00,
bhasker-manikyala/Purdue_B35,,repo,2023-12-23 05:40:51+00:00,
bhasker-manikyala/Purdue_B35,,repo,2023-12-10 05:12:18+00:00,
bhasker-manikyala/Purdue_B35,,repo,2023-12-02 05:21:27+00:00,
bhasker-manikyala/Purdue_B35,,repo,2023-12-02 05:20:38+00:00,
bhasker-manikyala/Purdue_B35,kube/controllers/hpa/hpa.yml,hpa_file,2024-01-17 14:40:31+00:00,
HCY2315/docker_server,,repo,2023-05-25 00:54:34+00:00,
HCY2315/docker_server,,repo,2023-04-18 04:53:07+00:00,
HCY2315/docker_server,,repo,2023-03-21 09:18:20+00:00,
HCY2315/docker_server,,repo,2023-01-12 09:14:16+00:00,
HCY2315/docker_server,,repo,2022-12-22 02:07:59+00:00,
HCY2315/docker_server,,repo,2022-12-06 05:15:53+00:00,
HCY2315/docker_server,,repo,2022-12-06 05:15:16+00:00,
HCY2315/docker_server,,repo,2022-12-06 04:57:02+00:00,
HCY2315/docker_server,,repo,2022-12-06 04:43:19+00:00,
HCY2315/docker_server,,repo,2022-12-06 04:40:39+00:00,
HCY2315/docker_server,,repo,2022-12-06 04:37:32+00:00,
HCY2315/docker_server,,repo,2022-12-01 02:23:49+00:00,
HCY2315/docker_server,,repo,2022-12-01 02:21:38+00:00,
HCY2315/docker_server,,repo,2022-11-17 09:40:21+00:00,
HCY2315/docker_server,,repo,2022-11-17 03:01:56+00:00,
HCY2315/docker_server,,repo,2022-11-17 03:00:07+00:00,
HCY2315/docker_server,,repo,2022-11-17 01:52:19+00:00,
HCY2315/docker_server,,repo,2022-11-17 01:52:01+00:00,
HCY2315/docker_server,,repo,2022-11-17 01:50:57+00:00,
HCY2315/docker_server,,repo,2022-11-16 09:54:38+00:00,
HCY2315/docker_server,,repo,2022-11-10 02:53:00+00:00,
HCY2315/docker_server,,repo,2022-11-09 06:03:33+00:00,
HCY2315/docker_server,,repo,2022-11-09 06:03:18+00:00,
HCY2315/docker_server,,repo,2022-11-09 05:33:19+00:00,
HCY2315/docker_server,,repo,2022-11-09 05:32:59+00:00,
HCY2315/docker_server,,repo,2022-11-09 05:31:31+00:00,
HCY2315/docker_server,,repo,2022-11-07 06:57:26+00:00,
HCY2315/docker_server,,repo,2022-11-01 06:03:33+00:00,
HCY2315/docker_server,,repo,2022-11-01 06:00:50+00:00,
HCY2315/docker_server,,repo,2022-10-03 14:31:22+00:00,
HCY2315/docker_server,,repo,2022-10-03 14:20:04+00:00,
HCY2315/docker_server,,repo,2022-10-03 11:40:09+00:00,
HCY2315/docker_server,,repo,2022-10-03 10:49:01+00:00,
HCY2315/docker_server,,repo,2022-10-02 05:33:01+00:00,
HCY2315/docker_server,,repo,2022-10-02 05:32:12+00:00,
HCY2315/docker_server,,repo,2022-10-02 05:31:28+00:00,
HCY2315/docker_server,,repo,2022-10-01 06:48:12+00:00,
HCY2315/docker_server,,repo,2022-10-01 06:47:17+00:00,
HCY2315/docker_server,,repo,2022-10-01 06:27:24+00:00,
HCY2315/docker_server,,repo,2022-10-01 06:25:55+00:00,
HCY2315/docker_server,,repo,2022-10-01 06:03:44+00:00,
HCY2315/docker_server,,repo,2022-09-30 07:44:40+00:00,
HCY2315/docker_server,,repo,2022-09-30 07:33:22+00:00,
HCY2315/docker_server,,repo,2022-09-20 02:58:03+00:00,
HCY2315/docker_server,,repo,2022-09-20 02:17:16+00:00,
HCY2315/docker_server,,repo,2022-09-20 01:20:41+00:00,
HCY2315/docker_server,,repo,2022-09-19 16:34:33+00:00,
HCY2315/docker_server,,repo,2022-09-19 16:24:14+00:00,
HCY2315/docker_server,,repo,2022-09-19 16:15:49+00:00,
HCY2315/docker_server,,repo,2022-09-19 16:12:33+00:00,
HCY2315/docker_server,zabbix/kubernetes.yaml,hpa_file,2023-05-25 00:54:34+00:00,
jungung/jx-repo,,repo,2023-08-07 02:37:08+00:00,
jungung/jx-repo,,repo,2023-08-07 02:36:40+00:00,
jungung/jx-repo,,repo,2023-08-04 08:30:50+00:00,
jungung/jx-repo,config-root/namespaces/tekton-pipelines/tekton-pipeline/tekton-pipelines-webhook-horizontalpodautoscaler.yaml,hpa_file,2023-08-07 02:36:40+00:00,
theocerutti/Kubi,,repo,2023-07-21 12:06:03+00:00,
theocerutti/Kubi,,repo,2023-07-20 15:26:27+00:00,
theocerutti/Kubi,,repo,2023-07-18 12:27:55+00:00,
theocerutti/Kubi,,repo,2023-07-14 21:10:50+00:00,
theocerutti/Kubi,,repo,2023-07-14 15:10:44+00:00,
theocerutti/Kubi,,repo,2023-07-13 15:18:33+00:00,
theocerutti/Kubi,,repo,2023-07-06 15:18:01+00:00,
theocerutti/Kubi,,repo,2023-07-06 14:31:36+00:00,
theocerutti/Kubi,,repo,2023-07-04 14:42:14+00:00,
theocerutti/Kubi,K8s/backend/hpa.yml,hpa_file,2023-07-20 15:26:27+00:00,
theocerutti/Kubi,K8s/backend/hpa.yml,hpa_file,2023-07-14 21:10:50+00:00,
theocerutti/Kubi,K8s/backend/hpa.yml,hpa_file,2023-07-13 15:18:33+00:00,
tis-system/charts,,repo,2023-12-20 00:47:22+00:00,
tis-system/charts,,repo,2023-10-18 00:56:24+00:00,
tis-system/charts,,repo,2023-10-17 00:56:20+00:00,
tis-system/charts,,repo,2023-10-13 00:57:04+00:00,
tis-system/charts,,repo,2023-10-06 07:48:12+00:00,
tis-system/charts,,repo,2023-10-06 00:55:52+00:00,
tis-system/charts,,repo,2023-10-04 04:00:39+00:00,
tis-system/charts,,repo,2023-10-04 03:57:19+00:00,
tis-system/charts,,repo,2023-10-04 03:45:34+00:00,
tis-system/charts,,repo,2023-10-04 03:33:07+00:00,
tis-system/charts,,repo,2023-10-04 02:01:07+00:00,
tis-system/charts,,repo,2023-10-04 02:00:34+00:00,
tis-system/charts,,repo,2023-10-04 01:57:06+00:00,
tis-system/charts,,repo,2023-10-04 01:52:44+00:00,
tis-system/charts,,repo,2023-10-04 01:45:24+00:00,
tis-system/charts,,repo,2023-10-04 01:37:58+00:00,
tis-system/charts,,repo,2023-10-04 01:29:03+00:00,
tis-system/charts,,repo,2023-10-04 00:41:24+00:00,
tis-system/charts,,repo,2023-10-04 00:24:02+00:00,
tis-system/charts,,repo,2023-10-04 00:10:25+00:00,
tis-system/charts,,repo,2023-10-04 00:03:42+00:00,
tis-system/charts,,repo,2023-10-03 12:53:33+00:00,
tis-system/charts,,repo,2023-10-03 12:26:40+00:00,
tis-system/charts,,repo,2023-10-03 12:12:41+00:00,
tis-system/charts,,repo,2023-10-03 12:06:58+00:00,
tis-system/charts,,repo,2023-10-03 11:42:37+00:00,
tis-system/charts,,repo,2023-10-03 11:34:03+00:00,
tis-system/charts,,repo,2023-10-03 06:45:10+00:00,
tis-system/charts,,repo,2023-10-03 03:36:08+00:00,
tis-system/charts,,repo,2023-10-03 03:27:03+00:00,
tis-system/charts,,repo,2023-10-03 03:14:40+00:00,
tis-system/charts,,repo,2023-10-03 03:02:20+00:00,
tis-system/charts,,repo,2023-10-02 22:16:50+00:00,
tis-system/charts,,repo,2023-10-02 22:12:30+00:00,
tis-system/charts,,repo,2023-10-02 22:06:51+00:00,
tis-system/charts,,repo,2023-10-02 11:30:24+00:00,
tis-system/charts,,repo,2023-10-02 09:15:39+00:00,
tis-system/charts,,repo,2023-10-02 08:45:42+00:00,
tis-system/charts,,repo,2023-10-02 08:41:04+00:00,
tis-system/charts,,repo,2023-10-02 07:55:20+00:00,
tis-system/charts,,repo,2023-10-02 07:40:57+00:00,
tis-system/charts,,repo,2023-09-29 12:53:57+00:00,
tis-system/charts,,repo,2023-09-29 10:21:54+00:00,
tis-system/charts,,repo,2023-09-29 07:35:42+00:00,
tis-system/charts,,repo,2023-09-29 07:11:42+00:00,
tis-system/charts,,repo,2023-09-28 05:13:42+00:00,
tis-system/charts,,repo,2023-09-28 05:10:09+00:00,
tis-system/charts,,repo,2023-09-27 04:46:29+00:00,
tis-system/charts,,repo,2023-09-27 04:32:39+00:00,
tis-system/charts,,repo,2023-09-27 02:34:22+00:00,
tis-system/charts,,repo,2023-09-27 01:44:16+00:00,
tis-system/charts,,repo,2023-09-27 01:42:02+00:00,
tis-system/charts,,repo,2023-09-25 12:29:04+00:00,
tis-system/charts,,repo,2023-09-25 10:25:44+00:00,
tis-system/charts,,repo,2023-09-25 10:09:56+00:00,
tis-system/charts,,repo,2023-09-25 09:48:48+00:00,
tis-system/charts,,repo,2023-09-25 08:03:26+00:00,
tis-system/charts,,repo,2023-09-25 00:45:06+00:00,
tis-system/charts,,repo,2023-09-23 11:56:13+00:00,
tis-system/charts,,repo,2023-09-23 11:55:52+00:00,
tis-system/charts,,repo,2023-09-23 11:51:04+00:00,
tis-system/charts,,repo,2023-09-23 07:58:41+00:00,
tis-system/charts,,repo,2023-09-23 07:38:25+00:00,
tis-system/charts,,repo,2023-09-23 07:29:02+00:00,
tis-system/charts,,repo,2023-09-23 07:16:36+00:00,
tis-system/charts,,repo,2023-09-23 04:51:38+00:00,
tis-system/charts,,repo,2023-09-23 01:01:13+00:00,
tis-system/charts,,repo,2023-09-22 23:07:52+00:00,
tis-system/charts,,repo,2023-09-22 12:03:01+00:00,
tis-system/charts,,repo,2023-09-22 00:54:34+00:00,
tis-system/charts,,repo,2023-09-21 11:33:56+00:00,
tis-system/charts,,repo,2023-09-21 09:04:40+00:00,
tis-system/charts,,repo,2023-09-21 08:33:38+00:00,
tis-system/charts,,repo,2023-09-21 02:12:58+00:00,
tis-system/charts,,repo,2023-09-21 01:56:45+00:00,
tis-system/charts,,repo,2023-09-21 00:35:14+00:00,
tis-system/charts,,repo,2023-09-21 00:23:36+00:00,
tis-system/charts,,repo,2023-09-21 00:16:23+00:00,
tis-system/charts,,repo,2023-09-21 00:15:13+00:00,
tis-system/charts,,repo,2023-09-20 14:59:49+00:00,
tis-system/charts,,repo,2023-09-20 14:36:42+00:00,
tis-system/charts,,repo,2023-09-20 03:33:21+00:00,
tis-system/charts,,repo,2023-09-20 03:31:35+00:00,
tis-system/charts,,repo,2023-09-20 03:06:47+00:00,
tis-system/charts,,repo,2023-09-19 05:08:53+00:00,
tis-system/charts,,repo,2023-09-19 05:05:13+00:00,
tis-system/charts,,repo,2023-09-19 04:45:29+00:00,
tis-system/charts,,repo,2023-09-19 04:35:45+00:00,
tis-system/charts,,repo,2023-09-19 04:31:07+00:00,
tis-system/charts,,repo,2023-09-19 04:28:41+00:00,
tis-system/charts,,repo,2023-09-19 03:44:25+00:00,
tis-system/charts,,repo,2023-09-19 03:39:04+00:00,
tis-system/charts,,repo,2023-09-19 03:23:06+00:00,
tis-system/charts,,repo,2023-09-18 14:52:21+00:00,
tis-system/charts,,repo,2023-09-18 14:52:09+00:00,
tis-system/charts,,repo,2023-09-18 14:50:46+00:00,
tis-system/charts,,repo,2023-09-14 03:21:23+00:00,
tis-system/charts,,repo,2023-09-13 13:58:33+00:00,
tis-system/charts,,repo,2023-09-13 13:52:29+00:00,
tis-system/charts,,repo,2023-09-13 12:45:52+00:00,
tis-system/charts,,repo,2023-09-13 03:46:37+00:00,
tis-system/charts,,repo,2023-09-13 00:55:44+00:00,
tis-system/charts,,repo,2023-09-12 05:17:59+00:00,
tis-system/charts,,repo,2023-09-10 00:56:02+00:00,
tis-system/charts,,repo,2023-09-06 00:52:11+00:00,
tis-system/charts,,repo,2023-09-05 09:07:50+00:00,
tis-system/charts,,repo,2023-09-05 02:45:31+00:00,
tis-system/charts,,repo,2023-09-04 10:55:03+00:00,
tis-system/charts,,repo,2023-09-04 07:12:37+00:00,
tis-system/charts,,repo,2023-09-04 07:02:21+00:00,
tis-system/charts,,repo,2023-09-04 06:21:40+00:00,
tis-system/charts,,repo,2023-09-04 05:07:21+00:00,
tis-system/charts,,repo,2023-09-04 04:49:35+00:00,
tis-system/charts,,repo,2023-09-04 04:18:04+00:00,
tis-system/charts,,repo,2023-09-04 04:04:53+00:00,
tis-system/charts,,repo,2023-09-04 03:32:45+00:00,
tis-system/charts,,repo,2023-09-04 03:24:02+00:00,
tis-system/charts,,repo,2023-09-04 03:06:35+00:00,
tis-system/charts,,repo,2023-09-04 02:02:32+00:00,
tis-system/charts,,repo,2023-09-04 01:52:49+00:00,
tis-system/charts,,repo,2023-09-04 01:31:55+00:00,
tis-system/charts,,repo,2023-09-04 01:27:41+00:00,
tis-system/charts,,repo,2023-09-04 00:53:03+00:00,
tis-system/charts,,repo,2023-09-03 23:56:14+00:00,
tis-system/charts,,repo,2023-09-03 23:55:24+00:00,
tis-system/charts,,repo,2023-09-03 23:50:06+00:00,
tis-system/charts,,repo,2023-09-03 23:49:03+00:00,
tis-system/charts,,repo,2023-09-03 00:54:45+00:00,
tis-system/charts,,repo,2023-09-02 10:55:28+00:00,
tis-system/charts,,repo,2023-09-02 10:54:23+00:00,
tis-system/charts,,repo,2023-09-02 10:36:59+00:00,
tis-system/charts,,repo,2023-09-02 10:36:01+00:00,
tis-system/charts,,repo,2023-09-02 10:26:30+00:00,
tis-system/charts,,repo,2023-09-02 10:25:13+00:00,
tis-system/charts,,repo,2023-09-02 10:09:41+00:00,
tis-system/charts,,repo,2023-09-02 10:08:42+00:00,
tis-system/charts,,repo,2023-09-02 09:58:01+00:00,
tis-system/charts,,repo,2023-09-02 09:56:40+00:00,
tis-system/charts,,repo,2023-09-02 09:43:02+00:00,
tis-system/charts,,repo,2023-09-02 09:41:19+00:00,
tis-system/charts,,repo,2023-09-02 09:40:19+00:00,
tis-system/charts,,repo,2023-09-02 08:52:37+00:00,
tis-system/charts,,repo,2023-09-02 08:51:28+00:00,
tis-system/charts,,repo,2023-09-02 08:44:57+00:00,
tis-system/charts,,repo,2023-09-02 08:43:40+00:00,
tis-system/charts,,repo,2023-09-02 08:30:13+00:00,
tis-system/charts,,repo,2023-09-02 08:28:19+00:00,
tis-system/charts,,repo,2023-09-02 08:25:50+00:00,
tis-system/charts,,repo,2023-09-02 08:24:03+00:00,
tis-system/charts,,repo,2023-09-02 08:20:52+00:00,
tis-system/charts,,repo,2023-09-02 08:19:41+00:00,
tis-system/charts,,repo,2023-09-02 08:15:26+00:00,
tis-system/charts,,repo,2023-09-02 07:45:18+00:00,
tis-system/charts,,repo,2023-09-02 07:44:16+00:00,
tis-system/charts,,repo,2023-09-02 07:17:58+00:00,
tis-system/charts,,repo,2023-09-02 07:08:13+00:00,
tis-system/charts,,repo,2023-09-02 07:01:27+00:00,
tis-system/charts,charts/istio/1.13.5/istio-control/istio-discovery/files/gen-istio.yaml,hpa_file,2023-09-02 07:01:27+00:00,
iamsamitdev/jenkins-spring-boot-kubernates,,repo,,
iamsamitdev/jenkins-spring-boot-kubernates,,repo,,
iamsamitdev/jenkins-spring-boot-kubernates,,repo,,
iamsamitdev/jenkins-spring-boot-kubernates,,repo,,
iamsamitdev/jenkins-spring-boot-kubernates,,repo,,
iamsamitdev/jenkins-spring-boot-kubernates,,repo,,
iamsamitdev/jenkins-spring-boot-kubernates,,repo,,
iamsamitdev/jenkins-spring-boot-kubernates,,repo,,
iamsamitdev/jenkins-spring-boot-kubernates,,repo,,
iamsamitdev/jenkins-spring-boot-kubernates,,repo,,
iamsamitdev/jenkins-spring-boot-kubernates,hpa.yaml,hpa_file,,
iamsamitdev/jenkins-spring-boot-kubernates,hpa.yaml,hpa_file,,
suneel-kms123/hms,,repo,,
suneel-kms123/hms,,repo,,
suneel-kms123/hms,,repo,,
suneel-kms123/hms,,repo,,
suneel-kms123/hms,,repo,,
suneel-kms123/hms,,repo,,
suneel-kms123/hms,,repo,,
suneel-kms123/hms,,repo,,
suneel-kms123/hms,,repo,,
suneel-kms123/hms,,repo,,
suneel-kms123/hms,,repo,,
suneel-kms123/hms,,repo,,
suneel-kms123/hms,,repo,,
suneel-kms123/hms,deploy/hpa.yml,hpa_file,,
sakethbolla/EventSphere,,repo,,
sakethbolla/EventSphere,,repo,,
sakethbolla/EventSphere,,repo,,
sakethbolla/EventSphere,,repo,,
sakethbolla/EventSphere,,repo,,
sakethbolla/EventSphere,,repo,,
sakethbolla/EventSphere,,repo,,
sakethbolla/EventSphere,,repo,,
sakethbolla/EventSphere,,repo,,
sakethbolla/EventSphere,,repo,,
sakethbolla/EventSphere,,repo,,
sakethbolla/EventSphere,,repo,,
sakethbolla/EventSphere,,repo,,
sakethbolla/EventSphere,,repo,,
sakethbolla/EventSphere,,repo,,
sakethbolla/EventSphere,,repo,,
sakethbolla/EventSphere,,repo,,
sakethbolla/EventSphere,,repo,,
sakethbolla/EventSphere,,repo,,
sakethbolla/EventSphere,,repo,,
sakethbolla/EventSphere,,repo,,
sakethbolla/EventSphere,,repo,,
sakethbolla/EventSphere,,repo,,
sakethbolla/EventSphere,,repo,,
sakethbolla/EventSphere,,repo,,
sakethbolla/EventSphere,,repo,,
sakethbolla/EventSphere,,repo,,
sakethbolla/EventSphere,,repo,,
sakethbolla/EventSphere,,repo,,
sakethbolla/EventSphere,,repo,,
sakethbolla/EventSphere,,repo,,
sakethbolla/EventSphere,,repo,,
sakethbolla/EventSphere,,repo,,
sakethbolla/EventSphere,,repo,,
sakethbolla/EventSphere,,repo,,
sakethbolla/EventSphere,,repo,,
sakethbolla/EventSphere,,repo,,
sakethbolla/EventSphere,,repo,,
sakethbolla/EventSphere,,repo,,
sakethbolla/EventSphere,,repo,,
sakethbolla/EventSphere,,repo,,
sakethbolla/EventSphere,,repo,,
sakethbolla/EventSphere,,repo,,
sakethbolla/EventSphere,,repo,,
sakethbolla/EventSphere,,repo,,
sakethbolla/EventSphere,,repo,,
sakethbolla/EventSphere,,repo,,
sakethbolla/EventSphere,,repo,,
sakethbolla/EventSphere,,repo,,
sakethbolla/EventSphere,,repo,,
sakethbolla/EventSphere,,repo,,
sakethbolla/EventSphere,,repo,,
sakethbolla/EventSphere,,repo,,
sakethbolla/EventSphere,,repo,,
sakethbolla/EventSphere,,repo,,
sakethbolla/EventSphere,,repo,,
sakethbolla/EventSphere,,repo,,
sakethbolla/EventSphere,,repo,,
sakethbolla/EventSphere,,repo,,
sakethbolla/EventSphere,,repo,,
sakethbolla/EventSphere,,repo,,
sakethbolla/EventSphere,,repo,,
sakethbolla/EventSphere,,repo,,
sakethbolla/EventSphere,,repo,,
sakethbolla/EventSphere,,repo,,
sakethbolla/EventSphere,,repo,,
sakethbolla/EventSphere,,repo,,
sakethbolla/EventSphere,,repo,,
sakethbolla/EventSphere,,repo,,
sakethbolla/EventSphere,,repo,,
sakethbolla/EventSphere,,repo,,
sakethbolla/EventSphere,,repo,,
sakethbolla/EventSphere,,repo,,
sakethbolla/EventSphere,,repo,,
sakethbolla/EventSphere,,repo,,
sakethbolla/EventSphere,,repo,,
sakethbolla/EventSphere,,repo,,
sakethbolla/EventSphere,,repo,,
sakethbolla/EventSphere,,repo,,
sakethbolla/EventSphere,,repo,,
sakethbolla/EventSphere,,repo,,
sakethbolla/EventSphere,,repo,,
sakethbolla/EventSphere,,repo,,
sakethbolla/EventSphere,,repo,,
sakethbolla/EventSphere,,repo,,
sakethbolla/EventSphere,,repo,,
sakethbolla/EventSphere,,repo,,
sakethbolla/EventSphere,,repo,,
sakethbolla/EventSphere,,repo,,
sakethbolla/EventSphere,,repo,,
sakethbolla/EventSphere,,repo,,
sakethbolla/EventSphere,,repo,,
sakethbolla/EventSphere,,repo,,
sakethbolla/EventSphere,,repo,,
sakethbolla/EventSphere,,repo,,
sakethbolla/EventSphere,,repo,,
sakethbolla/EventSphere,k8s/hpa/frontend-hpa.yaml,hpa_file,,
sagiri2004/ticket-booking-project,,repo,,
sagiri2004/ticket-booking-project,,repo,,
sagiri2004/ticket-booking-project,,repo,,
sagiri2004/ticket-booking-project,,repo,,
sagiri2004/ticket-booking-project,,repo,,
sagiri2004/ticket-booking-project,,repo,,
sagiri2004/ticket-booking-project,,repo,,
sagiri2004/ticket-booking-project,,repo,,
sagiri2004/ticket-booking-project,,repo,,
sagiri2004/ticket-booking-project,,repo,,
sagiri2004/ticket-booking-project,,repo,,
sagiri2004/ticket-booking-project,,repo,,
sagiri2004/ticket-booking-project,,repo,,
sagiri2004/ticket-booking-project,,repo,,
sagiri2004/ticket-booking-project,,repo,,
sagiri2004/ticket-booking-project,,repo,,
sagiri2004/ticket-booking-project,,repo,,
sagiri2004/ticket-booking-project,,repo,,
sagiri2004/ticket-booking-project,,repo,,
sagiri2004/ticket-booking-project,,repo,,
sagiri2004/ticket-booking-project,,repo,,
sagiri2004/ticket-booking-project,,repo,,
sagiri2004/ticket-booking-project,,repo,,
sagiri2004/ticket-booking-project,,repo,,
sagiri2004/ticket-booking-project,,repo,,
sagiri2004/ticket-booking-project,,repo,,
sagiri2004/ticket-booking-project,,repo,,
sagiri2004/ticket-booking-project,,repo,,
sagiri2004/ticket-booking-project,,repo,,
sagiri2004/ticket-booking-project,,repo,,
sagiri2004/ticket-booking-project,,repo,,
sagiri2004/ticket-booking-project,,repo,,
sagiri2004/ticket-booking-project,,repo,,
sagiri2004/ticket-booking-project,,repo,,
sagiri2004/ticket-booking-project,,repo,,
sagiri2004/ticket-booking-project,,repo,,
sagiri2004/ticket-booking-project,,repo,,
sagiri2004/ticket-booking-project,,repo,,
sagiri2004/ticket-booking-project,,repo,,
sagiri2004/ticket-booking-project,,repo,,
sagiri2004/ticket-booking-project,,repo,,
sagiri2004/ticket-booking-project,,repo,,
sagiri2004/ticket-booking-project,,repo,,
sagiri2004/ticket-booking-project,,repo,,
sagiri2004/ticket-booking-project,,repo,,
sagiri2004/ticket-booking-project,,repo,,
sagiri2004/ticket-booking-project,,repo,,
sagiri2004/ticket-booking-project,,repo,,
sagiri2004/ticket-booking-project,,repo,,
sagiri2004/ticket-booking-project,,repo,,
sagiri2004/ticket-booking-project,,repo,,
sagiri2004/ticket-booking-project,,repo,,
sagiri2004/ticket-booking-project,,repo,,
sagiri2004/ticket-booking-project,,repo,,
sagiri2004/ticket-booking-project,,repo,,
sagiri2004/ticket-booking-project,,repo,,
sagiri2004/ticket-booking-project,,repo,,
sagiri2004/ticket-booking-project,,repo,,
sagiri2004/ticket-booking-project,,repo,,
sagiri2004/ticket-booking-project,,repo,,
sagiri2004/ticket-booking-project,,repo,,
sagiri2004/ticket-booking-project,,repo,,
sagiri2004/ticket-booking-project,,repo,,
sagiri2004/ticket-booking-project,,repo,,
sagiri2004/ticket-booking-project,,repo,,
sagiri2004/ticket-booking-project,,repo,,
sagiri2004/ticket-booking-project,,repo,,
sagiri2004/ticket-booking-project,,repo,,
sagiri2004/ticket-booking-project,,repo,,
sagiri2004/ticket-booking-project,,repo,,
sagiri2004/ticket-booking-project,,repo,,
sagiri2004/ticket-booking-project,,repo,,
sagiri2004/ticket-booking-project,,repo,,
sagiri2004/ticket-booking-project,,repo,,
sagiri2004/ticket-booking-project,,repo,,
sagiri2004/ticket-booking-project,,repo,,
sagiri2004/ticket-booking-project,,repo,,
sagiri2004/ticket-booking-project,,repo,,
sagiri2004/ticket-booking-project,,repo,,
sagiri2004/ticket-booking-project,,repo,,
sagiri2004/ticket-booking-project,,repo,,
sagiri2004/ticket-booking-project,,repo,,
sagiri2004/ticket-booking-project,,repo,,
sagiri2004/ticket-booking-project,,repo,,
sagiri2004/ticket-booking-project,,repo,,
sagiri2004/ticket-booking-project,,repo,,
sagiri2004/ticket-booking-project,,repo,,
sagiri2004/ticket-booking-project,kubernetes/messaging/zookeeper/hpa.yaml,hpa_file,,
kestendzhievah-cyber/TwinMe.IA,,repo,,
kestendzhievah-cyber/TwinMe.IA,,repo,,
kestendzhievah-cyber/TwinMe.IA,,repo,,
kestendzhievah-cyber/TwinMe.IA,,repo,,
kestendzhievah-cyber/TwinMe.IA,,repo,,
kestendzhievah-cyber/TwinMe.IA,,repo,,
kestendzhievah-cyber/TwinMe.IA,,repo,,
kestendzhievah-cyber/TwinMe.IA,,repo,,
kestendzhievah-cyber/TwinMe.IA,,repo,,
kestendzhievah-cyber/TwinMe.IA,,repo,,
kestendzhievah-cyber/TwinMe.IA,,repo,,
kestendzhievah-cyber/TwinMe.IA,,repo,,
kestendzhievah-cyber/TwinMe.IA,,repo,,
kestendzhievah-cyber/TwinMe.IA,,repo,,
kestendzhievah-cyber/TwinMe.IA,,repo,,
kestendzhievah-cyber/TwinMe.IA,,repo,,
kestendzhievah-cyber/TwinMe.IA,,repo,,
kestendzhievah-cyber/TwinMe.IA,,repo,,
kestendzhievah-cyber/TwinMe.IA,,repo,,
kestendzhievah-cyber/TwinMe.IA,,repo,,
kestendzhievah-cyber/TwinMe.IA,,repo,,
kestendzhievah-cyber/TwinMe.IA,,repo,,
kestendzhievah-cyber/TwinMe.IA,,repo,,
kestendzhievah-cyber/TwinMe.IA,,repo,,
kestendzhievah-cyber/TwinMe.IA,,repo,,
kestendzhievah-cyber/TwinMe.IA,,repo,,
kestendzhievah-cyber/TwinMe.IA,,repo,,
kestendzhievah-cyber/TwinMe.IA,,repo,,
kestendzhievah-cyber/TwinMe.IA,,repo,,
kestendzhievah-cyber/TwinMe.IA,,repo,,
kestendzhievah-cyber/TwinMe.IA,,repo,,
kestendzhievah-cyber/TwinMe.IA,,repo,,
kestendzhievah-cyber/TwinMe.IA,,repo,,
kestendzhievah-cyber/TwinMe.IA,,repo,,
kestendzhievah-cyber/TwinMe.IA,,repo,,
kestendzhievah-cyber/TwinMe.IA,,repo,,
kestendzhievah-cyber/TwinMe.IA,,repo,,
kestendzhievah-cyber/TwinMe.IA,,repo,,
kestendzhievah-cyber/TwinMe.IA,,repo,,
kestendzhievah-cyber/TwinMe.IA,k8s/hpa.yaml,hpa_file,,
girmaat/Kubernetes-resilient-deployment-strategies,,repo,,
girmaat/Kubernetes-resilient-deployment-strategies,,repo,,
girmaat/Kubernetes-resilient-deployment-strategies,manifests/autoscaling/hpa-api-gateway.yaml,hpa_file,,
novvoo/rendery,,repo,,
novvoo/rendery,,repo,,
novvoo/rendery,,repo,,
novvoo/rendery,,repo,,
novvoo/rendery,,repo,,
novvoo/rendery,,repo,,
novvoo/rendery,examples/k8s-deployment.yaml,hpa_file,,
robby1012/rby-kubernetes-implementations,,repo,,
robby1012/rby-kubernetes-implementations,,repo,,
robby1012/rby-kubernetes-implementations,,repo,,
robby1012/rby-kubernetes-implementations,implementations/yaml/03_frontend_deployment/frontend-hpa.yaml,hpa_file,,
johnafariogun/ecommerce-platform-assignment-28,,repo,,
johnafariogun/ecommerce-platform-assignment-28,,repo,,
johnafariogun/ecommerce-platform-assignment-28,assignment-28/hpa.yaml,hpa_file,,
luisaxsz/Curso-Kubernets-Alura,,repo,,
luisaxsz/Curso-Kubernets-Alura,,repo,,
luisaxsz/Curso-Kubernets-Alura,,repo,,
luisaxsz/Curso-Kubernets-Alura,,repo,,
luisaxsz/Curso-Kubernets-Alura,,repo,,
luisaxsz/Curso-Kubernets-Alura,,repo,,
luisaxsz/Curso-Kubernets-Alura,portal-noticias-has.yml,hpa_file,,
jennweir/HomeLab,,repo,,
jennweir/HomeLab,,repo,,
jennweir/HomeLab,,repo,,
jennweir/HomeLab,,repo,,
jennweir/HomeLab,,repo,,
jennweir/HomeLab,,repo,,
jennweir/HomeLab,,repo,,
jennweir/HomeLab,,repo,,
jennweir/HomeLab,,repo,,
jennweir/HomeLab,,repo,,
jennweir/HomeLab,,repo,,
jennweir/HomeLab,,repo,,
jennweir/HomeLab,,repo,,
jennweir/HomeLab,,repo,,
jennweir/HomeLab,,repo,,
jennweir/HomeLab,,repo,,
jennweir/HomeLab,,repo,,
jennweir/HomeLab,,repo,,
jennweir/HomeLab,,repo,,
jennweir/HomeLab,,repo,,
jennweir/HomeLab,,repo,,
jennweir/HomeLab,,repo,,
jennweir/HomeLab,,repo,,
jennweir/HomeLab,,repo,,
jennweir/HomeLab,,repo,,
jennweir/HomeLab,,repo,,
jennweir/HomeLab,,repo,,
jennweir/HomeLab,,repo,,
jennweir/HomeLab,,repo,,
jennweir/HomeLab,,repo,,
jennweir/HomeLab,,repo,,
jennweir/HomeLab,,repo,,
jennweir/HomeLab,,repo,,
jennweir/HomeLab,,repo,,
jennweir/HomeLab,,repo,,
jennweir/HomeLab,,repo,,
jennweir/HomeLab,,repo,,
jennweir/HomeLab,,repo,,
jennweir/HomeLab,,repo,,
jennweir/HomeLab,,repo,,
jennweir/HomeLab,,repo,,
jennweir/HomeLab,,repo,,
jennweir/HomeLab,,repo,,
jennweir/HomeLab,,repo,,
jennweir/HomeLab,,repo,,
jennweir/HomeLab,,repo,,
jennweir/HomeLab,,repo,,
jennweir/HomeLab,,repo,,
jennweir/HomeLab,,repo,,
jennweir/HomeLab,,repo,,
jennweir/HomeLab,,repo,,
jennweir/HomeLab,,repo,,
jennweir/HomeLab,,repo,,
jennweir/HomeLab,,repo,,
jennweir/HomeLab,,repo,,
jennweir/HomeLab,,repo,,
jennweir/HomeLab,,repo,,
jennweir/HomeLab,,repo,,
jennweir/HomeLab,,repo,,
jennweir/HomeLab,,repo,,
jennweir/HomeLab,,repo,,
jennweir/HomeLab,,repo,,
jennweir/HomeLab,,repo,,
jennweir/HomeLab,,repo,,
jennweir/HomeLab,,repo,,
jennweir/HomeLab,,repo,,
jennweir/HomeLab,,repo,,
jennweir/HomeLab,,repo,,
jennweir/HomeLab,,repo,,
jennweir/HomeLab,,repo,,
jennweir/HomeLab,,repo,,
jennweir/HomeLab,,repo,,
jennweir/HomeLab,,repo,,
jennweir/HomeLab,,repo,,
jennweir/HomeLab,,repo,,
jennweir/HomeLab,,repo,,
jennweir/HomeLab,,repo,,
jennweir/HomeLab,,repo,,
jennweir/HomeLab,,repo,,
jennweir/HomeLab,,repo,,
jennweir/HomeLab,,repo,,
jennweir/HomeLab,,repo,,
jennweir/HomeLab,,repo,,
jennweir/HomeLab,,repo,,
jennweir/HomeLab,,repo,,
jennweir/HomeLab,,repo,,
jennweir/HomeLab,,repo,,
jennweir/HomeLab,,repo,,
jennweir/HomeLab,,repo,,
jennweir/HomeLab,,repo,,
jennweir/HomeLab,,repo,,
jennweir/HomeLab,,repo,,
jennweir/HomeLab,,repo,,
jennweir/HomeLab,,repo,,
jennweir/HomeLab,,repo,,
jennweir/HomeLab,,repo,,
jennweir/HomeLab,,repo,,
jennweir/HomeLab,,repo,,
jennweir/HomeLab,,repo,,
jennweir/HomeLab,,repo,,
jennweir/HomeLab,,repo,,
jennweir/HomeLab,,repo,,
jennweir/HomeLab,,repo,,
jennweir/HomeLab,,repo,,
jennweir/HomeLab,,repo,,
jennweir/HomeLab,,repo,,
jennweir/HomeLab,,repo,,
jennweir/HomeLab,,repo,,
jennweir/HomeLab,,repo,,
jennweir/HomeLab,,repo,,
jennweir/HomeLab,,repo,,
jennweir/HomeLab,,repo,,
jennweir/HomeLab,,repo,,
jennweir/HomeLab,,repo,,
jennweir/HomeLab,,repo,,
jennweir/HomeLab,,repo,,
jennweir/HomeLab,,repo,,
jennweir/HomeLab,,repo,,
jennweir/HomeLab,,repo,,
jennweir/HomeLab,,repo,,
jennweir/HomeLab,,repo,,
jennweir/HomeLab,,repo,,
jennweir/HomeLab,,repo,,
jennweir/HomeLab,,repo,,
jennweir/HomeLab,,repo,,
jennweir/HomeLab,,repo,,
jennweir/HomeLab,,repo,,
jennweir/HomeLab,,repo,,
jennweir/HomeLab,,repo,,
jennweir/HomeLab,,repo,,
jennweir/HomeLab,,repo,,
jennweir/HomeLab,,repo,,
jennweir/HomeLab,,repo,,
jennweir/HomeLab,,repo,,
jennweir/HomeLab,,repo,,
jennweir/HomeLab,,repo,,
jennweir/HomeLab,,repo,,
jennweir/HomeLab,,repo,,
jennweir/HomeLab,,repo,,
jennweir/HomeLab,,repo,,
jennweir/HomeLab,,repo,,
jennweir/HomeLab,,repo,,
jennweir/HomeLab,,repo,,
jennweir/HomeLab,,repo,,
jennweir/HomeLab,,repo,,
jennweir/HomeLab,,repo,,
jennweir/HomeLab,,repo,,
jennweir/HomeLab,,repo,,
jennweir/HomeLab,,repo,,
jennweir/HomeLab,,repo,,
jennweir/HomeLab,,repo,,
jennweir/HomeLab,,repo,,
jennweir/HomeLab,,repo,,
jennweir/HomeLab,,repo,,
jennweir/HomeLab,,repo,,
jennweir/HomeLab,,repo,,
jennweir/HomeLab,,repo,,
jennweir/HomeLab,,repo,,
jennweir/HomeLab,,repo,,
jennweir/HomeLab,,repo,,
jennweir/HomeLab,,repo,,
jennweir/HomeLab,,repo,,
jennweir/HomeLab,,repo,,
jennweir/HomeLab,,repo,,
jennweir/HomeLab,,repo,,
jennweir/HomeLab,,repo,,
jennweir/HomeLab,,repo,,
jennweir/HomeLab,,repo,,
jennweir/HomeLab,,repo,,
jennweir/HomeLab,,repo,,
jennweir/HomeLab,,repo,,
jennweir/HomeLab,,repo,,
jennweir/HomeLab,,repo,,
jennweir/HomeLab,,repo,,
jennweir/HomeLab,,repo,,
jennweir/HomeLab,,repo,,
jennweir/HomeLab,,repo,,
jennweir/HomeLab,,repo,,
jennweir/HomeLab,,repo,,
jennweir/HomeLab,,repo,,
jennweir/HomeLab,,repo,,
jennweir/HomeLab,,repo,,
jennweir/HomeLab,,repo,,
jennweir/HomeLab,,repo,,
jennweir/HomeLab,,repo,,
jennweir/HomeLab,,repo,,
jennweir/HomeLab,,repo,,
jennweir/HomeLab,,repo,,
jennweir/HomeLab,,repo,,
jennweir/HomeLab,,repo,,
jennweir/HomeLab,,repo,,
jennweir/HomeLab,,repo,,
jennweir/HomeLab,,repo,,
jennweir/HomeLab,,repo,,
jennweir/HomeLab,,repo,,
jennweir/HomeLab,,repo,,
jennweir/HomeLab,,repo,,
jennweir/HomeLab,,repo,,
jennweir/HomeLab,,repo,,
jennweir/HomeLab,,repo,,
jennweir/HomeLab,manifests/apps/podinfo/hpa.yaml,hpa_file,,
jennweir/HomeLab,manifests/apps/podinfo/hpa.yaml,hpa_file,,
kuehara/x-ai-studio,,repo,,
kuehara/x-ai-studio,,repo,,
kuehara/x-ai-studio,k8s/pipeline-runner/hpa.yaml,hpa_file,,
gorinovdan/DevOpsLabs,,repo,,
gorinovdan/DevOpsLabs,,repo,,
gorinovdan/DevOpsLabs,,repo,,
gorinovdan/DevOpsLabs,,repo,,
gorinovdan/DevOpsLabs,,repo,,
gorinovdan/DevOpsLabs,,repo,,
gorinovdan/DevOpsLabs,,repo,,
gorinovdan/DevOpsLabs,,repo,,
gorinovdan/DevOpsLabs,,repo,,
gorinovdan/DevOpsLabs,,repo,,
gorinovdan/DevOpsLabs,,repo,,
gorinovdan/DevOpsLabs,,repo,,
gorinovdan/DevOpsLabs,,repo,,
gorinovdan/DevOpsLabs,,repo,,
gorinovdan/DevOpsLabs,,repo,,
gorinovdan/DevOpsLabs,,repo,,
gorinovdan/DevOpsLabs,,repo,,
gorinovdan/DevOpsLabs,,repo,,
gorinovdan/DevOpsLabs,,repo,,
gorinovdan/DevOpsLabs,,repo,,
gorinovdan/DevOpsLabs,,repo,,
gorinovdan/DevOpsLabs,,repo,,
gorinovdan/DevOpsLabs,,repo,,
gorinovdan/DevOpsLabs,,repo,,
gorinovdan/DevOpsLabs,,repo,,
gorinovdan/DevOpsLabs,,repo,,
gorinovdan/DevOpsLabs,,repo,,
gorinovdan/DevOpsLabs,,repo,,
gorinovdan/DevOpsLabs,,repo,,
gorinovdan/DevOpsLabs,,repo,,
gorinovdan/DevOpsLabs,,repo,,
gorinovdan/DevOpsLabs,,repo,,
gorinovdan/DevOpsLabs,,repo,,
gorinovdan/DevOpsLabs,,repo,,
gorinovdan/DevOpsLabs,,repo,,
gorinovdan/DevOpsLabs,,repo,,
gorinovdan/DevOpsLabs,,repo,,
gorinovdan/DevOpsLabs,,repo,,
gorinovdan/DevOpsLabs,,repo,,
gorinovdan/DevOpsLabs,,repo,,
gorinovdan/DevOpsLabs,,repo,,
gorinovdan/DevOpsLabs,,repo,,
gorinovdan/DevOpsLabs,,repo,,
gorinovdan/DevOpsLabs,deploy/minikube/frontend/frontend-hpa.yaml,hpa_file,,
minh160302/service-mesh,,repo,,
minh160302/service-mesh,deploy/k8s/sidecar.yaml,hpa_file,,
jneaimi/n8n-tools-api,,repo,,
jneaimi/n8n-tools-api,,repo,,
jneaimi/n8n-tools-api,,repo,,
jneaimi/n8n-tools-api,,repo,,
jneaimi/n8n-tools-api,,repo,,
jneaimi/n8n-tools-api,,repo,,
jneaimi/n8n-tools-api,,repo,,
jneaimi/n8n-tools-api,,repo,,
jneaimi/n8n-tools-api,,repo,,
jneaimi/n8n-tools-api,,repo,,
jneaimi/n8n-tools-api,,repo,,
jneaimi/n8n-tools-api,,repo,,
jneaimi/n8n-tools-api,,repo,,
jneaimi/n8n-tools-api,,repo,,
jneaimi/n8n-tools-api,,repo,,
jneaimi/n8n-tools-api,k8s/autoscaling.yaml,hpa_file,,
marcos2soares/WORKSHOP-OPENSHIFT,,repo,,
marcos2soares/WORKSHOP-OPENSHIFT,,repo,,
marcos2soares/WORKSHOP-OPENSHIFT,,repo,,
marcos2soares/WORKSHOP-OPENSHIFT,,repo,,
marcos2soares/WORKSHOP-OPENSHIFT,,repo,,
marcos2soares/WORKSHOP-OPENSHIFT,,repo,,
marcos2soares/WORKSHOP-OPENSHIFT,,repo,,
marcos2soares/WORKSHOP-OPENSHIFT,,repo,,
marcos2soares/WORKSHOP-OPENSHIFT,,repo,,
marcos2soares/WORKSHOP-OPENSHIFT,,repo,,
marcos2soares/WORKSHOP-OPENSHIFT,,repo,,
marcos2soares/WORKSHOP-OPENSHIFT,,repo,,
marcos2soares/WORKSHOP-OPENSHIFT,,repo,,
marcos2soares/WORKSHOP-OPENSHIFT,,repo,,
marcos2soares/WORKSHOP-OPENSHIFT,,repo,,
marcos2soares/WORKSHOP-OPENSHIFT,,repo,,
marcos2soares/WORKSHOP-OPENSHIFT,,repo,,
marcos2soares/WORKSHOP-OPENSHIFT,,repo,,
marcos2soares/WORKSHOP-OPENSHIFT,,repo,,
marcos2soares/WORKSHOP-OPENSHIFT,,repo,,
marcos2soares/WORKSHOP-OPENSHIFT,,repo,,
marcos2soares/WORKSHOP-OPENSHIFT,,repo,,
marcos2soares/WORKSHOP-OPENSHIFT,REFERENCIA/29deployhpa.yml,hpa_file,,
saqib-masood/ondc-backend,,repo,,
saqib-masood/ondc-backend,,repo,,
saqib-masood/ondc-backend,,repo,,
saqib-masood/ondc-backend,,repo,,
saqib-masood/ondc-backend,terraform/modules/buyer/manifests/mockup/registry-service/autoscaling.yaml,hpa_file,,
marco-matteo/UeK_210,,repo,,
marco-matteo/UeK_210,,repo,,
marco-matteo/UeK_210,,repo,,
marco-matteo/UeK_210,,repo,,
marco-matteo/UeK_210,,repo,,
marco-matteo/UeK_210,,repo,,
marco-matteo/UeK_210,,repo,,
marco-matteo/UeK_210,,repo,,
marco-matteo/UeK_210,,repo,,
marco-matteo/UeK_210,,repo,,
marco-matteo/UeK_210,,repo,,
marco-matteo/UeK_210,counter-app/k8s/frontend/frontend-autoscaler.yaml,hpa_file,,
mutesasiratimo/kcca_kla_connect_api,,repo,,
mutesasiratimo/kcca_kla_connect_api,,repo,,
mutesasiratimo/kcca_kla_connect_api,,repo,,
mutesasiratimo/kcca_kla_connect_api,,repo,,
mutesasiratimo/kcca_kla_connect_api,,repo,,
mutesasiratimo/kcca_kla_connect_api,,repo,,
mutesasiratimo/kcca_kla_connect_api,,repo,,
mutesasiratimo/kcca_kla_connect_api,,repo,,
mutesasiratimo/kcca_kla_connect_api,,repo,,
mutesasiratimo/kcca_kla_connect_api,,repo,,
mutesasiratimo/kcca_kla_connect_api,,repo,,
mutesasiratimo/kcca_kla_connect_api,,repo,,
mutesasiratimo/kcca_kla_connect_api,,repo,,
mutesasiratimo/kcca_kla_connect_api,,repo,,
mutesasiratimo/kcca_kla_connect_api,,repo,,
mutesasiratimo/kcca_kla_connect_api,,repo,,
mutesasiratimo/kcca_kla_connect_api,,repo,,
mutesasiratimo/kcca_kla_connect_api,,repo,,
mutesasiratimo/kcca_kla_connect_api,,repo,,
mutesasiratimo/kcca_kla_connect_api,,repo,,
mutesasiratimo/kcca_kla_connect_api,,repo,,
mutesasiratimo/kcca_kla_connect_api,,repo,,
mutesasiratimo/kcca_kla_connect_api,,repo,,
mutesasiratimo/kcca_kla_connect_api,,repo,,
mutesasiratimo/kcca_kla_connect_api,,repo,,
mutesasiratimo/kcca_kla_connect_api,,repo,,
mutesasiratimo/kcca_kla_connect_api,,repo,,
mutesasiratimo/kcca_kla_connect_api,,repo,,
mutesasiratimo/kcca_kla_connect_api,,repo,,
mutesasiratimo/kcca_kla_connect_api,,repo,,
mutesasiratimo/kcca_kla_connect_api,,repo,,
mutesasiratimo/kcca_kla_connect_api,,repo,,
mutesasiratimo/kcca_kla_connect_api,,repo,,
mutesasiratimo/kcca_kla_connect_api,,repo,,
mutesasiratimo/kcca_kla_connect_api,,repo,,
mutesasiratimo/kcca_kla_connect_api,,repo,,
mutesasiratimo/kcca_kla_connect_api,,repo,,
mutesasiratimo/kcca_kla_connect_api,,repo,,
mutesasiratimo/kcca_kla_connect_api,,repo,,
mutesasiratimo/kcca_kla_connect_api,,repo,,
mutesasiratimo/kcca_kla_connect_api,,repo,,
mutesasiratimo/kcca_kla_connect_api,,repo,,
mutesasiratimo/kcca_kla_connect_api,,repo,,
mutesasiratimo/kcca_kla_connect_api,,repo,,
mutesasiratimo/kcca_kla_connect_api,,repo,,
mutesasiratimo/kcca_kla_connect_api,,repo,,
mutesasiratimo/kcca_kla_connect_api,,repo,,
mutesasiratimo/kcca_kla_connect_api,,repo,,
mutesasiratimo/kcca_kla_connect_api,,repo,,
mutesasiratimo/kcca_kla_connect_api,,repo,,
mutesasiratimo/kcca_kla_connect_api,,repo,,
mutesasiratimo/kcca_kla_connect_api,,repo,,
mutesasiratimo/kcca_kla_connect_api,,repo,,
mutesasiratimo/kcca_kla_connect_api,,repo,,
mutesasiratimo/kcca_kla_connect_api,,repo,,
mutesasiratimo/kcca_kla_connect_api,,repo,,
mutesasiratimo/kcca_kla_connect_api,,repo,,
mutesasiratimo/kcca_kla_connect_api,,repo,,
mutesasiratimo/kcca_kla_connect_api,,repo,,
mutesasiratimo/kcca_kla_connect_api,,repo,,
mutesasiratimo/kcca_kla_connect_api,,repo,,
mutesasiratimo/kcca_kla_connect_api,,repo,,
mutesasiratimo/kcca_kla_connect_api,,repo,,
mutesasiratimo/kcca_kla_connect_api,,repo,,
mutesasiratimo/kcca_kla_connect_api,,repo,,
mutesasiratimo/kcca_kla_connect_api,,repo,,
mutesasiratimo/kcca_kla_connect_api,,repo,,
mutesasiratimo/kcca_kla_connect_api,,repo,,
mutesasiratimo/kcca_kla_connect_api,,repo,,
mutesasiratimo/kcca_kla_connect_api,,repo,,
mutesasiratimo/kcca_kla_connect_api,,repo,,
mutesasiratimo/kcca_kla_connect_api,,repo,,
mutesasiratimo/kcca_kla_connect_api,,repo,,
mutesasiratimo/kcca_kla_connect_api,,repo,,
mutesasiratimo/kcca_kla_connect_api,,repo,,
mutesasiratimo/kcca_kla_connect_api,,repo,,
mutesasiratimo/kcca_kla_connect_api,,repo,,
mutesasiratimo/kcca_kla_connect_api,,repo,,
mutesasiratimo/kcca_kla_connect_api,,repo,,
mutesasiratimo/kcca_kla_connect_api,,repo,,
mutesasiratimo/kcca_kla_connect_api,,repo,,
mutesasiratimo/kcca_kla_connect_api,,repo,,
mutesasiratimo/kcca_kla_connect_api,,repo,,
mutesasiratimo/kcca_kla_connect_api,,repo,,
mutesasiratimo/kcca_kla_connect_api,,repo,,
mutesasiratimo/kcca_kla_connect_api,,repo,,
mutesasiratimo/kcca_kla_connect_api,,repo,,
mutesasiratimo/kcca_kla_connect_api,,repo,,
mutesasiratimo/kcca_kla_connect_api,,repo,,
mutesasiratimo/kcca_kla_connect_api,,repo,,
mutesasiratimo/kcca_kla_connect_api,,repo,,
mutesasiratimo/kcca_kla_connect_api,,repo,,
mutesasiratimo/kcca_kla_connect_api,,repo,,
mutesasiratimo/kcca_kla_connect_api,,repo,,
mutesasiratimo/kcca_kla_connect_api,,repo,,
mutesasiratimo/kcca_kla_connect_api,,repo,,
mutesasiratimo/kcca_kla_connect_api,,repo,,
mutesasiratimo/kcca_kla_connect_api,,repo,,
mutesasiratimo/kcca_kla_connect_api,,repo,,
mutesasiratimo/kcca_kla_connect_api,,repo,,
mutesasiratimo/kcca_kla_connect_api,,repo,,
mutesasiratimo/kcca_kla_connect_api,,repo,,
mutesasiratimo/kcca_kla_connect_api,,repo,,
mutesasiratimo/kcca_kla_connect_api,,repo,,
mutesasiratimo/kcca_kla_connect_api,,repo,,
mutesasiratimo/kcca_kla_connect_api,,repo,,
mutesasiratimo/kcca_kla_connect_api,,repo,,
mutesasiratimo/kcca_kla_connect_api,,repo,,
mutesasiratimo/kcca_kla_connect_api,,repo,,
mutesasiratimo/kcca_kla_connect_api,,repo,,
mutesasiratimo/kcca_kla_connect_api,,repo,,
mutesasiratimo/kcca_kla_connect_api,,repo,,
mutesasiratimo/kcca_kla_connect_api,,repo,,
mutesasiratimo/kcca_kla_connect_api,,repo,,
mutesasiratimo/kcca_kla_connect_api,,repo,,
mutesasiratimo/kcca_kla_connect_api,,repo,,
mutesasiratimo/kcca_kla_connect_api,,repo,,
mutesasiratimo/kcca_kla_connect_api,,repo,,
mutesasiratimo/kcca_kla_connect_api,,repo,,
mutesasiratimo/kcca_kla_connect_api,,repo,,
mutesasiratimo/kcca_kla_connect_api,,repo,,
mutesasiratimo/kcca_kla_connect_api,,repo,,
mutesasiratimo/kcca_kla_connect_api,,repo,,
mutesasiratimo/kcca_kla_connect_api,,repo,,
mutesasiratimo/kcca_kla_connect_api,,repo,,
mutesasiratimo/kcca_kla_connect_api,,repo,,
mutesasiratimo/kcca_kla_connect_api,,repo,,
mutesasiratimo/kcca_kla_connect_api,,repo,,
mutesasiratimo/kcca_kla_connect_api,,repo,,
mutesasiratimo/kcca_kla_connect_api,,repo,,
mutesasiratimo/kcca_kla_connect_api,,repo,,
mutesasiratimo/kcca_kla_connect_api,,repo,,
mutesasiratimo/kcca_kla_connect_api,,repo,,
mutesasiratimo/kcca_kla_connect_api,,repo,,
mutesasiratimo/kcca_kla_connect_api,,repo,,
mutesasiratimo/kcca_kla_connect_api,,repo,,
mutesasiratimo/kcca_kla_connect_api,,repo,,
mutesasiratimo/kcca_kla_connect_api,,repo,,
mutesasiratimo/kcca_kla_connect_api,,repo,,
mutesasiratimo/kcca_kla_connect_api,,repo,,
mutesasiratimo/kcca_kla_connect_api,,repo,,
mutesasiratimo/kcca_kla_connect_api,,repo,,
mutesasiratimo/kcca_kla_connect_api,,repo,,
mutesasiratimo/kcca_kla_connect_api,,repo,,
mutesasiratimo/kcca_kla_connect_api,,repo,,
mutesasiratimo/kcca_kla_connect_api,,repo,,
mutesasiratimo/kcca_kla_connect_api,,repo,,
mutesasiratimo/kcca_kla_connect_api,,repo,,
mutesasiratimo/kcca_kla_connect_api,,repo,,
mutesasiratimo/kcca_kla_connect_api,,repo,,
mutesasiratimo/kcca_kla_connect_api,,repo,,
mutesasiratimo/kcca_kla_connect_api,,repo,,
mutesasiratimo/kcca_kla_connect_api,,repo,,
mutesasiratimo/kcca_kla_connect_api,,repo,,
mutesasiratimo/kcca_kla_connect_api,,repo,,
mutesasiratimo/kcca_kla_connect_api,,repo,,
mutesasiratimo/kcca_kla_connect_api,,repo,,
mutesasiratimo/kcca_kla_connect_api,,repo,,
mutesasiratimo/kcca_kla_connect_api,,repo,,
mutesasiratimo/kcca_kla_connect_api,,repo,,
mutesasiratimo/kcca_kla_connect_api,,repo,,
mutesasiratimo/kcca_kla_connect_api,,repo,,
mutesasiratimo/kcca_kla_connect_api,,repo,,
mutesasiratimo/kcca_kla_connect_api,,repo,,
mutesasiratimo/kcca_kla_connect_api,,repo,,
mutesasiratimo/kcca_kla_connect_api,,repo,,
mutesasiratimo/kcca_kla_connect_api,,repo,,
mutesasiratimo/kcca_kla_connect_api,,repo,,
mutesasiratimo/kcca_kla_connect_api,,repo,,
mutesasiratimo/kcca_kla_connect_api,,repo,,
mutesasiratimo/kcca_kla_connect_api,,repo,,
mutesasiratimo/kcca_kla_connect_api,,repo,,
mutesasiratimo/kcca_kla_connect_api,,repo,,
mutesasiratimo/kcca_kla_connect_api,,repo,,
mutesasiratimo/kcca_kla_connect_api,,repo,,
mutesasiratimo/kcca_kla_connect_api,,repo,,
mutesasiratimo/kcca_kla_connect_api,,repo,,
mutesasiratimo/kcca_kla_connect_api,,repo,,
mutesasiratimo/kcca_kla_connect_api,,repo,,
mutesasiratimo/kcca_kla_connect_api,,repo,,
mutesasiratimo/kcca_kla_connect_api,,repo,,
mutesasiratimo/kcca_kla_connect_api,,repo,,
mutesasiratimo/kcca_kla_connect_api,,repo,,
mutesasiratimo/kcca_kla_connect_api,,repo,,
mutesasiratimo/kcca_kla_connect_api,,repo,,
mutesasiratimo/kcca_kla_connect_api,,repo,,
mutesasiratimo/kcca_kla_connect_api,,repo,,
mutesasiratimo/kcca_kla_connect_api,,repo,,
mutesasiratimo/kcca_kla_connect_api,,repo,,
mutesasiratimo/kcca_kla_connect_api,,repo,,
mutesasiratimo/kcca_kla_connect_api,,repo,,
mutesasiratimo/kcca_kla_connect_api,,repo,,
mutesasiratimo/kcca_kla_connect_api,,repo,,
mutesasiratimo/kcca_kla_connect_api,,repo,,
mutesasiratimo/kcca_kla_connect_api,,repo,,
mutesasiratimo/kcca_kla_connect_api,,repo,,
mutesasiratimo/kcca_kla_connect_api,,repo,,
mutesasiratimo/kcca_kla_connect_api,,repo,,
mutesasiratimo/kcca_kla_connect_api,,repo,,
mutesasiratimo/kcca_kla_connect_api,,repo,,
mutesasiratimo/kcca_kla_connect_api,k8s/hpa.yaml,hpa_file,,
mateusoli98/hackathon-fiap,,repo,,
mateusoli98/hackathon-fiap,,repo,,
mateusoli98/hackathon-fiap,,repo,,
mateusoli98/hackathon-fiap,,repo,,
mateusoli98/hackathon-fiap,,repo,,
mateusoli98/hackathon-fiap,,repo,,
mateusoli98/hackathon-fiap,,repo,,
mateusoli98/hackathon-fiap,,repo,,
mateusoli98/hackathon-fiap,,repo,,
mateusoli98/hackathon-fiap,,repo,,
mateusoli98/hackathon-fiap,,repo,,
mateusoli98/hackathon-fiap,,repo,,
mateusoli98/hackathon-fiap,,repo,,
mateusoli98/hackathon-fiap,,repo,,
mateusoli98/hackathon-fiap,,repo,,
mateusoli98/hackathon-fiap,,repo,,
mateusoli98/hackathon-fiap,,repo,,
mateusoli98/hackathon-fiap,,repo,,
mateusoli98/hackathon-fiap,,repo,,
mateusoli98/hackathon-fiap,,repo,,
mateusoli98/hackathon-fiap,,repo,,
mateusoli98/hackathon-fiap,,repo,,
mateusoli98/hackathon-fiap,,repo,,
mateusoli98/hackathon-fiap,,repo,,
mateusoli98/hackathon-fiap,,repo,,
mateusoli98/hackathon-fiap,,repo,,
mateusoli98/hackathon-fiap,,repo,,
mateusoli98/hackathon-fiap,,repo,,
mateusoli98/hackathon-fiap,,repo,,
mateusoli98/hackathon-fiap,,repo,,
mateusoli98/hackathon-fiap,,repo,,
mateusoli98/hackathon-fiap,,repo,,
mateusoli98/hackathon-fiap,,repo,,
mateusoli98/hackathon-fiap,,repo,,
mateusoli98/hackathon-fiap,,repo,,
mateusoli98/hackathon-fiap,,repo,,
mateusoli98/hackathon-fiap,,repo,,
mateusoli98/hackathon-fiap,,repo,,
mateusoli98/hackathon-fiap,,repo,,
mateusoli98/hackathon-fiap,,repo,,
mateusoli98/hackathon-fiap,,repo,,
mateusoli98/hackathon-fiap,,repo,,
mateusoli98/hackathon-fiap,,repo,,
mateusoli98/hackathon-fiap,,repo,,
mateusoli98/hackathon-fiap,,repo,,
mateusoli98/hackathon-fiap,,repo,,
mateusoli98/hackathon-fiap,,repo,,
mateusoli98/hackathon-fiap,,repo,,
mateusoli98/hackathon-fiap,,repo,,
mateusoli98/hackathon-fiap,,repo,,
mateusoli98/hackathon-fiap,,repo,,
mateusoli98/hackathon-fiap,,repo,,
mateusoli98/hackathon-fiap,,repo,,
mateusoli98/hackathon-fiap,,repo,,
mateusoli98/hackathon-fiap,,repo,,
mateusoli98/hackathon-fiap,,repo,,
mateusoli98/hackathon-fiap,,repo,,
mateusoli98/hackathon-fiap,,repo,,
mateusoli98/hackathon-fiap,,repo,,
mateusoli98/hackathon-fiap,,repo,,
mateusoli98/hackathon-fiap,,repo,,
mateusoli98/hackathon-fiap,,repo,,
mateusoli98/hackathon-fiap,,repo,,
mateusoli98/hackathon-fiap,,repo,,
mateusoli98/hackathon-fiap,,repo,,
mateusoli98/hackathon-fiap,,repo,,
mateusoli98/hackathon-fiap,,repo,,
mateusoli98/hackathon-fiap,,repo,,
mateusoli98/hackathon-fiap,,repo,,
mateusoli98/hackathon-fiap,,repo,,
mateusoli98/hackathon-fiap,,repo,,
mateusoli98/hackathon-fiap,,repo,,
mateusoli98/hackathon-fiap,,repo,,
mateusoli98/hackathon-fiap,,repo,,
mateusoli98/hackathon-fiap,,repo,,
mateusoli98/hackathon-fiap,,repo,,
mateusoli98/hackathon-fiap,,repo,,
mateusoli98/hackathon-fiap,,repo,,
mateusoli98/hackathon-fiap,,repo,,
mateusoli98/hackathon-fiap,,repo,,
mateusoli98/hackathon-fiap,,repo,,
mateusoli98/hackathon-fiap,,repo,,
mateusoli98/hackathon-fiap,,repo,,
mateusoli98/hackathon-fiap,,repo,,
mateusoli98/hackathon-fiap,,repo,,
mateusoli98/hackathon-fiap,,repo,,
mateusoli98/hackathon-fiap,,repo,,
mateusoli98/hackathon-fiap,,repo,,
mateusoli98/hackathon-fiap,,repo,,
mateusoli98/hackathon-fiap,,repo,,
mateusoli98/hackathon-fiap,,repo,,
mateusoli98/hackathon-fiap,,repo,,
mateusoli98/hackathon-fiap,,repo,,
mateusoli98/hackathon-fiap,,repo,,
mateusoli98/hackathon-fiap,,repo,,
mateusoli98/hackathon-fiap,,repo,,
mateusoli98/hackathon-fiap,,repo,,
mateusoli98/hackathon-fiap,,repo,,
mateusoli98/hackathon-fiap,,repo,,
mateusoli98/hackathon-fiap,,repo,,
mateusoli98/hackathon-fiap,,repo,,
mateusoli98/hackathon-fiap,,repo,,
mateusoli98/hackathon-fiap,,repo,,
mateusoli98/hackathon-fiap,,repo,,
mateusoli98/hackathon-fiap,,repo,,
mateusoli98/hackathon-fiap,,repo,,
mateusoli98/hackathon-fiap,,repo,,
mateusoli98/hackathon-fiap,,repo,,
mateusoli98/hackathon-fiap,,repo,,
mateusoli98/hackathon-fiap,,repo,,
mateusoli98/hackathon-fiap,,repo,,
mateusoli98/hackathon-fiap,,repo,,
mateusoli98/hackathon-fiap,,repo,,
mateusoli98/hackathon-fiap,,repo,,
mateusoli98/hackathon-fiap,,repo,,
mateusoli98/hackathon-fiap,,repo,,
mateusoli98/hackathon-fiap,,repo,,
mateusoli98/hackathon-fiap,,repo,,
mateusoli98/hackathon-fiap,Pipelines/HPA/hpa-healthapi.yaml,hpa_file,,
red512/dig-gitops,,repo,,
red512/dig-gitops,,repo,,
red512/dig-gitops,,repo,,
red512/dig-gitops,,repo,,
red512/dig-gitops,,repo,,
red512/dig-gitops,,repo,,
red512/dig-gitops,,repo,,
red512/dig-gitops,,repo,,
red512/dig-gitops,,repo,,
red512/dig-gitops,,repo,,
red512/dig-gitops,,repo,,
red512/dig-gitops,,repo,,
red512/dig-gitops,,repo,,
red512/dig-gitops,,repo,,
red512/dig-gitops,,repo,,
red512/dig-gitops,,repo,,
red512/dig-gitops,,repo,,
red512/dig-gitops,,repo,,
red512/dig-gitops,,repo,,
red512/dig-gitops,,repo,,
red512/dig-gitops,,repo,,
red512/dig-gitops,,repo,,
red512/dig-gitops,,repo,,
red512/dig-gitops,gitops/environments/staging/frontend/fe-hpa.yaml,hpa_file,,
red512/dig-gitops,gitops/environments/staging/frontend/fe-hpa.yaml,hpa_file,,
red512/dig-gitops,gitops/environments/staging/frontend/fe-hpa.yaml,hpa_file,,
red512/dig-gitops,gitops/environments/staging/frontend/fe-hpa.yaml,hpa_file,,
red512/dig-gitops,gitops/environments/staging/frontend/fe-hpa.yaml,hpa_file,,
redmage123/course-creator,,repo,,
redmage123/course-creator,,repo,,
redmage123/course-creator,,repo,,
redmage123/course-creator,,repo,,
redmage123/course-creator,,repo,,
redmage123/course-creator,,repo,,
redmage123/course-creator,,repo,,
redmage123/course-creator,,repo,,
redmage123/course-creator,,repo,,
redmage123/course-creator,,repo,,
redmage123/course-creator,,repo,,
redmage123/course-creator,,repo,,
redmage123/course-creator,,repo,,
redmage123/course-creator,,repo,,
redmage123/course-creator,,repo,,
redmage123/course-creator,,repo,,
redmage123/course-creator,,repo,,
redmage123/course-creator,,repo,,
redmage123/course-creator,,repo,,
redmage123/course-creator,,repo,,
redmage123/course-creator,,repo,,
redmage123/course-creator,,repo,,
redmage123/course-creator,,repo,,
redmage123/course-creator,,repo,,
redmage123/course-creator,,repo,,
redmage123/course-creator,,repo,,
redmage123/course-creator,,repo,,
redmage123/course-creator,,repo,,
redmage123/course-creator,,repo,,
redmage123/course-creator,,repo,,
redmage123/course-creator,,repo,,
redmage123/course-creator,,repo,,
redmage123/course-creator,,repo,,
redmage123/course-creator,,repo,,
redmage123/course-creator,,repo,,
redmage123/course-creator,,repo,,
redmage123/course-creator,,repo,,
redmage123/course-creator,,repo,,
redmage123/course-creator,,repo,,
redmage123/course-creator,,repo,,
redmage123/course-creator,,repo,,
redmage123/course-creator,,repo,,
redmage123/course-creator,,repo,,
redmage123/course-creator,,repo,,
redmage123/course-creator,,repo,,
redmage123/course-creator,,repo,,
redmage123/course-creator,,repo,,
redmage123/course-creator,,repo,,
redmage123/course-creator,,repo,,
redmage123/course-creator,,repo,,
redmage123/course-creator,,repo,,
redmage123/course-creator,,repo,,
redmage123/course-creator,,repo,,
redmage123/course-creator,,repo,,
redmage123/course-creator,,repo,,
redmage123/course-creator,,repo,,
redmage123/course-creator,,repo,,
redmage123/course-creator,,repo,,
redmage123/course-creator,,repo,,
redmage123/course-creator,,repo,,
redmage123/course-creator,,repo,,
redmage123/course-creator,,repo,,
redmage123/course-creator,,repo,,
redmage123/course-creator,,repo,,
redmage123/course-creator,,repo,,
redmage123/course-creator,,repo,,
redmage123/course-creator,,repo,,
redmage123/course-creator,,repo,,
redmage123/course-creator,,repo,,
redmage123/course-creator,,repo,,
redmage123/course-creator,,repo,,
redmage123/course-creator,,repo,,
redmage123/course-creator,,repo,,
redmage123/course-creator,,repo,,
redmage123/course-creator,,repo,,
redmage123/course-creator,,repo,,
redmage123/course-creator,,repo,,
redmage123/course-creator,,repo,,
redmage123/course-creator,,repo,,
redmage123/course-creator,,repo,,
redmage123/course-creator,,repo,,
redmage123/course-creator,,repo,,
redmage123/course-creator,,repo,,
redmage123/course-creator,,repo,,
redmage123/course-creator,,repo,,
redmage123/course-creator,,repo,,
redmage123/course-creator,,repo,,
redmage123/course-creator,,repo,,
redmage123/course-creator,,repo,,
redmage123/course-creator,,repo,,
redmage123/course-creator,,repo,,
redmage123/course-creator,,repo,,
redmage123/course-creator,,repo,,
redmage123/course-creator,,repo,,
redmage123/course-creator,,repo,,
redmage123/course-creator,,repo,,
redmage123/course-creator,,repo,,
redmage123/course-creator,,repo,,
redmage123/course-creator,,repo,,
redmage123/course-creator,,repo,,
redmage123/course-creator,,repo,,
redmage123/course-creator,,repo,,
redmage123/course-creator,,repo,,
redmage123/course-creator,,repo,,
redmage123/course-creator,,repo,,
redmage123/course-creator,,repo,,
redmage123/course-creator,,repo,,
redmage123/course-creator,,repo,,
redmage123/course-creator,,repo,,
redmage123/course-creator,,repo,,
redmage123/course-creator,,repo,,
redmage123/course-creator,,repo,,
redmage123/course-creator,,repo,,
redmage123/course-creator,,repo,,
redmage123/course-creator,,repo,,
redmage123/course-creator,,repo,,
redmage123/course-creator,,repo,,
redmage123/course-creator,,repo,,
redmage123/course-creator,,repo,,
redmage123/course-creator,,repo,,
redmage123/course-creator,,repo,,
redmage123/course-creator,,repo,,
redmage123/course-creator,,repo,,
redmage123/course-creator,,repo,,
redmage123/course-creator,,repo,,
redmage123/course-creator,,repo,,
redmage123/course-creator,,repo,,
redmage123/course-creator,,repo,,
redmage123/course-creator,,repo,,
redmage123/course-creator,,repo,,
redmage123/course-creator,,repo,,
redmage123/course-creator,,repo,,
redmage123/course-creator,,repo,,
redmage123/course-creator,,repo,,
redmage123/course-creator,,repo,,
redmage123/course-creator,,repo,,
redmage123/course-creator,,repo,,
redmage123/course-creator,,repo,,
redmage123/course-creator,,repo,,
redmage123/course-creator,,repo,,
redmage123/course-creator,,repo,,
redmage123/course-creator,,repo,,
redmage123/course-creator,,repo,,
redmage123/course-creator,,repo,,
redmage123/course-creator,,repo,,
redmage123/course-creator,,repo,,
redmage123/course-creator,,repo,,
redmage123/course-creator,,repo,,
redmage123/course-creator,,repo,,
redmage123/course-creator,,repo,,
redmage123/course-creator,,repo,,
redmage123/course-creator,,repo,,
redmage123/course-creator,,repo,,
redmage123/course-creator,,repo,,
redmage123/course-creator,,repo,,
redmage123/course-creator,,repo,,
redmage123/course-creator,,repo,,
redmage123/course-creator,,repo,,
redmage123/course-creator,,repo,,
redmage123/course-creator,,repo,,
redmage123/course-creator,,repo,,
redmage123/course-creator,,repo,,
redmage123/course-creator,,repo,,
redmage123/course-creator,,repo,,
redmage123/course-creator,,repo,,
redmage123/course-creator,,repo,,
redmage123/course-creator,,repo,,
redmage123/course-creator,,repo,,
redmage123/course-creator,,repo,,
redmage123/course-creator,,repo,,
redmage123/course-creator,,repo,,
redmage123/course-creator,,repo,,
redmage123/course-creator,,repo,,
redmage123/course-creator,,repo,,
redmage123/course-creator,,repo,,
redmage123/course-creator,,repo,,
redmage123/course-creator,,repo,,
redmage123/course-creator,,repo,,
redmage123/course-creator,,repo,,
redmage123/course-creator,,repo,,
redmage123/course-creator,,repo,,
redmage123/course-creator,,repo,,
redmage123/course-creator,,repo,,
redmage123/course-creator,,repo,,
redmage123/course-creator,,repo,,
redmage123/course-creator,,repo,,
redmage123/course-creator,,repo,,
redmage123/course-creator,,repo,,
redmage123/course-creator,,repo,,
redmage123/course-creator,,repo,,
redmage123/course-creator,,repo,,
redmage123/course-creator,,repo,,
redmage123/course-creator,,repo,,
redmage123/course-creator,,repo,,
redmage123/course-creator,,repo,,
redmage123/course-creator,,repo,,
redmage123/course-creator,,repo,,
redmage123/course-creator,,repo,,
redmage123/course-creator,,repo,,
redmage123/course-creator,,repo,,
redmage123/course-creator,deploy/k8s/base/lab-containers.yaml,hpa_file,,
ssahaxd/ctf_stuff,,repo,,
ssahaxd/ctf_stuff,Questions/heap/notes/server_files/template/5. hpa.yaml,hpa_file,,
up1/workshop-devops-docker-k8s,,repo,,
up1/workshop-devops-docker-k8s,,repo,,
up1/workshop-devops-docker-k8s,,repo,,
up1/workshop-devops-docker-k8s,,repo,,
up1/workshop-devops-docker-k8s,,repo,,
up1/workshop-devops-docker-k8s,,repo,,
up1/workshop-devops-docker-k8s,,repo,,
up1/workshop-devops-docker-k8s,,repo,,
up1/workshop-devops-docker-k8s,,repo,,
up1/workshop-devops-docker-k8s,,repo,,
up1/workshop-devops-docker-k8s,,repo,,
up1/workshop-devops-docker-k8s,,repo,,
up1/workshop-devops-docker-k8s,,repo,,
up1/workshop-devops-docker-k8s,,repo,,
up1/workshop-devops-docker-k8s,,repo,,
up1/workshop-devops-docker-k8s,,repo,,
up1/workshop-devops-docker-k8s,,repo,,
up1/workshop-devops-docker-k8s,,repo,,
up1/workshop-devops-docker-k8s,,repo,,
up1/workshop-devops-docker-k8s,,repo,,
up1/workshop-devops-docker-k8s,,repo,,
up1/workshop-devops-docker-k8s,,repo,,
up1/workshop-devops-docker-k8s,,repo,,
up1/workshop-devops-docker-k8s,,repo,,
up1/workshop-devops-docker-k8s,,repo,,
up1/workshop-devops-docker-k8s,,repo,,
up1/workshop-devops-docker-k8s,,repo,,
up1/workshop-devops-docker-k8s,,repo,,
up1/workshop-devops-docker-k8s,,repo,,
up1/workshop-devops-docker-k8s,workshop/hpa/custom_metric/hpa.yml,hpa_file,,
up1/workshop-devops-docker-k8s,workshop/hpa/custom_metric/hpa.yml,hpa_file,,
syntasso/kratix-marketplace,,repo,,
syntasso/kratix-marketplace,,repo,,
syntasso/kratix-marketplace,,repo,,
syntasso/kratix-marketplace,,repo,,
syntasso/kratix-marketplace,,repo,,
syntasso/kratix-marketplace,,repo,,
syntasso/kratix-marketplace,,repo,,
syntasso/kratix-marketplace,,repo,,
syntasso/kratix-marketplace,,repo,,
syntasso/kratix-marketplace,,repo,,
syntasso/kratix-marketplace,,repo,,
syntasso/kratix-marketplace,,repo,,
syntasso/kratix-marketplace,,repo,,
syntasso/kratix-marketplace,,repo,,
syntasso/kratix-marketplace,,repo,,
syntasso/kratix-marketplace,,repo,,
syntasso/kratix-marketplace,,repo,,
syntasso/kratix-marketplace,,repo,,
syntasso/kratix-marketplace,,repo,,
syntasso/kratix-marketplace,,repo,,
syntasso/kratix-marketplace,,repo,,
syntasso/kratix-marketplace,,repo,,
syntasso/kratix-marketplace,,repo,,
syntasso/kratix-marketplace,,repo,,
syntasso/kratix-marketplace,,repo,,
syntasso/kratix-marketplace,,repo,,
syntasso/kratix-marketplace,,repo,,
syntasso/kratix-marketplace,,repo,,
syntasso/kratix-marketplace,,repo,,
syntasso/kratix-marketplace,,repo,,
syntasso/kratix-marketplace,,repo,,
syntasso/kratix-marketplace,,repo,,
syntasso/kratix-marketplace,,repo,,
syntasso/kratix-marketplace,,repo,,
syntasso/kratix-marketplace,,repo,,
syntasso/kratix-marketplace,,repo,,
syntasso/kratix-marketplace,,repo,,
syntasso/kratix-marketplace,,repo,,
syntasso/kratix-marketplace,,repo,,
syntasso/kratix-marketplace,,repo,,
syntasso/kratix-marketplace,,repo,,
syntasso/kratix-marketplace,,repo,,
syntasso/kratix-marketplace,,repo,,
syntasso/kratix-marketplace,,repo,,
syntasso/kratix-marketplace,,repo,,
syntasso/kratix-marketplace,,repo,,
syntasso/kratix-marketplace,,repo,,
syntasso/kratix-marketplace,,repo,,
syntasso/kratix-marketplace,,repo,,
syntasso/kratix-marketplace,,repo,,
syntasso/kratix-marketplace,,repo,,
syntasso/kratix-marketplace,,repo,,
syntasso/kratix-marketplace,,repo,,
syntasso/kratix-marketplace,,repo,,
syntasso/kratix-marketplace,,repo,,
syntasso/kratix-marketplace,,repo,,
syntasso/kratix-marketplace,,repo,,
syntasso/kratix-marketplace,,repo,,
syntasso/kratix-marketplace,,repo,,
syntasso/kratix-marketplace,,repo,,
syntasso/kratix-marketplace,,repo,,
syntasso/kratix-marketplace,,repo,,
syntasso/kratix-marketplace,,repo,,
syntasso/kratix-marketplace,,repo,,
syntasso/kratix-marketplace,,repo,,
syntasso/kratix-marketplace,,repo,,
syntasso/kratix-marketplace,,repo,,
syntasso/kratix-marketplace,,repo,,
syntasso/kratix-marketplace,,repo,,
syntasso/kratix-marketplace,,repo,,
syntasso/kratix-marketplace,,repo,,
syntasso/kratix-marketplace,,repo,,
syntasso/kratix-marketplace,,repo,,
syntasso/kratix-marketplace,,repo,,
syntasso/kratix-marketplace,,repo,,
syntasso/kratix-marketplace,,repo,,
syntasso/kratix-marketplace,,repo,,
syntasso/kratix-marketplace,,repo,,
syntasso/kratix-marketplace,,repo,,
syntasso/kratix-marketplace,,repo,,
syntasso/kratix-marketplace,,repo,,
syntasso/kratix-marketplace,,repo,,
syntasso/kratix-marketplace,,repo,,
syntasso/kratix-marketplace,,repo,,
syntasso/kratix-marketplace,,repo,,
syntasso/kratix-marketplace,,repo,,
syntasso/kratix-marketplace,,repo,,
syntasso/kratix-marketplace,,repo,,
syntasso/kratix-marketplace,,repo,,
syntasso/kratix-marketplace,,repo,,
syntasso/kratix-marketplace,,repo,,
syntasso/kratix-marketplace,,repo,,
syntasso/kratix-marketplace,,repo,,
syntasso/kratix-marketplace,,repo,,
syntasso/kratix-marketplace,,repo,,
syntasso/kratix-marketplace,,repo,,
syntasso/kratix-marketplace,,repo,,
syntasso/kratix-marketplace,,repo,,
syntasso/kratix-marketplace,,repo,,
syntasso/kratix-marketplace,,repo,,
syntasso/kratix-marketplace,,repo,,
syntasso/kratix-marketplace,,repo,,
syntasso/kratix-marketplace,,repo,,
syntasso/kratix-marketplace,,repo,,
syntasso/kratix-marketplace,,repo,,
syntasso/kratix-marketplace,,repo,,
syntasso/kratix-marketplace,,repo,,
syntasso/kratix-marketplace,,repo,,
syntasso/kratix-marketplace,,repo,,
syntasso/kratix-marketplace,,repo,,
syntasso/kratix-marketplace,,repo,,
syntasso/kratix-marketplace,,repo,,
syntasso/kratix-marketplace,,repo,,
syntasso/kratix-marketplace,,repo,,
syntasso/kratix-marketplace,,repo,,
syntasso/kratix-marketplace,,repo,,
syntasso/kratix-marketplace,,repo,,
syntasso/kratix-marketplace,,repo,,
syntasso/kratix-marketplace,,repo,,
syntasso/kratix-marketplace,,repo,,
syntasso/kratix-marketplace,,repo,,
syntasso/kratix-marketplace,,repo,,
syntasso/kratix-marketplace,,repo,,
syntasso/kratix-marketplace,,repo,,
syntasso/kratix-marketplace,,repo,,
syntasso/kratix-marketplace,,repo,,
syntasso/kratix-marketplace,,repo,,
syntasso/kratix-marketplace,,repo,,
syntasso/kratix-marketplace,,repo,,
syntasso/kratix-marketplace,,repo,,
syntasso/kratix-marketplace,,repo,,
syntasso/kratix-marketplace,,repo,,
syntasso/kratix-marketplace,,repo,,
syntasso/kratix-marketplace,,repo,,
syntasso/kratix-marketplace,,repo,,
syntasso/kratix-marketplace,,repo,,
syntasso/kratix-marketplace,,repo,,
syntasso/kratix-marketplace,,repo,,
syntasso/kratix-marketplace,,repo,,
syntasso/kratix-marketplace,,repo,,
syntasso/kratix-marketplace,,repo,,
syntasso/kratix-marketplace,,repo,,
syntasso/kratix-marketplace,,repo,,
syntasso/kratix-marketplace,,repo,,
syntasso/kratix-marketplace,,repo,,
syntasso/kratix-marketplace,,repo,,
syntasso/kratix-marketplace,,repo,,
syntasso/kratix-marketplace,,repo,,
syntasso/kratix-marketplace,,repo,,
syntasso/kratix-marketplace,,repo,,
syntasso/kratix-marketplace,,repo,,
syntasso/kratix-marketplace,,repo,,
syntasso/kratix-marketplace,,repo,,
syntasso/kratix-marketplace,,repo,,
syntasso/kratix-marketplace,,repo,,
syntasso/kratix-marketplace,,repo,,
syntasso/kratix-marketplace,,repo,,
syntasso/kratix-marketplace,,repo,,
syntasso/kratix-marketplace,,repo,,
syntasso/kratix-marketplace,,repo,,
syntasso/kratix-marketplace,,repo,,
syntasso/kratix-marketplace,,repo,,
syntasso/kratix-marketplace,,repo,,
syntasso/kratix-marketplace,,repo,,
syntasso/kratix-marketplace,,repo,,
syntasso/kratix-marketplace,,repo,,
syntasso/kratix-marketplace,,repo,,
syntasso/kratix-marketplace,,repo,,
syntasso/kratix-marketplace,,repo,,
syntasso/kratix-marketplace,,repo,,
syntasso/kratix-marketplace,,repo,,
syntasso/kratix-marketplace,,repo,,
syntasso/kratix-marketplace,,repo,,
syntasso/kratix-marketplace,,repo,,
syntasso/kratix-marketplace,,repo,,
syntasso/kratix-marketplace,,repo,,
syntasso/kratix-marketplace,,repo,,
syntasso/kratix-marketplace,,repo,,
syntasso/kratix-marketplace,,repo,,
syntasso/kratix-marketplace,,repo,,
syntasso/kratix-marketplace,,repo,,
syntasso/kratix-marketplace,,repo,,
syntasso/kratix-marketplace,,repo,,
syntasso/kratix-marketplace,,repo,,
syntasso/kratix-marketplace,,repo,,
syntasso/kratix-marketplace,,repo,,
syntasso/kratix-marketplace,,repo,,
syntasso/kratix-marketplace,,repo,,
syntasso/kratix-marketplace,,repo,,
syntasso/kratix-marketplace,,repo,,
syntasso/kratix-marketplace,,repo,,
syntasso/kratix-marketplace,,repo,,
syntasso/kratix-marketplace,,repo,,
syntasso/kratix-marketplace,,repo,,
syntasso/kratix-marketplace,,repo,,
syntasso/kratix-marketplace,,repo,,
syntasso/kratix-marketplace,,repo,,
syntasso/kratix-marketplace,,repo,,
syntasso/kratix-marketplace,,repo,,
syntasso/kratix-marketplace,,repo,,
syntasso/kratix-marketplace,knative/internal/configure-pipeline/dependencies/serving-core.yaml,hpa_file,,
jvgalvin/Portfolio,,repo,,
jvgalvin/Portfolio,,repo,,
jvgalvin/Portfolio,,repo,,
jvgalvin/Portfolio,,repo,,
jvgalvin/Portfolio,,repo,,
jvgalvin/Portfolio,,repo,,
jvgalvin/Portfolio,,repo,,
jvgalvin/Portfolio,,repo,,
jvgalvin/Portfolio,,repo,,
jvgalvin/Portfolio,,repo,,
jvgalvin/Portfolio,,repo,,
jvgalvin/Portfolio,,repo,,
jvgalvin/Portfolio,,repo,,
jvgalvin/Portfolio,,repo,,
jvgalvin/Portfolio,,repo,,
jvgalvin/Portfolio,,repo,,
jvgalvin/Portfolio,,repo,,
jvgalvin/Portfolio,,repo,,
jvgalvin/Portfolio,,repo,,
jvgalvin/Portfolio,,repo,,
jvgalvin/Portfolio,,repo,,
jvgalvin/Portfolio,,repo,,
jvgalvin/Portfolio,,repo,,
jvgalvin/Portfolio,,repo,,
jvgalvin/Portfolio,,repo,,
jvgalvin/Portfolio,,repo,,
jvgalvin/Portfolio,,repo,,
jvgalvin/Portfolio,,repo,,
jvgalvin/Portfolio,,repo,,
jvgalvin/Portfolio,,repo,,
jvgalvin/Portfolio,,repo,,
jvgalvin/Portfolio,,repo,,
jvgalvin/Portfolio,,repo,,
jvgalvin/Portfolio,,repo,,
jvgalvin/Portfolio,,repo,,
jvgalvin/Portfolio,,repo,,
jvgalvin/Portfolio,,repo,,
jvgalvin/Portfolio,,repo,,
jvgalvin/Portfolio,,repo,,
jvgalvin/Portfolio,,repo,,
jvgalvin/Portfolio,,repo,,
jvgalvin/Portfolio,,repo,,
jvgalvin/Portfolio,,repo,,
jvgalvin/Portfolio,,repo,,
jvgalvin/Portfolio,,repo,,
jvgalvin/Portfolio,,repo,,
jvgalvin/Portfolio,,repo,,
jvgalvin/Portfolio,,repo,,
jvgalvin/Portfolio,,repo,,
jvgalvin/Portfolio,,repo,,
jvgalvin/Portfolio,,repo,,
jvgalvin/Portfolio,,repo,,
jvgalvin/Portfolio,,repo,,
jvgalvin/Portfolio,,repo,,
jvgalvin/Portfolio,,repo,,
jvgalvin/Portfolio,,repo,,
jvgalvin/Portfolio,,repo,,
jvgalvin/Portfolio,,repo,,
jvgalvin/Portfolio,,repo,,
jvgalvin/Portfolio,,repo,,
jvgalvin/Portfolio,,repo,,
jvgalvin/Portfolio,,repo,,
jvgalvin/Portfolio,,repo,,
jvgalvin/Portfolio,,repo,,
jvgalvin/Portfolio,,repo,,
jvgalvin/Portfolio,,repo,,
jvgalvin/Portfolio,,repo,,
jvgalvin/Portfolio,,repo,,
jvgalvin/Portfolio,,repo,,
jvgalvin/Portfolio,,repo,,
jvgalvin/Portfolio,,repo,,
jvgalvin/Portfolio,,repo,,
jvgalvin/Portfolio,,repo,,
jvgalvin/Portfolio,,repo,,
jvgalvin/Portfolio,,repo,,
jvgalvin/Portfolio,,repo,,
jvgalvin/Portfolio,,repo,,
jvgalvin/Portfolio,,repo,,
jvgalvin/Portfolio,,repo,,
jvgalvin/Portfolio,,repo,,
jvgalvin/Portfolio,,repo,,
jvgalvin/Portfolio,,repo,,
jvgalvin/Portfolio,,repo,,
jvgalvin/Portfolio,,repo,,
jvgalvin/Portfolio,,repo,,
jvgalvin/Portfolio,,repo,,
jvgalvin/Portfolio,,repo,,
jvgalvin/Portfolio,,repo,,
jvgalvin/Portfolio,,repo,,
jvgalvin/Portfolio,,repo,,
jvgalvin/Portfolio,,repo,,
jvgalvin/Portfolio,,repo,,
jvgalvin/Portfolio,,repo,,
jvgalvin/Portfolio,,repo,,
jvgalvin/Portfolio,,repo,,
jvgalvin/Portfolio,,repo,,
jvgalvin/Portfolio,,repo,,
jvgalvin/Portfolio,,repo,,
jvgalvin/Portfolio,,repo,,
jvgalvin/Portfolio,,repo,,
jvgalvin/Portfolio,,repo,,
jvgalvin/Portfolio,,repo,,
jvgalvin/Portfolio,,repo,,
jvgalvin/Portfolio,,repo,,
jvgalvin/Portfolio,,repo,,
jvgalvin/Portfolio,,repo,,
jvgalvin/Portfolio,,repo,,
jvgalvin/Portfolio,,repo,,
jvgalvin/Portfolio,,repo,,
jvgalvin/Portfolio,,repo,,
jvgalvin/Portfolio,,repo,,
jvgalvin/Portfolio,,repo,,
jvgalvin/Portfolio,,repo,,
jvgalvin/Portfolio,,repo,,
jvgalvin/Portfolio,,repo,,
jvgalvin/Portfolio,,repo,,
jvgalvin/Portfolio,,repo,,
jvgalvin/Portfolio,,repo,,
jvgalvin/Portfolio,,repo,,
jvgalvin/Portfolio,,repo,,
jvgalvin/Portfolio,,repo,,
jvgalvin/Portfolio,,repo,,
jvgalvin/Portfolio,,repo,,
jvgalvin/Portfolio,,repo,,
jvgalvin/Portfolio,,repo,,
jvgalvin/Portfolio,,repo,,
jvgalvin/Portfolio,,repo,,
jvgalvin/Portfolio,,repo,,
jvgalvin/Portfolio,,repo,,
jvgalvin/Portfolio,,repo,,
jvgalvin/Portfolio,,repo,,
jvgalvin/Portfolio,,repo,,
jvgalvin/Portfolio,,repo,,
jvgalvin/Portfolio,,repo,,
jvgalvin/Portfolio,,repo,,
jvgalvin/Portfolio,,repo,,
jvgalvin/Portfolio,,repo,,
jvgalvin/Portfolio,,repo,,
jvgalvin/Portfolio,,repo,,
jvgalvin/Portfolio,,repo,,
jvgalvin/Portfolio,,repo,,
jvgalvin/Portfolio,,repo,,
jvgalvin/Portfolio,,repo,,
jvgalvin/Portfolio,,repo,,
jvgalvin/Portfolio,,repo,,
jvgalvin/Portfolio,,repo,,
jvgalvin/Portfolio,,repo,,
jvgalvin/Portfolio,,repo,,
jvgalvin/Portfolio,,repo,,
jvgalvin/Portfolio,,repo,,
jvgalvin/Portfolio,,repo,,
jvgalvin/Portfolio,,repo,,
jvgalvin/Portfolio,,repo,,
jvgalvin/Portfolio,,repo,,
jvgalvin/Portfolio,,repo,,
jvgalvin/Portfolio,,repo,,
jvgalvin/Portfolio,,repo,,
jvgalvin/Portfolio,,repo,,
jvgalvin/Portfolio,,repo,,
jvgalvin/Portfolio,,repo,,
jvgalvin/Portfolio,,repo,,
jvgalvin/Portfolio,,repo,,
jvgalvin/Portfolio,,repo,,
jvgalvin/Portfolio,,repo,,
jvgalvin/Portfolio,,repo,,
jvgalvin/Portfolio,,repo,,
jvgalvin/Portfolio,,repo,,
jvgalvin/Portfolio,,repo,,
jvgalvin/Portfolio,,repo,,
jvgalvin/Portfolio,,repo,,
jvgalvin/Portfolio,,repo,,
jvgalvin/Portfolio,,repo,,
jvgalvin/Portfolio,,repo,,
jvgalvin/Portfolio,,repo,,
jvgalvin/Portfolio,,repo,,
jvgalvin/Portfolio,,repo,,
jvgalvin/Portfolio,,repo,,
jvgalvin/Portfolio,,repo,,
jvgalvin/Portfolio,,repo,,
jvgalvin/Portfolio,,repo,,
jvgalvin/Portfolio,,repo,,
jvgalvin/Portfolio,,repo,,
jvgalvin/Portfolio,,repo,,
jvgalvin/Portfolio,,repo,,
jvgalvin/Portfolio,,repo,,
jvgalvin/Portfolio,,repo,,
jvgalvin/Portfolio,,repo,,
jvgalvin/Portfolio,,repo,,
jvgalvin/Portfolio,,repo,,
jvgalvin/Portfolio,,repo,,
jvgalvin/Portfolio,,repo,,
jvgalvin/Portfolio,,repo,,
jvgalvin/Portfolio,,repo,,
jvgalvin/Portfolio,,repo,,
jvgalvin/Portfolio,,repo,,
jvgalvin/Portfolio,,repo,,
jvgalvin/Portfolio,,repo,,
jvgalvin/Portfolio,,repo,,
jvgalvin/Portfolio,,repo,,
jvgalvin/Portfolio,,repo,,
jvgalvin/Portfolio,sentiment_classifier_kubernetes_azure/.k8s/bases/deployment-project.yaml,hpa_file,,
jcotoBan/lke_prerender,,repo,,
jcotoBan/lke_prerender,,repo,,
jcotoBan/lke_prerender,,repo,,
jcotoBan/lke_prerender,,repo,,
jcotoBan/lke_prerender,,repo,,
jcotoBan/lke_prerender,,repo,,
jcotoBan/lke_prerender,,repo,,
jcotoBan/lke_prerender,,repo,,
jcotoBan/lke_prerender,,repo,,
jcotoBan/lke_prerender,,repo,,
jcotoBan/lke_prerender,,repo,,
jcotoBan/lke_prerender,,repo,,
jcotoBan/lke_prerender,,repo,,
jcotoBan/lke_prerender,,repo,,
jcotoBan/lke_prerender,,repo,,
jcotoBan/lke_prerender,,repo,,
jcotoBan/lke_prerender,,repo,,
jcotoBan/lke_prerender,,repo,,
jcotoBan/lke_prerender,,repo,,
jcotoBan/lke_prerender,,repo,,
jcotoBan/lke_prerender,,repo,,
jcotoBan/lke_prerender,,repo,,
jcotoBan/lke_prerender,,repo,,
jcotoBan/lke_prerender,,repo,,
jcotoBan/lke_prerender,,repo,,
jcotoBan/lke_prerender,,repo,,
jcotoBan/lke_prerender,,repo,,
jcotoBan/lke_prerender,,repo,,
jcotoBan/lke_prerender,,repo,,
jcotoBan/lke_prerender,,repo,,
jcotoBan/lke_prerender,,repo,,
jcotoBan/lke_prerender,,repo,,
jcotoBan/lke_prerender,,repo,,
jcotoBan/lke_prerender,,repo,,
jcotoBan/lke_prerender,,repo,,
jcotoBan/lke_prerender,,repo,,
jcotoBan/lke_prerender,,repo,,
jcotoBan/lke_prerender,,repo,,
jcotoBan/lke_prerender,,repo,,
jcotoBan/lke_prerender,,repo,,
jcotoBan/lke_prerender,,repo,,
jcotoBan/lke_prerender,,repo,,
jcotoBan/lke_prerender,,repo,,
jcotoBan/lke_prerender,,repo,,
jcotoBan/lke_prerender,,repo,,
jcotoBan/lke_prerender,,repo,,
jcotoBan/lke_prerender,,repo,,
jcotoBan/lke_prerender,,repo,,
jcotoBan/lke_prerender,,repo,,
jcotoBan/lke_prerender,,repo,,
jcotoBan/lke_prerender,,repo,,
jcotoBan/lke_prerender,,repo,,
jcotoBan/lke_prerender,,repo,,
jcotoBan/lke_prerender,,repo,,
jcotoBan/lke_prerender,,repo,,
jcotoBan/lke_prerender,,repo,,
jcotoBan/lke_prerender,,repo,,
jcotoBan/lke_prerender,,repo,,
jcotoBan/lke_prerender,,repo,,
jcotoBan/lke_prerender,,repo,,
jcotoBan/lke_prerender,,repo,,
jcotoBan/lke_prerender,,repo,,
jcotoBan/lke_prerender,,repo,,
jcotoBan/lke_prerender,,repo,,
jcotoBan/lke_prerender,,repo,,
jcotoBan/lke_prerender,,repo,,
jcotoBan/lke_prerender,,repo,,
jcotoBan/lke_prerender,,repo,,
jcotoBan/lke_prerender,,repo,,
jcotoBan/lke_prerender,,repo,,
jcotoBan/lke_prerender,,repo,,
jcotoBan/lke_prerender,,repo,,
jcotoBan/lke_prerender,,repo,,
jcotoBan/lke_prerender,,repo,,
jcotoBan/lke_prerender,,repo,,
jcotoBan/lke_prerender,,repo,,
jcotoBan/lke_prerender,,repo,,
jcotoBan/lke_prerender,,repo,,
jcotoBan/lke_prerender,,repo,,
jcotoBan/lke_prerender,,repo,,
jcotoBan/lke_prerender,,repo,,
jcotoBan/lke_prerender,,repo,,
jcotoBan/lke_prerender,,repo,,
jcotoBan/lke_prerender,,repo,,
jcotoBan/lke_prerender,,repo,,
jcotoBan/lke_prerender,kubernetes/prerender_Deployment/autoscaling.yaml,hpa_file,,
hussenmi/autoscale-dynamic-kubernetes-app,,repo,,
hussenmi/autoscale-dynamic-kubernetes-app,,repo,,
hussenmi/autoscale-dynamic-kubernetes-app,,repo,,
hussenmi/autoscale-dynamic-kubernetes-app,,repo,,
hussenmi/autoscale-dynamic-kubernetes-app,flask-hpa.yaml,hpa_file,,
hussenmi/autoscale-dynamic-kubernetes-app,flask-hpa.yaml,hpa_file,,
djv-postech/fastfood-payment,,repo,,
djv-postech/fastfood-payment,,repo,,
djv-postech/fastfood-payment,,repo,,
djv-postech/fastfood-payment,,repo,,
djv-postech/fastfood-payment,,repo,,
djv-postech/fastfood-payment,,repo,,
djv-postech/fastfood-payment,,repo,,
djv-postech/fastfood-payment,,repo,,
djv-postech/fastfood-payment,,repo,,
djv-postech/fastfood-payment,,repo,,
djv-postech/fastfood-payment,,repo,,
djv-postech/fastfood-payment,,repo,,
djv-postech/fastfood-payment,,repo,,
djv-postech/fastfood-payment,,repo,,
djv-postech/fastfood-payment,,repo,,
djv-postech/fastfood-payment,,repo,,
djv-postech/fastfood-payment,,repo,,
djv-postech/fastfood-payment,,repo,,
djv-postech/fastfood-payment,,repo,,
djv-postech/fastfood-payment,,repo,,
djv-postech/fastfood-payment,,repo,,
djv-postech/fastfood-payment,,repo,,
djv-postech/fastfood-payment,,repo,,
djv-postech/fastfood-payment,,repo,,
djv-postech/fastfood-payment,,repo,,
djv-postech/fastfood-payment,,repo,,
djv-postech/fastfood-payment,,repo,,
djv-postech/fastfood-payment,,repo,,
djv-postech/fastfood-payment,,repo,,
djv-postech/fastfood-payment,,repo,,
djv-postech/fastfood-payment,,repo,,
djv-postech/fastfood-payment,,repo,,
djv-postech/fastfood-payment,,repo,,
djv-postech/fastfood-payment,,repo,,
djv-postech/fastfood-payment,,repo,,
djv-postech/fastfood-payment,,repo,,
djv-postech/fastfood-payment,,repo,,
djv-postech/fastfood-payment,,repo,,
djv-postech/fastfood-payment,,repo,,
djv-postech/fastfood-payment,,repo,,
djv-postech/fastfood-payment,,repo,,
djv-postech/fastfood-payment,,repo,,
djv-postech/fastfood-payment,,repo,,
djv-postech/fastfood-payment,,repo,,
djv-postech/fastfood-payment,,repo,,
djv-postech/fastfood-payment,,repo,,
djv-postech/fastfood-payment,,repo,,
djv-postech/fastfood-payment,,repo,,
djv-postech/fastfood-payment,,repo,,
djv-postech/fastfood-payment,,repo,,
djv-postech/fastfood-payment,,repo,,
djv-postech/fastfood-payment,,repo,,
djv-postech/fastfood-payment,,repo,,
djv-postech/fastfood-payment,,repo,,
djv-postech/fastfood-payment,,repo,,
djv-postech/fastfood-payment,,repo,,
djv-postech/fastfood-payment,,repo,,
djv-postech/fastfood-payment,,repo,,
djv-postech/fastfood-payment,,repo,,
djv-postech/fastfood-payment,,repo,,
djv-postech/fastfood-payment,,repo,,
djv-postech/fastfood-payment,,repo,,
djv-postech/fastfood-payment,,repo,,
djv-postech/fastfood-payment,,repo,,
djv-postech/fastfood-payment,,repo,,
djv-postech/fastfood-payment,,repo,,
djv-postech/fastfood-payment,,repo,,
djv-postech/fastfood-payment,,repo,,
djv-postech/fastfood-payment,,repo,,
djv-postech/fastfood-payment,,repo,,
djv-postech/fastfood-payment,,repo,,
djv-postech/fastfood-payment,,repo,,
djv-postech/fastfood-payment,,repo,,
djv-postech/fastfood-payment,,repo,,
djv-postech/fastfood-payment,,repo,,
djv-postech/fastfood-payment,,repo,,
djv-postech/fastfood-payment,,repo,,
djv-postech/fastfood-payment,,repo,,
djv-postech/fastfood-payment,,repo,,
djv-postech/fastfood-payment,,repo,,
djv-postech/fastfood-payment,,repo,,
djv-postech/fastfood-payment,,repo,,
djv-postech/fastfood-payment,,repo,,
djv-postech/fastfood-payment,,repo,,
djv-postech/fastfood-payment,,repo,,
djv-postech/fastfood-payment,,repo,,
djv-postech/fastfood-payment,k8s/persistence-hpa/fastfood-product-management-hpa.yml,hpa_file,,
hydenp/where-is-hair-and-makeup,,repo,,
hydenp/where-is-hair-and-makeup,,repo,,
hydenp/where-is-hair-and-makeup,,repo,,
hydenp/where-is-hair-and-makeup,,repo,,
hydenp/where-is-hair-and-makeup,,repo,,
hydenp/where-is-hair-and-makeup,,repo,,
hydenp/where-is-hair-and-makeup,,repo,,
hydenp/where-is-hair-and-makeup,,repo,,
hydenp/where-is-hair-and-makeup,,repo,,
hydenp/where-is-hair-and-makeup,,repo,,
hydenp/where-is-hair-and-makeup,,repo,,
hydenp/where-is-hair-and-makeup,,repo,,
hydenp/where-is-hair-and-makeup,,repo,,
hydenp/where-is-hair-and-makeup,,repo,,
hydenp/where-is-hair-and-makeup,k8s/backend-hpa.yml,hpa_file,,
hydenp/where-is-hair-and-makeup,k8s/backend-hpa.yml,hpa_file,,
lh32469/ncaaf-go,,repo,,
lh32469/ncaaf-go,,repo,,
lh32469/ncaaf-go,,repo,,
lh32469/ncaaf-go,,repo,,
lh32469/ncaaf-go,,repo,,
lh32469/ncaaf-go,,repo,,
lh32469/ncaaf-go,,repo,,
lh32469/ncaaf-go,,repo,,
lh32469/ncaaf-go,,repo,,
lh32469/ncaaf-go,,repo,,
lh32469/ncaaf-go,,repo,,
lh32469/ncaaf-go,,repo,,
lh32469/ncaaf-go,,repo,,
lh32469/ncaaf-go,,repo,,
lh32469/ncaaf-go,,repo,,
lh32469/ncaaf-go,,repo,,
lh32469/ncaaf-go,,repo,,
lh32469/ncaaf-go,,repo,,
lh32469/ncaaf-go,,repo,,
lh32469/ncaaf-go,,repo,,
lh32469/ncaaf-go,,repo,,
lh32469/ncaaf-go,,repo,,
lh32469/ncaaf-go,,repo,,
lh32469/ncaaf-go,,repo,,
lh32469/ncaaf-go,,repo,,
lh32469/ncaaf-go,,repo,,
lh32469/ncaaf-go,,repo,,
lh32469/ncaaf-go,,repo,,
lh32469/ncaaf-go,,repo,,
lh32469/ncaaf-go,,repo,,
lh32469/ncaaf-go,,repo,,
lh32469/ncaaf-go,,repo,,
lh32469/ncaaf-go,,repo,,
lh32469/ncaaf-go,,repo,,
lh32469/ncaaf-go,,repo,,
lh32469/ncaaf-go,,repo,,
lh32469/ncaaf-go,,repo,,
lh32469/ncaaf-go,,repo,,
lh32469/ncaaf-go,,repo,,
lh32469/ncaaf-go,,repo,,
lh32469/ncaaf-go,,repo,,
lh32469/ncaaf-go,,repo,,
lh32469/ncaaf-go,,repo,,
lh32469/ncaaf-go,,repo,,
lh32469/ncaaf-go,,repo,,
lh32469/ncaaf-go,,repo,,
lh32469/ncaaf-go,,repo,,
lh32469/ncaaf-go,,repo,,
lh32469/ncaaf-go,,repo,,
lh32469/ncaaf-go,,repo,,
lh32469/ncaaf-go,,repo,,
lh32469/ncaaf-go,,repo,,
lh32469/ncaaf-go,,repo,,
lh32469/ncaaf-go,,repo,,
lh32469/ncaaf-go,,repo,,
lh32469/ncaaf-go,,repo,,
lh32469/ncaaf-go,,repo,,
lh32469/ncaaf-go,k8s.yml,hpa_file,,
lh32469/ncaaf-go,k8s.yml,hpa_file,,
lh32469/ncaaf-go,k8s.yml,hpa_file,,
lh32469/ncaaf-go,k8s.yml,hpa_file,,
lh32469/ncaaf-go,k8s.yml,hpa_file,,
lh32469/ncaaf-go,k8s.yml,hpa_file,,
devops-praveen/sync-phases,,repo,,
devops-praveen/sync-phases,,repo,,
devops-praveen/sync-phases,,repo,,
devops-praveen/sync-phases,,repo,,
devops-praveen/sync-phases,,repo,,
devops-praveen/sync-phases,,repo,,
devops-praveen/sync-phases,,repo,,
devops-praveen/sync-phases,,repo,,
devops-praveen/sync-phases,,repo,,
devops-praveen/sync-phases,,repo,,
devops-praveen/sync-phases,,repo,,
devops-praveen/sync-phases,,repo,,
devops-praveen/sync-phases,,repo,,
devops-praveen/sync-phases,,repo,,
devops-praveen/sync-phases,,repo,,
devops-praveen/sync-phases,,repo,,
devops-praveen/sync-phases,,repo,,
devops-praveen/sync-phases,,repo,,
devops-praveen/sync-phases,,repo,,
devops-praveen/sync-phases,,repo,,
devops-praveen/sync-phases,,repo,,
devops-praveen/sync-phases,,repo,,
devops-praveen/sync-phases,,repo,,
devops-praveen/sync-phases,,repo,,
devops-praveen/sync-phases,,repo,,
devops-praveen/sync-phases,,repo,,
devops-praveen/sync-phases,,repo,,
devops-praveen/sync-phases,,repo,,
devops-praveen/sync-phases,,repo,,
devops-praveen/sync-phases,,repo,,
devops-praveen/sync-phases,,repo,,
devops-praveen/sync-phases,,repo,,
devops-praveen/sync-phases,,repo,,
devops-praveen/sync-phases,,repo,,
devops-praveen/sync-phases,,repo,,
devops-praveen/sync-phases,,repo,,
devops-praveen/sync-phases,,repo,,
devops-praveen/sync-phases,,repo,,
devops-praveen/sync-phases,,repo,,
devops-praveen/sync-phases,,repo,,
devops-praveen/sync-phases,,repo,,
devops-praveen/sync-phases,,repo,,
devops-praveen/sync-phases,,repo,,
devops-praveen/sync-phases,,repo,,
devops-praveen/sync-phases,,repo,,
devops-praveen/sync-phases,,repo,,
devops-praveen/sync-phases,,repo,,
devops-praveen/sync-phases,app/base/hpa.yaml,hpa_file,,
devops-praveen/sync-phases,app/base/hpa.yaml,hpa_file,,
nghuungoctram/udacity-cloud-project-3,,repo,,
nghuungoctram/udacity-cloud-project-3,,repo,,
nghuungoctram/udacity-cloud-project-3,,repo,,
nghuungoctram/udacity-cloud-project-3,,repo,,
nghuungoctram/udacity-cloud-project-3,,repo,,
nghuungoctram/udacity-cloud-project-3,,repo,,
nghuungoctram/udacity-cloud-project-3,,repo,,
nghuungoctram/udacity-cloud-project-3,,repo,,
nghuungoctram/udacity-cloud-project-3,,repo,,
nghuungoctram/udacity-cloud-project-3,,repo,,
nghuungoctram/udacity-cloud-project-3,,repo,,
nghuungoctram/udacity-cloud-project-3,,repo,,
nghuungoctram/udacity-cloud-project-3,,repo,,
nghuungoctram/udacity-cloud-project-3,,repo,,
nghuungoctram/udacity-cloud-project-3,,repo,,
nghuungoctram/udacity-cloud-project-3,,repo,,
nghuungoctram/udacity-cloud-project-3,,repo,,
nghuungoctram/udacity-cloud-project-3,,repo,,
nghuungoctram/udacity-cloud-project-3,,repo,,
nghuungoctram/udacity-cloud-project-3,,repo,,
nghuungoctram/udacity-cloud-project-3,,repo,,
nghuungoctram/udacity-cloud-project-3,,repo,,
nghuungoctram/udacity-cloud-project-3,,repo,,
nghuungoctram/udacity-cloud-project-3,deploy/reverseproxy-hpa.yaml,hpa_file,,
irio-2023/worker-service,,repo,,
irio-2023/worker-service,,repo,,
irio-2023/worker-service,,repo,,
irio-2023/worker-service,,repo,,
irio-2023/worker-service,,repo,,
irio-2023/worker-service,,repo,,
irio-2023/worker-service,,repo,,
irio-2023/worker-service,,repo,,
irio-2023/worker-service,,repo,,
irio-2023/worker-service,,repo,,
irio-2023/worker-service,,repo,,
irio-2023/worker-service,,repo,,
irio-2023/worker-service,,repo,,
irio-2023/worker-service,,repo,,
irio-2023/worker-service,,repo,,
irio-2023/worker-service,,repo,,
irio-2023/worker-service,,repo,,
irio-2023/worker-service,,repo,,
irio-2023/worker-service,,repo,,
irio-2023/worker-service,,repo,,
irio-2023/worker-service,,repo,,
irio-2023/worker-service,,repo,,
irio-2023/worker-service,,repo,,
irio-2023/worker-service,,repo,,
irio-2023/worker-service,,repo,,
irio-2023/worker-service,.k8s/horizontal-scaling.yaml,hpa_file,,
irio-2023/worker-service,.k8s/horizontal-scaling.yaml,hpa_file,,
irio-2023/worker-service,.k8s/horizontal-scaling.yaml,hpa_file,,
joktec/joktec-docker,,repo,,
joktec/joktec-docker,,repo,,
joktec/joktec-docker,,repo,,
joktec/joktec-docker,,repo,,
joktec/joktec-docker,,repo,,
joktec/joktec-docker,,repo,,
joktec/joktec-docker,,repo,,
joktec/joktec-docker,,repo,,
joktec/joktec-docker,,repo,,
joktec/joktec-docker,,repo,,
joktec/joktec-docker,,repo,,
joktec/joktec-docker,,repo,,
joktec/joktec-docker,,repo,,
joktec/joktec-docker,,repo,,
joktec/joktec-docker,,repo,,
joktec/joktec-docker,,repo,,
joktec/joktec-docker,,repo,,
joktec/joktec-docker,k8s/example/replica-sets/hpa.yaml,hpa_file,,
thinkerwolf/jx3-minikube,,repo,,
thinkerwolf/jx3-minikube,,repo,,
thinkerwolf/jx3-minikube,,repo,,
thinkerwolf/jx3-minikube,,repo,,
thinkerwolf/jx3-minikube,config-root/namespaces/tekton-pipelines/tekton-pipeline/tekton-pipelines-webhook-horizontalpodautoscaler.yaml,hpa_file,,
krisbalev/s6-individual-project,,repo,,
krisbalev/s6-individual-project,,repo,,
krisbalev/s6-individual-project,,repo,,
krisbalev/s6-individual-project,,repo,,
krisbalev/s6-individual-project,,repo,,
krisbalev/s6-individual-project,,repo,,
krisbalev/s6-individual-project,,repo,,
krisbalev/s6-individual-project,,repo,,
krisbalev/s6-individual-project,,repo,,
krisbalev/s6-individual-project,,repo,,
krisbalev/s6-individual-project,,repo,,
krisbalev/s6-individual-project,,repo,,
krisbalev/s6-individual-project,,repo,,
krisbalev/s6-individual-project,,repo,,
krisbalev/s6-individual-project,,repo,,
krisbalev/s6-individual-project,,repo,,
krisbalev/s6-individual-project,,repo,,
krisbalev/s6-individual-project,,repo,,
krisbalev/s6-individual-project,,repo,,
krisbalev/s6-individual-project,,repo,,
krisbalev/s6-individual-project,,repo,,
krisbalev/s6-individual-project,,repo,,
krisbalev/s6-individual-project,,repo,,
krisbalev/s6-individual-project,,repo,,
krisbalev/s6-individual-project,,repo,,
krisbalev/s6-individual-project,,repo,,
krisbalev/s6-individual-project,,repo,,
krisbalev/s6-individual-project,,repo,,
krisbalev/s6-individual-project,,repo,,
krisbalev/s6-individual-project,,repo,,
krisbalev/s6-individual-project,,repo,,
krisbalev/s6-individual-project,,repo,,
krisbalev/s6-individual-project,,repo,,
krisbalev/s6-individual-project,,repo,,
krisbalev/s6-individual-project,,repo,,
krisbalev/s6-individual-project,,repo,,
krisbalev/s6-individual-project,,repo,,
krisbalev/s6-individual-project,,repo,,
krisbalev/s6-individual-project,,repo,,
krisbalev/s6-individual-project,,repo,,
krisbalev/s6-individual-project,,repo,,
krisbalev/s6-individual-project,,repo,,
krisbalev/s6-individual-project,,repo,,
krisbalev/s6-individual-project,,repo,,
krisbalev/s6-individual-project,,repo,,
krisbalev/s6-individual-project,,repo,,
krisbalev/s6-individual-project,,repo,,
krisbalev/s6-individual-project,,repo,,
krisbalev/s6-individual-project,,repo,,
krisbalev/s6-individual-project,,repo,,
krisbalev/s6-individual-project,,repo,,
krisbalev/s6-individual-project,,repo,,
krisbalev/s6-individual-project,,repo,,
krisbalev/s6-individual-project,,repo,,
krisbalev/s6-individual-project,,repo,,
krisbalev/s6-individual-project,,repo,,
krisbalev/s6-individual-project,,repo,,
krisbalev/s6-individual-project,,repo,,
krisbalev/s6-individual-project,,repo,,
krisbalev/s6-individual-project,,repo,,
krisbalev/s6-individual-project,,repo,,
krisbalev/s6-individual-project,,repo,,
krisbalev/s6-individual-project,,repo,,
krisbalev/s6-individual-project,,repo,,
krisbalev/s6-individual-project,,repo,,
krisbalev/s6-individual-project,,repo,,
krisbalev/s6-individual-project,,repo,,
krisbalev/s6-individual-project,,repo,,
krisbalev/s6-individual-project,,repo,,
krisbalev/s6-individual-project,,repo,,
krisbalev/s6-individual-project,,repo,,
krisbalev/s6-individual-project,,repo,,
krisbalev/s6-individual-project,,repo,,
krisbalev/s6-individual-project,,repo,,
krisbalev/s6-individual-project,,repo,,
krisbalev/s6-individual-project,,repo,,
krisbalev/s6-individual-project,,repo,,
krisbalev/s6-individual-project,,repo,,
krisbalev/s6-individual-project,,repo,,
krisbalev/s6-individual-project,,repo,,
krisbalev/s6-individual-project,,repo,,
krisbalev/s6-individual-project,,repo,,
krisbalev/s6-individual-project,,repo,,
krisbalev/s6-individual-project,,repo,,
krisbalev/s6-individual-project,,repo,,
krisbalev/s6-individual-project,,repo,,
krisbalev/s6-individual-project,,repo,,
krisbalev/s6-individual-project,,repo,,
krisbalev/s6-individual-project,,repo,,
krisbalev/s6-individual-project,,repo,,
krisbalev/s6-individual-project,,repo,,
krisbalev/s6-individual-project,,repo,,
krisbalev/s6-individual-project,,repo,,
krisbalev/s6-individual-project,,repo,,
krisbalev/s6-individual-project,,repo,,
krisbalev/s6-individual-project,,repo,,
krisbalev/s6-individual-project,,repo,,
krisbalev/s6-individual-project,,repo,,
krisbalev/s6-individual-project,,repo,,
krisbalev/s6-individual-project,,repo,,
krisbalev/s6-individual-project,,repo,,
krisbalev/s6-individual-project,,repo,,
krisbalev/s6-individual-project,,repo,,
krisbalev/s6-individual-project,,repo,,
krisbalev/s6-individual-project,,repo,,
krisbalev/s6-individual-project,,repo,,
krisbalev/s6-individual-project,,repo,,
krisbalev/s6-individual-project,,repo,,
krisbalev/s6-individual-project,,repo,,
krisbalev/s6-individual-project,,repo,,
krisbalev/s6-individual-project,,repo,,
krisbalev/s6-individual-project,,repo,,
krisbalev/s6-individual-project,,repo,,
krisbalev/s6-individual-project,,repo,,
krisbalev/s6-individual-project,,repo,,
krisbalev/s6-individual-project,,repo,,
krisbalev/s6-individual-project,,repo,,
krisbalev/s6-individual-project,,repo,,
krisbalev/s6-individual-project,,repo,,
krisbalev/s6-individual-project,,repo,,
krisbalev/s6-individual-project,,repo,,
krisbalev/s6-individual-project,,repo,,
krisbalev/s6-individual-project,,repo,,
krisbalev/s6-individual-project,,repo,,
krisbalev/s6-individual-project,,repo,,
krisbalev/s6-individual-project,,repo,,
krisbalev/s6-individual-project,,repo,,
krisbalev/s6-individual-project,,repo,,
krisbalev/s6-individual-project,,repo,,
krisbalev/s6-individual-project,,repo,,
krisbalev/s6-individual-project,,repo,,
krisbalev/s6-individual-project,,repo,,
krisbalev/s6-individual-project,,repo,,
krisbalev/s6-individual-project,,repo,,
krisbalev/s6-individual-project,,repo,,
krisbalev/s6-individual-project,,repo,,
krisbalev/s6-individual-project,,repo,,
krisbalev/s6-individual-project,,repo,,
krisbalev/s6-individual-project,,repo,,
krisbalev/s6-individual-project,,repo,,
krisbalev/s6-individual-project,,repo,,
krisbalev/s6-individual-project,,repo,,
krisbalev/s6-individual-project,,repo,,
krisbalev/s6-individual-project,,repo,,
krisbalev/s6-individual-project,,repo,,
krisbalev/s6-individual-project,,repo,,
krisbalev/s6-individual-project,,repo,,
krisbalev/s6-individual-project,,repo,,
krisbalev/s6-individual-project,,repo,,
krisbalev/s6-individual-project,,repo,,
krisbalev/s6-individual-project,,repo,,
krisbalev/s6-individual-project,,repo,,
krisbalev/s6-individual-project,k8s-local/post-service-deployment.yaml,hpa_file,,
krisbalev/s6-individual-project,k8s-local/post-service-deployment.yaml,hpa_file,,
krisbalev/s6-individual-project,k8s-local/post-service-deployment.yaml,hpa_file,,
krisbalev/s6-individual-project,k8s-local/post-service-deployment.yaml,hpa_file,,
krisbalev/s6-individual-project,k8s-local/post-service-deployment.yaml,hpa_file,,
krisbalev/s6-individual-project,k8s-local/post-service-deployment.yaml,hpa_file,,
krisbalev/s6-individual-project,k8s-local/post-service-deployment.yaml,hpa_file,,
titan2903/fundhub-gke-config,,repo,,
titan2903/fundhub-gke-config,,repo,,
titan2903/fundhub-gke-config,,repo,,
titan2903/fundhub-gke-config,,repo,,
titan2903/fundhub-gke-config,,repo,,
titan2903/fundhub-gke-config,,repo,,
titan2903/fundhub-gke-config,,repo,,
titan2903/fundhub-gke-config,,repo,,
titan2903/fundhub-gke-config,,repo,,
titan2903/fundhub-gke-config,,repo,,
titan2903/fundhub-gke-config,,repo,,
titan2903/fundhub-gke-config,,repo,,
titan2903/fundhub-gke-config,,repo,,
titan2903/fundhub-gke-config,,repo,,
titan2903/fundhub-gke-config,,repo,,
titan2903/fundhub-gke-config,,repo,,
titan2903/fundhub-gke-config,,repo,,
titan2903/fundhub-gke-config,,repo,,
titan2903/fundhub-gke-config,,repo,,
titan2903/fundhub-gke-config,,repo,,
titan2903/fundhub-gke-config,,repo,,
titan2903/fundhub-gke-config,,repo,,
titan2903/fundhub-gke-config,,repo,,
titan2903/fundhub-gke-config,,repo,,
titan2903/fundhub-gke-config,,repo,,
titan2903/fundhub-gke-config,,repo,,
titan2903/fundhub-gke-config,,repo,,
titan2903/fundhub-gke-config,,repo,,
titan2903/fundhub-gke-config,,repo,,
titan2903/fundhub-gke-config,,repo,,
titan2903/fundhub-gke-config,,repo,,
titan2903/fundhub-gke-config,,repo,,
titan2903/fundhub-gke-config,,repo,,
titan2903/fundhub-gke-config,,repo,,
titan2903/fundhub-gke-config,,repo,,
titan2903/fundhub-gke-config,,repo,,
titan2903/fundhub-gke-config,,repo,,
titan2903/fundhub-gke-config,,repo,,
titan2903/fundhub-gke-config,,repo,,
titan2903/fundhub-gke-config,,repo,,
titan2903/fundhub-gke-config,,repo,,
titan2903/fundhub-gke-config,,repo,,
titan2903/fundhub-gke-config,,repo,,
titan2903/fundhub-gke-config,,repo,,
titan2903/fundhub-gke-config,,repo,,
titan2903/fundhub-gke-config,,repo,,
titan2903/fundhub-gke-config,,repo,,
titan2903/fundhub-gke-config,,repo,,
titan2903/fundhub-gke-config,,repo,,
titan2903/fundhub-gke-config,,repo,,
titan2903/fundhub-gke-config,,repo,,
titan2903/fundhub-gke-config,,repo,,
titan2903/fundhub-gke-config,,repo,,
titan2903/fundhub-gke-config,,repo,,
titan2903/fundhub-gke-config,,repo,,
titan2903/fundhub-gke-config,,repo,,
titan2903/fundhub-gke-config,,repo,,
titan2903/fundhub-gke-config,,repo,,
titan2903/fundhub-gke-config,,repo,,
titan2903/fundhub-gke-config,main/production/namespaces/backend/fundhub-api/hpa.yaml,hpa_file,,
titan2903/fundhub-gke-config,main/production/namespaces/backend/fundhub-api/hpa.yaml,hpa_file,,
titan2903/fundhub-gke-config,main/production/namespaces/backend/fundhub-api/hpa.yaml,hpa_file,,
titan2903/fundhub-gke-config,main/production/namespaces/backend/fundhub-api/hpa.yaml,hpa_file,,
titan2903/fundhub-gke-config,main/production/namespaces/backend/fundhub-api/hpa.yaml,hpa_file,,
titan2903/fundhub-gke-config,main/production/namespaces/backend/fundhub-api/hpa.yaml,hpa_file,,
tech-challenge-grupo-6/tech-challenge,,repo,,
tech-challenge-grupo-6/tech-challenge,,repo,,
tech-challenge-grupo-6/tech-challenge,,repo,,
tech-challenge-grupo-6/tech-challenge,,repo,,
tech-challenge-grupo-6/tech-challenge,,repo,,
tech-challenge-grupo-6/tech-challenge,,repo,,
tech-challenge-grupo-6/tech-challenge,,repo,,
tech-challenge-grupo-6/tech-challenge,,repo,,
tech-challenge-grupo-6/tech-challenge,,repo,,
tech-challenge-grupo-6/tech-challenge,,repo,,
tech-challenge-grupo-6/tech-challenge,,repo,,
tech-challenge-grupo-6/tech-challenge,,repo,,
tech-challenge-grupo-6/tech-challenge,,repo,,
tech-challenge-grupo-6/tech-challenge,,repo,,
tech-challenge-grupo-6/tech-challenge,,repo,,
tech-challenge-grupo-6/tech-challenge,,repo,,
tech-challenge-grupo-6/tech-challenge,,repo,,
tech-challenge-grupo-6/tech-challenge,,repo,,
tech-challenge-grupo-6/tech-challenge,,repo,,
tech-challenge-grupo-6/tech-challenge,,repo,,
tech-challenge-grupo-6/tech-challenge,,repo,,
tech-challenge-grupo-6/tech-challenge,,repo,,
tech-challenge-grupo-6/tech-challenge,,repo,,
tech-challenge-grupo-6/tech-challenge,,repo,,
tech-challenge-grupo-6/tech-challenge,,repo,,
tech-challenge-grupo-6/tech-challenge,,repo,,
tech-challenge-grupo-6/tech-challenge,,repo,,
tech-challenge-grupo-6/tech-challenge,,repo,,
tech-challenge-grupo-6/tech-challenge,,repo,,
tech-challenge-grupo-6/tech-challenge,,repo,,
tech-challenge-grupo-6/tech-challenge,,repo,,
tech-challenge-grupo-6/tech-challenge,,repo,,
tech-challenge-grupo-6/tech-challenge,,repo,,
tech-challenge-grupo-6/tech-challenge,,repo,,
tech-challenge-grupo-6/tech-challenge,,repo,,
tech-challenge-grupo-6/tech-challenge,,repo,,
tech-challenge-grupo-6/tech-challenge,,repo,,
tech-challenge-grupo-6/tech-challenge,,repo,,
tech-challenge-grupo-6/tech-challenge,,repo,,
tech-challenge-grupo-6/tech-challenge,,repo,,
tech-challenge-grupo-6/tech-challenge,,repo,,
tech-challenge-grupo-6/tech-challenge,,repo,,
tech-challenge-grupo-6/tech-challenge,,repo,,
tech-challenge-grupo-6/tech-challenge,,repo,,
tech-challenge-grupo-6/tech-challenge,,repo,,
tech-challenge-grupo-6/tech-challenge,,repo,,
tech-challenge-grupo-6/tech-challenge,,repo,,
tech-challenge-grupo-6/tech-challenge,,repo,,
tech-challenge-grupo-6/tech-challenge,,repo,,
tech-challenge-grupo-6/tech-challenge,,repo,,
tech-challenge-grupo-6/tech-challenge,,repo,,
tech-challenge-grupo-6/tech-challenge,,repo,,
tech-challenge-grupo-6/tech-challenge,,repo,,
tech-challenge-grupo-6/tech-challenge,,repo,,
tech-challenge-grupo-6/tech-challenge,,repo,,
tech-challenge-grupo-6/tech-challenge,,repo,,
tech-challenge-grupo-6/tech-challenge,,repo,,
tech-challenge-grupo-6/tech-challenge,,repo,,
tech-challenge-grupo-6/tech-challenge,,repo,,
tech-challenge-grupo-6/tech-challenge,,repo,,
tech-challenge-grupo-6/tech-challenge,,repo,,
tech-challenge-grupo-6/tech-challenge,,repo,,
tech-challenge-grupo-6/tech-challenge,,repo,,
tech-challenge-grupo-6/tech-challenge,,repo,,
tech-challenge-grupo-6/tech-challenge,,repo,,
tech-challenge-grupo-6/tech-challenge,,repo,,
tech-challenge-grupo-6/tech-challenge,,repo,,
tech-challenge-grupo-6/tech-challenge,,repo,,
tech-challenge-grupo-6/tech-challenge,,repo,,
tech-challenge-grupo-6/tech-challenge,,repo,,
tech-challenge-grupo-6/tech-challenge,,repo,,
tech-challenge-grupo-6/tech-challenge,,repo,,
tech-challenge-grupo-6/tech-challenge,,repo,,
tech-challenge-grupo-6/tech-challenge,,repo,,
tech-challenge-grupo-6/tech-challenge,,repo,,
tech-challenge-grupo-6/tech-challenge,,repo,,
tech-challenge-grupo-6/tech-challenge,,repo,,
tech-challenge-grupo-6/tech-challenge,,repo,,
tech-challenge-grupo-6/tech-challenge,,repo,,
tech-challenge-grupo-6/tech-challenge,,repo,,
tech-challenge-grupo-6/tech-challenge,,repo,,
tech-challenge-grupo-6/tech-challenge,,repo,,
tech-challenge-grupo-6/tech-challenge,,repo,,
tech-challenge-grupo-6/tech-challenge,,repo,,
tech-challenge-grupo-6/tech-challenge,,repo,,
tech-challenge-grupo-6/tech-challenge,,repo,,
tech-challenge-grupo-6/tech-challenge,,repo,,
tech-challenge-grupo-6/tech-challenge,,repo,,
tech-challenge-grupo-6/tech-challenge,,repo,,
tech-challenge-grupo-6/tech-challenge,,repo,,
tech-challenge-grupo-6/tech-challenge,,repo,,
tech-challenge-grupo-6/tech-challenge,,repo,,
tech-challenge-grupo-6/tech-challenge,,repo,,
tech-challenge-grupo-6/tech-challenge,,repo,,
tech-challenge-grupo-6/tech-challenge,,repo,,
tech-challenge-grupo-6/tech-challenge,,repo,,
tech-challenge-grupo-6/tech-challenge,,repo,,
tech-challenge-grupo-6/tech-challenge,,repo,,
tech-challenge-grupo-6/tech-challenge,kubernetes/deploy-pagamento.yml,hpa_file,,
tech-challenge-grupo-6/tech-challenge,kubernetes/deploy-pagamento.yml,hpa_file,,
